ISO-10303-21;
HEADER;
FILE_DESCRIPTION(('Open CASCADE Model'),'2;1');
FILE_NAME('Open CASCADE Shape Model','2026-09-18T16:48:06',('Author'),(
    'Open CASCADE'),'Open CASCADE STEP processor 8.0','Open CASCADE 8.0'
  ,'Unknown');
FILE_SCHEMA(('AUTOMOTIVE_DESIGN { 1 0 10303 214 1 1 1 1 }'));
ENDSEC;
DATA;
#1 = APPLICATION_PROTOCOL_DEFINITION('international standard',
  'automotive_design',2000,#2);
#2 = APPLICATION_CONTEXT(
  'core data for automotive mechanical design processes');
#3 = SHAPE_DEFINITION_REPRESENTATION(#4,#10);
#4 = PRODUCT_DEFINITION_SHAPE('','',#5);
#5 = PRODUCT_DEFINITION('design','',#6,#9);
#6 = PRODUCT_DEFINITION_FORMATION('','',#7);
#7 = PRODUCT('Open CASCADE STEP translator 8.0 1',
  'Open CASCADE STEP translator 8.0 1','',(#8));
#8 = PRODUCT_CONTEXT('',#2,'mechanical');
#9 = PRODUCT_DEFINITION_CONTEXT('part definition',#2,'design');
#10 = ADVANCED_BREP_SHAPE_REPRESENTATION('',(#11,#15),#8104);
#11 = AXIS2_PLACEMENT_3D('',#12,#13,#14);
#12 = CARTESIAN_POINT('',(0.,0.,0.));
#13 = DIRECTION('',(0.,0.,1.));
#14 = DIRECTION('',(1.,0.,-0.));
#15 = MANIFOLD_SOLID_BREP('',#16);
#16 = CLOSED_SHELL('',(#17,#105,#223,#954,#1027,#1095,#1100,#1150,#1333,
    #1383,#1437,#1592,#1641,#1695,#1745,#2139,#2549,#2579,#2727,#2756,
    #2949,#2973,#3002,#3541,#3565,#3589,#3599,#3664,#3740,#3820,#3869,
    #3983,#4077,#4104,#4178,#4254,#4334,#4383,#4430,#4457,#4484,#4491,
    #4539,#4598,#4647,#4706,#4734,#5032,#5091,#5124,#5197,#5278,#5306,
    #5361,#5410,#5493,#5543,#5550,#5605,#5612,#5661,#5710,#5759,#5808,
    #5835,#5862,#5911,#5960,#5987,#6040,#6093,#6100,#6127,#6134,#6141,
    #6148,#6155,#6182,#6229,#6235,#6262,#6317,#6499,#6548,#6597,#6710,
    #6765,#6820,#7291,#7349,#7355,#7382,#7409,#7444,#7451,#7498,#7525,
    #7552,#7559,#7594,#7649,#7684,#7739,#7794,#7849,#7884,#7939,#7974,
    #7978,#7982,#8037,#8041,#8096,#8100));
#17 = ADVANCED_FACE('',(#18),#32,.T.);
#18 = FACE_BOUND('',#19,.T.);
#19 = EDGE_LOOP('',(#20,#54,#83));
#20 = ORIENTED_EDGE('',*,*,#21,.F.);
#21 = EDGE_CURVE('',#22,#24,#26,.T.);
#22 = VERTEX_POINT('',#23);
#23 = CARTESIAN_POINT('',(146.65,-88.0615528128,25.));
#24 = VERTEX_POINT('',#25);
#25 = CARTESIAN_POINT('',(146.65,-83.93844718719,25.));
#26 = SURFACE_CURVE('',#27,(#31,#42),.PCURVE_S1.);
#27 = LINE('',#28,#29);
#28 = CARTESIAN_POINT('',(146.65,-194.5,25.));
#29 = VECTOR('',#30,1.);
#30 = DIRECTION('',(-0.,1.,0.));
#31 = PCURVE('',#32,#37);
#32 = PLANE('',#33);
#33 = AXIS2_PLACEMENT_3D('',#34,#35,#36);
#34 = CARTESIAN_POINT('',(84.5,-196.,25.));
#35 = DIRECTION('',(0.,0.,1.));
#36 = DIRECTION('',(1.,0.,-0.));
#37 = DEFINITIONAL_REPRESENTATION('',(#38),#41);
#38 = B_SPLINE_CURVE_WITH_KNOTS('',1,(#39,#40),.UNSPECIFIED.,.F.,.F.,(2,
    2),(1.5,112.5),.PIECEWISE_BEZIER_KNOTS.);
#39 = CARTESIAN_POINT('',(62.15,3.));
#40 = CARTESIAN_POINT('',(62.15,114.));
#41 = ( GEOMETRIC_REPRESENTATION_CONTEXT(2) 
PARAMETRIC_REPRESENTATION_CONTEXT() REPRESENTATION_CONTEXT('2D SPACE',''
  ) );
#42 = PCURVE('',#43,#48);
#43 = PLANE('',#44);
#44 = AXIS2_PLACEMENT_3D('',#45,#46,#47);
#45 = CARTESIAN_POINT('',(142.65,-86.,25.));
#46 = DIRECTION('',(0.,0.,1.));
#47 = DIRECTION('',(1.,0.,-0.));
#48 = DEFINITIONAL_REPRESENTATION('',(#49),#53);
#49 = LINE('',#50,#51);
#50 = CARTESIAN_POINT('',(4.,-108.5));
#51 = VECTOR('',#52,1.);
#52 = DIRECTION('',(0.,1.));
#53 = ( GEOMETRIC_REPRESENTATION_CONTEXT(2) 
PARAMETRIC_REPRESENTATION_CONTEXT() REPRESENTATION_CONTEXT('2D SPACE',''
  ) );
#54 = ORIENTED_EDGE('',*,*,#55,.T.);
#55 = EDGE_CURVE('',#22,#56,#58,.T.);
#56 = VERTEX_POINT('',#57);
#57 = CARTESIAN_POINT('',(147.15,-86.,25.));
#58 = SURFACE_CURVE('',#59,(#64,#71),.PCURVE_S1.);
#59 = CIRCLE('',#60,4.5);
#60 = AXIS2_PLACEMENT_3D('',#61,#62,#63);
#61 = CARTESIAN_POINT('',(142.65,-86.,25.));
#62 = DIRECTION('',(0.,0.,1.));
#63 = DIRECTION('',(1.,0.,-0.));
#64 = PCURVE('',#32,#65);
#65 = DEFINITIONAL_REPRESENTATION('',(#66),#70);
#66 = CIRCLE('',#67,4.5);
#67 = AXIS2_PLACEMENT_2D('',#68,#69);
#68 = CARTESIAN_POINT('',(58.15,110.));
#69 = DIRECTION('',(1.,0.));
#70 = ( GEOMETRIC_REPRESENTATION_CONTEXT(2) 
PARAMETRIC_REPRESENTATION_CONTEXT() REPRESENTATION_CONTEXT('2D SPACE',''
  ) );
#71 = PCURVE('',#72,#77);
#72 = PLANE('',#73);
#73 = AXIS2_PLACEMENT_3D('',#74,#75,#76);
#74 = CARTESIAN_POINT('',(84.5,-196.,25.));
#75 = DIRECTION('',(0.,0.,1.));
#76 = DIRECTION('',(1.,0.,-0.));
#77 = DEFINITIONAL_REPRESENTATION('',(#78),#82);
#78 = CIRCLE('',#79,4.5);
#79 = AXIS2_PLACEMENT_2D('',#80,#81);
#80 = CARTESIAN_POINT('',(58.15,110.));
#81 = DIRECTION('',(1.,0.));
#82 = ( GEOMETRIC_REPRESENTATION_CONTEXT(2) 
PARAMETRIC_REPRESENTATION_CONTEXT() REPRESENTATION_CONTEXT('2D SPACE',''
  ) );
#83 = ORIENTED_EDGE('',*,*,#84,.T.);
#84 = EDGE_CURVE('',#56,#24,#85,.T.);
#85 = SURFACE_CURVE('',#86,(#91,#98),.PCURVE_S1.);
#86 = CIRCLE('',#87,4.5);
#87 = AXIS2_PLACEMENT_3D('',#88,#89,#90);
#88 = CARTESIAN_POINT('',(142.65,-86.,25.));
#89 = DIRECTION('',(0.,0.,1.));
#90 = DIRECTION('',(1.,0.,-0.));
#91 = PCURVE('',#32,#92);
#92 = DEFINITIONAL_REPRESENTATION('',(#93),#97);
#93 = CIRCLE('',#94,4.5);
#94 = AXIS2_PLACEMENT_2D('',#95,#96);
#95 = CARTESIAN_POINT('',(58.15,110.));
#96 = DIRECTION('',(1.,0.));
#97 = ( GEOMETRIC_REPRESENTATION_CONTEXT(2) 
PARAMETRIC_REPRESENTATION_CONTEXT() REPRESENTATION_CONTEXT('2D SPACE',''
  ) );
#98 = PCURVE('',#72,#99);
#99 = DEFINITIONAL_REPRESENTATION('',(#100),#104);
#100 = CIRCLE('',#101,4.5);
#101 = AXIS2_PLACEMENT_2D('',#102,#103);
#102 = CARTESIAN_POINT('',(58.15,110.));
#103 = DIRECTION('',(1.,0.));
#104 = ( GEOMETRIC_REPRESENTATION_CONTEXT(2) 
PARAMETRIC_REPRESENTATION_CONTEXT() REPRESENTATION_CONTEXT('2D SPACE',''
  ) );
#105 = ADVANCED_FACE('',(#106,#192),#43,.T.);
#106 = FACE_BOUND('',#107,.T.);
#107 = EDGE_LOOP('',(#108,#109,#138,#165));
#108 = ORIENTED_EDGE('',*,*,#21,.T.);
#109 = ORIENTED_EDGE('',*,*,#110,.T.);
#110 = EDGE_CURVE('',#24,#111,#113,.T.);
#111 = VERTEX_POINT('',#112);
#112 = CARTESIAN_POINT('',(144.7115528128,-82.,25.));
#113 = SURFACE_CURVE('',#114,(#119,#126),.PCURVE_S1.);
#114 = CIRCLE('',#115,4.5);
#115 = AXIS2_PLACEMENT_3D('',#116,#117,#118);
#116 = CARTESIAN_POINT('',(142.65,-86.,25.));
#117 = DIRECTION('',(0.,0.,1.));
#118 = DIRECTION('',(1.,0.,-0.));
#119 = PCURVE('',#43,#120);
#120 = DEFINITIONAL_REPRESENTATION('',(#121),#125);
#121 = CIRCLE('',#122,4.5);
#122 = AXIS2_PLACEMENT_2D('',#123,#124);
#123 = CARTESIAN_POINT('',(0.,0.));
#124 = DIRECTION('',(1.,0.));
#125 = ( GEOMETRIC_REPRESENTATION_CONTEXT(2) 
PARAMETRIC_REPRESENTATION_CONTEXT() REPRESENTATION_CONTEXT('2D SPACE',''
  ) );
#126 = PCURVE('',#127,#132);
#127 = CYLINDRICAL_SURFACE('',#128,4.5);
#128 = AXIS2_PLACEMENT_3D('',#129,#130,#131);
#129 = CARTESIAN_POINT('',(142.65,-86.,15.));
#130 = DIRECTION('',(0.,0.,1.));
#131 = DIRECTION('',(1.,0.,-0.));
#132 = DEFINITIONAL_REPRESENTATION('',(#133),#137);
#133 = LINE('',#134,#135);
#134 = CARTESIAN_POINT('',(0.,10.));
#135 = VECTOR('',#136,1.);
#136 = DIRECTION('',(1.,0.));
#137 = ( GEOMETRIC_REPRESENTATION_CONTEXT(2) 
PARAMETRIC_REPRESENTATION_CONTEXT() REPRESENTATION_CONTEXT('2D SPACE',''
  ) );
#138 = ORIENTED_EDGE('',*,*,#139,.T.);
#139 = EDGE_CURVE('',#111,#140,#142,.T.);
#140 = VERTEX_POINT('',#141);
#141 = CARTESIAN_POINT('',(140.58844718719,-82.,25.));
#142 = SURFACE_CURVE('',#143,(#147,#154),.PCURVE_S1.);
#143 = LINE('',#144,#145);
#144 = CARTESIAN_POINT('',(86.,-82.,25.));
#145 = VECTOR('',#146,1.);
#146 = DIRECTION('',(-1.,-0.,0.));
#147 = PCURVE('',#43,#148);
#148 = DEFINITIONAL_REPRESENTATION('',(#149),#153);
#149 = LINE('',#150,#151);
#150 = CARTESIAN_POINT('',(-56.65,4.));
#151 = VECTOR('',#152,1.);
#152 = DIRECTION('',(-1.,0.));
#153 = ( GEOMETRIC_REPRESENTATION_CONTEXT(2) 
PARAMETRIC_REPRESENTATION_CONTEXT() REPRESENTATION_CONTEXT('2D SPACE',''
  ) );
#154 = PCURVE('',#155,#160);
#155 = PLANE('',#156);
#156 = AXIS2_PLACEMENT_3D('',#157,#158,#159);
#157 = CARTESIAN_POINT('',(84.5,-196.,25.));
#158 = DIRECTION('',(0.,0.,1.));
#159 = DIRECTION('',(1.,0.,-0.));
#160 = DEFINITIONAL_REPRESENTATION('',(#161),#164);
#161 = B_SPLINE_CURVE_WITH_KNOTS('',1,(#162,#163),.UNSPECIFIED.,.F.,.F.,
  (2,2),(-60.65,-1.5),.PIECEWISE_BEZIER_KNOTS.);
#162 = CARTESIAN_POINT('',(62.15,114.));
#163 = CARTESIAN_POINT('',(3.,114.));
#164 = ( GEOMETRIC_REPRESENTATION_CONTEXT(2) 
PARAMETRIC_REPRESENTATION_CONTEXT() REPRESENTATION_CONTEXT('2D SPACE',''
  ) );
#165 = ORIENTED_EDGE('',*,*,#166,.T.);
#166 = EDGE_CURVE('',#140,#22,#167,.T.);
#167 = SURFACE_CURVE('',#168,(#173,#180),.PCURVE_S1.);
#168 = CIRCLE('',#169,4.5);
#169 = AXIS2_PLACEMENT_3D('',#170,#171,#172);
#170 = CARTESIAN_POINT('',(142.65,-86.,25.));
#171 = DIRECTION('',(0.,0.,1.));
#172 = DIRECTION('',(1.,0.,-0.));
#173 = PCURVE('',#43,#174);
#174 = DEFINITIONAL_REPRESENTATION('',(#175),#179);
#175 = CIRCLE('',#176,4.5);
#176 = AXIS2_PLACEMENT_2D('',#177,#178);
#177 = CARTESIAN_POINT('',(0.,0.));
#178 = DIRECTION('',(1.,0.));
#179 = ( GEOMETRIC_REPRESENTATION_CONTEXT(2) 
PARAMETRIC_REPRESENTATION_CONTEXT() REPRESENTATION_CONTEXT('2D SPACE',''
  ) );
#180 = PCURVE('',#181,#186);
#181 = CYLINDRICAL_SURFACE('',#182,4.5);
#182 = AXIS2_PLACEMENT_3D('',#183,#184,#185);
#183 = CARTESIAN_POINT('',(142.65,-86.,15.));
#184 = DIRECTION('',(0.,0.,1.));
#185 = DIRECTION('',(1.,0.,-0.));
#186 = DEFINITIONAL_REPRESENTATION('',(#187),#191);
#187 = LINE('',#188,#189);
#188 = CARTESIAN_POINT('',(0.,10.));
#189 = VECTOR('',#190,1.);
#190 = DIRECTION('',(1.,0.));
#191 = ( GEOMETRIC_REPRESENTATION_CONTEXT(2) 
PARAMETRIC_REPRESENTATION_CONTEXT() REPRESENTATION_CONTEXT('2D SPACE',''
  ) );
#192 = FACE_BOUND('',#193,.T.);
#193 = EDGE_LOOP('',(#194));
#194 = ORIENTED_EDGE('',*,*,#195,.F.);
#195 = EDGE_CURVE('',#196,#196,#198,.T.);
#196 = VERTEX_POINT('',#197);
#197 = CARTESIAN_POINT('',(143.9,-86.,25.));
#198 = SURFACE_CURVE('',#199,(#204,#211),.PCURVE_S1.);
#199 = CIRCLE('',#200,1.25);
#200 = AXIS2_PLACEMENT_3D('',#201,#202,#203);
#201 = CARTESIAN_POINT('',(142.65,-86.,25.));
#202 = DIRECTION('',(0.,0.,1.));
#203 = DIRECTION('',(1.,0.,-0.));
#204 = PCURVE('',#43,#205);
#205 = DEFINITIONAL_REPRESENTATION('',(#206),#210);
#206 = CIRCLE('',#207,1.25);
#207 = AXIS2_PLACEMENT_2D('',#208,#209);
#208 = CARTESIAN_POINT('',(0.,0.));
#209 = DIRECTION('',(1.,0.));
#210 = ( GEOMETRIC_REPRESENTATION_CONTEXT(2) 
PARAMETRIC_REPRESENTATION_CONTEXT() REPRESENTATION_CONTEXT('2D SPACE',''
  ) );
#211 = PCURVE('',#212,#217);
#212 = CYLINDRICAL_SURFACE('',#213,1.25);
#213 = AXIS2_PLACEMENT_3D('',#214,#215,#216);
#214 = CARTESIAN_POINT('',(142.65,-86.,14.99));
#215 = DIRECTION('',(0.,0.,1.));
#216 = DIRECTION('',(1.,0.,-0.));
#217 = DEFINITIONAL_REPRESENTATION('',(#218),#222);
#218 = LINE('',#219,#220);
#219 = CARTESIAN_POINT('',(0.,10.01));
#220 = VECTOR('',#221,1.);
#221 = DIRECTION('',(1.,0.));
#222 = ( GEOMETRIC_REPRESENTATION_CONTEXT(2) 
PARAMETRIC_REPRESENTATION_CONTEXT() REPRESENTATION_CONTEXT('2D SPACE',''
  ) );
#223 = ADVANCED_FACE('',(#224,#462),#72,.T.);
#224 = FACE_BOUND('',#225,.T.);
#225 = EDGE_LOOP('',(#226,#256,#285,#313,#346,#374,#403,#431));
#226 = ORIENTED_EDGE('',*,*,#227,.F.);
#227 = EDGE_CURVE('',#228,#230,#232,.T.);
#228 = VERTEX_POINT('',#229);
#229 = CARTESIAN_POINT('',(84.5,-193.,25.));
#230 = VERTEX_POINT('',#231);
#231 = CARTESIAN_POINT('',(84.5,-82.,25.));
#232 = SURFACE_CURVE('',#233,(#237,#244),.PCURVE_S1.);
#233 = LINE('',#234,#235);
#234 = CARTESIAN_POINT('',(84.5,-196.,25.));
#235 = VECTOR('',#236,1.);
#236 = DIRECTION('',(-0.,1.,0.));
#237 = PCURVE('',#72,#238);
#238 = DEFINITIONAL_REPRESENTATION('',(#239),#243);
#239 = LINE('',#240,#241);
#240 = CARTESIAN_POINT('',(0.,0.));
#241 = VECTOR('',#242,1.);
#242 = DIRECTION('',(0.,1.));
#243 = ( GEOMETRIC_REPRESENTATION_CONTEXT(2) 
PARAMETRIC_REPRESENTATION_CONTEXT() REPRESENTATION_CONTEXT('2D SPACE',''
  ) );
#244 = PCURVE('',#245,#250);
#245 = PLANE('',#246);
#246 = AXIS2_PLACEMENT_3D('',#247,#248,#249);
#247 = CARTESIAN_POINT('',(84.5,-196.,-11.9));
#248 = DIRECTION('',(1.,0.,-0.));
#249 = DIRECTION('',(0.,0.,1.));
#250 = DEFINITIONAL_REPRESENTATION('',(#251),#255);
#251 = LINE('',#252,#253);
#252 = CARTESIAN_POINT('',(36.9,0.));
#253 = VECTOR('',#254,1.);
#254 = DIRECTION('',(0.,-1.));
#255 = ( GEOMETRIC_REPRESENTATION_CONTEXT(2) 
PARAMETRIC_REPRESENTATION_CONTEXT() REPRESENTATION_CONTEXT('2D SPACE',''
  ) );
#256 = ORIENTED_EDGE('',*,*,#257,.T.);
#257 = EDGE_CURVE('',#228,#258,#260,.T.);
#258 = VERTEX_POINT('',#259);
#259 = CARTESIAN_POINT('',(87.5,-196.,25.));
#260 = SURFACE_CURVE('',#261,(#266,#273),.PCURVE_S1.);
#261 = CIRCLE('',#262,3.);
#262 = AXIS2_PLACEMENT_3D('',#263,#264,#265);
#263 = CARTESIAN_POINT('',(87.5,-193.,25.));
#264 = DIRECTION('',(0.,0.,1.));
#265 = DIRECTION('',(0.,-1.,0.));
#266 = PCURVE('',#72,#267);
#267 = DEFINITIONAL_REPRESENTATION('',(#268),#272);
#268 = CIRCLE('',#269,3.);
#269 = AXIS2_PLACEMENT_2D('',#270,#271);
#270 = CARTESIAN_POINT('',(3.,3.));
#271 = DIRECTION('',(0.,-1.));
#272 = ( GEOMETRIC_REPRESENTATION_CONTEXT(2) 
PARAMETRIC_REPRESENTATION_CONTEXT() REPRESENTATION_CONTEXT('2D SPACE',''
  ) );
#273 = PCURVE('',#274,#279);
#274 = CYLINDRICAL_SURFACE('',#275,3.);
#275 = AXIS2_PLACEMENT_3D('',#276,#277,#278);
#276 = CARTESIAN_POINT('',(87.5,-193.,-11.9));
#277 = DIRECTION('',(0.,0.,1.));
#278 = DIRECTION('',(-1.,-0.,0.));
#279 = DEFINITIONAL_REPRESENTATION('',(#280),#284);
#280 = LINE('',#281,#282);
#281 = CARTESIAN_POINT('',(-4.712388980385,36.9));
#282 = VECTOR('',#283,1.);
#283 = DIRECTION('',(1.,0.));
#284 = ( GEOMETRIC_REPRESENTATION_CONTEXT(2) 
PARAMETRIC_REPRESENTATION_CONTEXT() REPRESENTATION_CONTEXT('2D SPACE',''
  ) );
#285 = ORIENTED_EDGE('',*,*,#286,.T.);
#286 = EDGE_CURVE('',#258,#287,#289,.T.);
#287 = VERTEX_POINT('',#288);
#288 = CARTESIAN_POINT('',(146.65,-196.,25.));
#289 = SURFACE_CURVE('',#290,(#294,#301),.PCURVE_S1.);
#290 = LINE('',#291,#292);
#291 = CARTESIAN_POINT('',(84.5,-196.,25.));
#292 = VECTOR('',#293,1.);
#293 = DIRECTION('',(1.,0.,-0.));
#294 = PCURVE('',#72,#295);
#295 = DEFINITIONAL_REPRESENTATION('',(#296),#300);
#296 = LINE('',#297,#298);
#297 = CARTESIAN_POINT('',(0.,0.));
#298 = VECTOR('',#299,1.);
#299 = DIRECTION('',(1.,0.));
#300 = ( GEOMETRIC_REPRESENTATION_CONTEXT(2) 
PARAMETRIC_REPRESENTATION_CONTEXT() REPRESENTATION_CONTEXT('2D SPACE',''
  ) );
#301 = PCURVE('',#302,#307);
#302 = PLANE('',#303);
#303 = AXIS2_PLACEMENT_3D('',#304,#305,#306);
#304 = CARTESIAN_POINT('',(84.5,-196.,-11.9));
#305 = DIRECTION('',(-0.,1.,0.));
#306 = DIRECTION('',(0.,0.,1.));
#307 = DEFINITIONAL_REPRESENTATION('',(#308),#312);
#308 = LINE('',#309,#310);
#309 = CARTESIAN_POINT('',(36.9,0.));
#310 = VECTOR('',#311,1.);
#311 = DIRECTION('',(0.,1.));
#312 = ( GEOMETRIC_REPRESENTATION_CONTEXT(2) 
PARAMETRIC_REPRESENTATION_CONTEXT() REPRESENTATION_CONTEXT('2D SPACE',''
  ) );
#313 = ORIENTED_EDGE('',*,*,#314,.F.);
#314 = EDGE_CURVE('',#315,#287,#317,.T.);
#315 = VERTEX_POINT('',#316);
#316 = CARTESIAN_POINT('',(149.65,-193.,25.));
#317 = SURFACE_CURVE('',#318,(#323,#334),.PCURVE_S1.);
#318 = CIRCLE('',#319,3.);
#319 = AXIS2_PLACEMENT_3D('',#320,#321,#322);
#320 = CARTESIAN_POINT('',(146.65,-193.,25.));
#321 = DIRECTION('',(-0.,-0.,-1.));
#322 = DIRECTION('',(0.,-1.,0.));
#323 = PCURVE('',#72,#324);
#324 = DEFINITIONAL_REPRESENTATION('',(#325),#333);
#325 = ( BOUNDED_CURVE() B_SPLINE_CURVE(2,(#326,#327,#328,#329,#330,#331
,#332),.UNSPECIFIED.,.T.,.F.) B_SPLINE_CURVE_WITH_KNOTS((1,2,2,2,2,1),(
    -2.094395102393,0.,2.094395102393,4.188790204786,6.28318530718,
8.377580409573),.UNSPECIFIED.) CURVE() GEOMETRIC_REPRESENTATION_ITEM() 
RATIONAL_B_SPLINE_CURVE((1.,0.5,1.,0.5,1.,0.5,1.)) REPRESENTATION_ITEM(
  '') );
#326 = CARTESIAN_POINT('',(62.15,0.));
#327 = CARTESIAN_POINT('',(56.953847577293,0.));
#328 = CARTESIAN_POINT('',(59.551923788647,4.5));
#329 = CARTESIAN_POINT('',(62.15,9.));
#330 = CARTESIAN_POINT('',(64.748076211353,4.5));
#331 = CARTESIAN_POINT('',(67.346152422707,4.440892098501E-15));
#332 = CARTESIAN_POINT('',(62.15,0.));
#333 = ( GEOMETRIC_REPRESENTATION_CONTEXT(2) 
PARAMETRIC_REPRESENTATION_CONTEXT() REPRESENTATION_CONTEXT('2D SPACE',''
  ) );
#334 = PCURVE('',#335,#340);
#335 = CYLINDRICAL_SURFACE('',#336,3.);
#336 = AXIS2_PLACEMENT_3D('',#337,#338,#339);
#337 = CARTESIAN_POINT('',(146.65,-193.,-11.9));
#338 = DIRECTION('',(0.,0.,1.));
#339 = DIRECTION('',(1.,0.,-0.));
#340 = DEFINITIONAL_REPRESENTATION('',(#341),#345);
#341 = LINE('',#342,#343);
#342 = CARTESIAN_POINT('',(4.712388980385,36.9));
#343 = VECTOR('',#344,1.);
#344 = DIRECTION('',(-1.,0.));
#345 = ( GEOMETRIC_REPRESENTATION_CONTEXT(2) 
PARAMETRIC_REPRESENTATION_CONTEXT() REPRESENTATION_CONTEXT('2D SPACE',''
  ) );
#346 = ORIENTED_EDGE('',*,*,#347,.T.);
#347 = EDGE_CURVE('',#315,#348,#350,.T.);
#348 = VERTEX_POINT('',#349);
#349 = CARTESIAN_POINT('',(149.65,-82.,25.));
#350 = SURFACE_CURVE('',#351,(#355,#362),.PCURVE_S1.);
#351 = LINE('',#352,#353);
#352 = CARTESIAN_POINT('',(149.65,-196.,25.));
#353 = VECTOR('',#354,1.);
#354 = DIRECTION('',(-0.,1.,0.));
#355 = PCURVE('',#72,#356);
#356 = DEFINITIONAL_REPRESENTATION('',(#357),#361);
#357 = LINE('',#358,#359);
#358 = CARTESIAN_POINT('',(65.15,0.));
#359 = VECTOR('',#360,1.);
#360 = DIRECTION('',(0.,1.));
#361 = ( GEOMETRIC_REPRESENTATION_CONTEXT(2) 
PARAMETRIC_REPRESENTATION_CONTEXT() REPRESENTATION_CONTEXT('2D SPACE',''
  ) );
#362 = PCURVE('',#363,#368);
#363 = PLANE('',#364);
#364 = AXIS2_PLACEMENT_3D('',#365,#366,#367);
#365 = CARTESIAN_POINT('',(149.65,-196.,-11.9));
#366 = DIRECTION('',(1.,0.,-0.));
#367 = DIRECTION('',(0.,0.,1.));
#368 = DEFINITIONAL_REPRESENTATION('',(#369),#373);
#369 = LINE('',#370,#371);
#370 = CARTESIAN_POINT('',(36.9,0.));
#371 = VECTOR('',#372,1.);
#372 = DIRECTION('',(0.,-1.));
#373 = ( GEOMETRIC_REPRESENTATION_CONTEXT(2) 
PARAMETRIC_REPRESENTATION_CONTEXT() REPRESENTATION_CONTEXT('2D SPACE',''
  ) );
#374 = ORIENTED_EDGE('',*,*,#375,.T.);
#375 = EDGE_CURVE('',#348,#376,#378,.T.);
#376 = VERTEX_POINT('',#377);
#377 = CARTESIAN_POINT('',(146.65,-79.,25.));
#378 = SURFACE_CURVE('',#379,(#384,#391),.PCURVE_S1.);
#379 = CIRCLE('',#380,3.);
#380 = AXIS2_PLACEMENT_3D('',#381,#382,#383);
#381 = CARTESIAN_POINT('',(146.65,-82.,25.));
#382 = DIRECTION('',(0.,0.,1.));
#383 = DIRECTION('',(0.,-1.,0.));
#384 = PCURVE('',#72,#385);
#385 = DEFINITIONAL_REPRESENTATION('',(#386),#390);
#386 = CIRCLE('',#387,3.);
#387 = AXIS2_PLACEMENT_2D('',#388,#389);
#388 = CARTESIAN_POINT('',(62.15,114.));
#389 = DIRECTION('',(0.,-1.));
#390 = ( GEOMETRIC_REPRESENTATION_CONTEXT(2) 
PARAMETRIC_REPRESENTATION_CONTEXT() REPRESENTATION_CONTEXT('2D SPACE',''
  ) );
#391 = PCURVE('',#392,#397);
#392 = CYLINDRICAL_SURFACE('',#393,3.);
#393 = AXIS2_PLACEMENT_3D('',#394,#395,#396);
#394 = CARTESIAN_POINT('',(146.65,-82.,-11.9));
#395 = DIRECTION('',(0.,0.,1.));
#396 = DIRECTION('',(1.,0.,-0.));
#397 = DEFINITIONAL_REPRESENTATION('',(#398),#402);
#398 = LINE('',#399,#400);
#399 = CARTESIAN_POINT('',(-1.570796326795,36.9));
#400 = VECTOR('',#401,1.);
#401 = DIRECTION('',(1.,0.));
#402 = ( GEOMETRIC_REPRESENTATION_CONTEXT(2) 
PARAMETRIC_REPRESENTATION_CONTEXT() REPRESENTATION_CONTEXT('2D SPACE',''
  ) );
#403 = ORIENTED_EDGE('',*,*,#404,.F.);
#404 = EDGE_CURVE('',#405,#376,#407,.T.);
#405 = VERTEX_POINT('',#406);
#406 = CARTESIAN_POINT('',(87.5,-79.,25.));
#407 = SURFACE_CURVE('',#408,(#412,#419),.PCURVE_S1.);
#408 = LINE('',#409,#410);
#409 = CARTESIAN_POINT('',(84.5,-79.,25.));
#410 = VECTOR('',#411,1.);
#411 = DIRECTION('',(1.,0.,-0.));
#412 = PCURVE('',#72,#413);
#413 = DEFINITIONAL_REPRESENTATION('',(#414),#418);
#414 = LINE('',#415,#416);
#415 = CARTESIAN_POINT('',(0.,117.));
#416 = VECTOR('',#417,1.);
#417 = DIRECTION('',(1.,0.));
#418 = ( GEOMETRIC_REPRESENTATION_CONTEXT(2) 
PARAMETRIC_REPRESENTATION_CONTEXT() REPRESENTATION_CONTEXT('2D SPACE',''
  ) );
#419 = PCURVE('',#420,#425);
#420 = PLANE('',#421);
#421 = AXIS2_PLACEMENT_3D('',#422,#423,#424);
#422 = CARTESIAN_POINT('',(84.5,-79.,-11.9));
#423 = DIRECTION('',(-0.,1.,0.));
#424 = DIRECTION('',(0.,0.,1.));
#425 = DEFINITIONAL_REPRESENTATION('',(#426),#430);
#426 = LINE('',#427,#428);
#427 = CARTESIAN_POINT('',(36.9,0.));
#428 = VECTOR('',#429,1.);
#429 = DIRECTION('',(0.,1.));
#430 = ( GEOMETRIC_REPRESENTATION_CONTEXT(2) 
PARAMETRIC_REPRESENTATION_CONTEXT() REPRESENTATION_CONTEXT('2D SPACE',''
  ) );
#431 = ORIENTED_EDGE('',*,*,#432,.F.);
#432 = EDGE_CURVE('',#230,#405,#433,.T.);
#433 = SURFACE_CURVE('',#434,(#439,#450),.PCURVE_S1.);
#434 = CIRCLE('',#435,3.);
#435 = AXIS2_PLACEMENT_3D('',#436,#437,#438);
#436 = CARTESIAN_POINT('',(87.5,-82.,25.));
#437 = DIRECTION('',(-0.,-0.,-1.));
#438 = DIRECTION('',(0.,-1.,0.));
#439 = PCURVE('',#72,#440);
#440 = DEFINITIONAL_REPRESENTATION('',(#441),#449);
#441 = ( BOUNDED_CURVE() B_SPLINE_CURVE(2,(#442,#443,#444,#445,#446,#447
,#448),.UNSPECIFIED.,.T.,.F.) B_SPLINE_CURVE_WITH_KNOTS((1,2,2,2,2,1),(
    -2.094395102393,0.,2.094395102393,4.188790204786,6.28318530718,
8.377580409573),.UNSPECIFIED.) CURVE() GEOMETRIC_REPRESENTATION_ITEM() 
RATIONAL_B_SPLINE_CURVE((1.,0.5,1.,0.5,1.,0.5,1.)) REPRESENTATION_ITEM(
  '') );
#442 = CARTESIAN_POINT('',(3.,111.));
#443 = CARTESIAN_POINT('',(-2.196152422707,111.));
#444 = CARTESIAN_POINT('',(0.401923788647,115.5));
#445 = CARTESIAN_POINT('',(3.,120.));
#446 = CARTESIAN_POINT('',(5.598076211353,115.5));
#447 = CARTESIAN_POINT('',(8.196152422707,111.));
#448 = CARTESIAN_POINT('',(3.,111.));
#449 = ( GEOMETRIC_REPRESENTATION_CONTEXT(2) 
PARAMETRIC_REPRESENTATION_CONTEXT() REPRESENTATION_CONTEXT('2D SPACE',''
  ) );
#450 = PCURVE('',#451,#456);
#451 = CYLINDRICAL_SURFACE('',#452,3.);
#452 = AXIS2_PLACEMENT_3D('',#453,#454,#455);
#453 = CARTESIAN_POINT('',(87.5,-82.,-11.9));
#454 = DIRECTION('',(0.,0.,1.));
#455 = DIRECTION('',(-1.,-0.,0.));
#456 = DEFINITIONAL_REPRESENTATION('',(#457),#461);
#457 = LINE('',#458,#459);
#458 = CARTESIAN_POINT('',(1.570796326795,36.9));
#459 = VECTOR('',#460,1.);
#460 = DIRECTION('',(-1.,0.));
#461 = ( GEOMETRIC_REPRESENTATION_CONTEXT(2) 
PARAMETRIC_REPRESENTATION_CONTEXT() REPRESENTATION_CONTEXT('2D SPACE',''
  ) );
#462 = FACE_BOUND('',#463,.T.);
#463 = EDGE_LOOP('',(#464,#492,#518,#547,#568,#597,#618,#644,#673,#694,
    #723,#744,#770,#799,#818,#840,#861,#880,#881,#882,#903,#932));
#464 = ORIENTED_EDGE('',*,*,#465,.F.);
#465 = EDGE_CURVE('',#466,#468,#470,.T.);
#466 = VERTEX_POINT('',#467);
#467 = CARTESIAN_POINT('',(146.65,-193.,25.));
#468 = VERTEX_POINT('',#469);
#469 = CARTESIAN_POINT('',(146.65,-191.0615528128,25.));
#470 = SURFACE_CURVE('',#471,(#475,#481),.PCURVE_S1.);
#471 = LINE('',#472,#473);
#472 = CARTESIAN_POINT('',(146.65,-194.5,25.));
#473 = VECTOR('',#474,1.);
#474 = DIRECTION('',(-0.,1.,0.));
#475 = PCURVE('',#72,#476);
#476 = DEFINITIONAL_REPRESENTATION('',(#477),#480);
#477 = B_SPLINE_CURVE_WITH_KNOTS('',1,(#478,#479),.UNSPECIFIED.,.F.,.F.,
  (2,2),(1.5,112.5),.PIECEWISE_BEZIER_KNOTS.);
#478 = CARTESIAN_POINT('',(62.15,3.));
#479 = CARTESIAN_POINT('',(62.15,114.));
#480 = ( GEOMETRIC_REPRESENTATION_CONTEXT(2) 
PARAMETRIC_REPRESENTATION_CONTEXT() REPRESENTATION_CONTEXT('2D SPACE',''
  ) );
#481 = PCURVE('',#482,#487);
#482 = PLANE('',#483);
#483 = AXIS2_PLACEMENT_3D('',#484,#485,#486);
#484 = CARTESIAN_POINT('',(146.65,-193.,-9.5));
#485 = DIRECTION('',(1.,0.,-0.));
#486 = DIRECTION('',(0.,0.,1.));
#487 = DEFINITIONAL_REPRESENTATION('',(#488),#491);
#488 = B_SPLINE_CURVE_WITH_KNOTS('',1,(#489,#490),.UNSPECIFIED.,.F.,.F.,
  (2,2),(1.5,112.5),.PIECEWISE_BEZIER_KNOTS.);
#489 = CARTESIAN_POINT('',(34.5,0.));
#490 = CARTESIAN_POINT('',(34.5,-111.));
#491 = ( GEOMETRIC_REPRESENTATION_CONTEXT(2) 
PARAMETRIC_REPRESENTATION_CONTEXT() REPRESENTATION_CONTEXT('2D SPACE',''
  ) );
#492 = ORIENTED_EDGE('',*,*,#493,.T.);
#493 = EDGE_CURVE('',#466,#494,#496,.T.);
#494 = VERTEX_POINT('',#495);
#495 = CARTESIAN_POINT('',(144.7115528128,-193.,25.));
#496 = SURFACE_CURVE('',#497,(#501,#507),.PCURVE_S1.);
#497 = LINE('',#498,#499);
#498 = CARTESIAN_POINT('',(86.,-193.,25.));
#499 = VECTOR('',#500,1.);
#500 = DIRECTION('',(-1.,-0.,0.));
#501 = PCURVE('',#72,#502);
#502 = DEFINITIONAL_REPRESENTATION('',(#503),#506);
#503 = B_SPLINE_CURVE_WITH_KNOTS('',1,(#504,#505),.UNSPECIFIED.,.F.,.F.,
  (2,2),(-60.65,-1.5),.PIECEWISE_BEZIER_KNOTS.);
#504 = CARTESIAN_POINT('',(62.15,3.));
#505 = CARTESIAN_POINT('',(3.,3.));
#506 = ( GEOMETRIC_REPRESENTATION_CONTEXT(2) 
PARAMETRIC_REPRESENTATION_CONTEXT() REPRESENTATION_CONTEXT('2D SPACE',''
  ) );
#507 = PCURVE('',#508,#513);
#508 = PLANE('',#509);
#509 = AXIS2_PLACEMENT_3D('',#510,#511,#512);
#510 = CARTESIAN_POINT('',(87.5,-193.,-9.5));
#511 = DIRECTION('',(-0.,1.,0.));
#512 = DIRECTION('',(0.,0.,1.));
#513 = DEFINITIONAL_REPRESENTATION('',(#514),#517);
#514 = B_SPLINE_CURVE_WITH_KNOTS('',1,(#515,#516),.UNSPECIFIED.,.F.,.F.,
  (2,2),(-60.65,-1.5),.PIECEWISE_BEZIER_KNOTS.);
#515 = CARTESIAN_POINT('',(34.5,59.15));
#516 = CARTESIAN_POINT('',(34.5,0.));
#517 = ( GEOMETRIC_REPRESENTATION_CONTEXT(2) 
PARAMETRIC_REPRESENTATION_CONTEXT() REPRESENTATION_CONTEXT('2D SPACE',''
  ) );
#518 = ORIENTED_EDGE('',*,*,#519,.F.);
#519 = EDGE_CURVE('',#520,#494,#522,.T.);
#520 = VERTEX_POINT('',#521);
#521 = CARTESIAN_POINT('',(140.58844718719,-193.,25.));
#522 = SURFACE_CURVE('',#523,(#528,#535),.PCURVE_S1.);
#523 = CIRCLE('',#524,4.5);
#524 = AXIS2_PLACEMENT_3D('',#525,#526,#527);
#525 = CARTESIAN_POINT('',(142.65,-189.,25.));
#526 = DIRECTION('',(0.,0.,1.));
#527 = DIRECTION('',(1.,0.,-0.));
#528 = PCURVE('',#72,#529);
#529 = DEFINITIONAL_REPRESENTATION('',(#530),#534);
#530 = CIRCLE('',#531,4.5);
#531 = AXIS2_PLACEMENT_2D('',#532,#533);
#532 = CARTESIAN_POINT('',(58.15,7.));
#533 = DIRECTION('',(1.,0.));
#534 = ( GEOMETRIC_REPRESENTATION_CONTEXT(2) 
PARAMETRIC_REPRESENTATION_CONTEXT() REPRESENTATION_CONTEXT('2D SPACE',''
  ) );
#535 = PCURVE('',#536,#541);
#536 = PLANE('',#537);
#537 = AXIS2_PLACEMENT_3D('',#538,#539,#540);
#538 = CARTESIAN_POINT('',(84.5,-196.,25.));
#539 = DIRECTION('',(0.,0.,1.));
#540 = DIRECTION('',(1.,0.,-0.));
#541 = DEFINITIONAL_REPRESENTATION('',(#542),#546);
#542 = CIRCLE('',#543,4.5);
#543 = AXIS2_PLACEMENT_2D('',#544,#545);
#544 = CARTESIAN_POINT('',(58.15,7.));
#545 = DIRECTION('',(1.,0.));
#546 = ( GEOMETRIC_REPRESENTATION_CONTEXT(2) 
PARAMETRIC_REPRESENTATION_CONTEXT() REPRESENTATION_CONTEXT('2D SPACE',''
  ) );
#547 = ORIENTED_EDGE('',*,*,#548,.T.);
#548 = EDGE_CURVE('',#520,#549,#551,.T.);
#549 = VERTEX_POINT('',#550);
#550 = CARTESIAN_POINT('',(93.561552812809,-193.,25.));
#551 = SURFACE_CURVE('',#552,(#556,#562),.PCURVE_S1.);
#552 = LINE('',#553,#554);
#553 = CARTESIAN_POINT('',(86.,-193.,25.));
#554 = VECTOR('',#555,1.);
#555 = DIRECTION('',(-1.,-0.,0.));
#556 = PCURVE('',#72,#557);
#557 = DEFINITIONAL_REPRESENTATION('',(#558),#561);
#558 = B_SPLINE_CURVE_WITH_KNOTS('',1,(#559,#560),.UNSPECIFIED.,.F.,.F.,
  (2,2),(-60.65,-1.5),.PIECEWISE_BEZIER_KNOTS.);
#559 = CARTESIAN_POINT('',(62.15,3.));
#560 = CARTESIAN_POINT('',(3.,3.));
#561 = ( GEOMETRIC_REPRESENTATION_CONTEXT(2) 
PARAMETRIC_REPRESENTATION_CONTEXT() REPRESENTATION_CONTEXT('2D SPACE',''
  ) );
#562 = PCURVE('',#508,#563);
#563 = DEFINITIONAL_REPRESENTATION('',(#564),#567);
#564 = B_SPLINE_CURVE_WITH_KNOTS('',1,(#565,#566),.UNSPECIFIED.,.F.,.F.,
  (2,2),(-60.65,-1.5),.PIECEWISE_BEZIER_KNOTS.);
#565 = CARTESIAN_POINT('',(34.5,59.15));
#566 = CARTESIAN_POINT('',(34.5,0.));
#567 = ( GEOMETRIC_REPRESENTATION_CONTEXT(2) 
PARAMETRIC_REPRESENTATION_CONTEXT() REPRESENTATION_CONTEXT('2D SPACE',''
  ) );
#568 = ORIENTED_EDGE('',*,*,#569,.F.);
#569 = EDGE_CURVE('',#570,#549,#572,.T.);
#570 = VERTEX_POINT('',#571);
#571 = CARTESIAN_POINT('',(89.438447187191,-193.,25.));
#572 = SURFACE_CURVE('',#573,(#578,#585),.PCURVE_S1.);
#573 = CIRCLE('',#574,4.5);
#574 = AXIS2_PLACEMENT_3D('',#575,#576,#577);
#575 = CARTESIAN_POINT('',(91.5,-189.,25.));
#576 = DIRECTION('',(0.,0.,1.));
#577 = DIRECTION('',(1.,0.,-0.));
#578 = PCURVE('',#72,#579);
#579 = DEFINITIONAL_REPRESENTATION('',(#580),#584);
#580 = CIRCLE('',#581,4.5);
#581 = AXIS2_PLACEMENT_2D('',#582,#583);
#582 = CARTESIAN_POINT('',(7.,7.));
#583 = DIRECTION('',(1.,0.));
#584 = ( GEOMETRIC_REPRESENTATION_CONTEXT(2) 
PARAMETRIC_REPRESENTATION_CONTEXT() REPRESENTATION_CONTEXT('2D SPACE',''
  ) );
#585 = PCURVE('',#586,#591);
#586 = PLANE('',#587);
#587 = AXIS2_PLACEMENT_3D('',#588,#589,#590);
#588 = CARTESIAN_POINT('',(84.5,-196.,25.));
#589 = DIRECTION('',(0.,0.,1.));
#590 = DIRECTION('',(1.,0.,-0.));
#591 = DEFINITIONAL_REPRESENTATION('',(#592),#596);
#592 = CIRCLE('',#593,4.5);
#593 = AXIS2_PLACEMENT_2D('',#594,#595);
#594 = CARTESIAN_POINT('',(7.,7.));
#595 = DIRECTION('',(1.,0.));
#596 = ( GEOMETRIC_REPRESENTATION_CONTEXT(2) 
PARAMETRIC_REPRESENTATION_CONTEXT() REPRESENTATION_CONTEXT('2D SPACE',''
  ) );
#597 = ORIENTED_EDGE('',*,*,#598,.T.);
#598 = EDGE_CURVE('',#570,#599,#601,.T.);
#599 = VERTEX_POINT('',#600);
#600 = CARTESIAN_POINT('',(87.5,-193.,25.));
#601 = SURFACE_CURVE('',#602,(#606,#612),.PCURVE_S1.);
#602 = LINE('',#603,#604);
#603 = CARTESIAN_POINT('',(86.,-193.,25.));
#604 = VECTOR('',#605,1.);
#605 = DIRECTION('',(-1.,-0.,0.));
#606 = PCURVE('',#72,#607);
#607 = DEFINITIONAL_REPRESENTATION('',(#608),#611);
#608 = B_SPLINE_CURVE_WITH_KNOTS('',1,(#609,#610),.UNSPECIFIED.,.F.,.F.,
  (2,2),(-60.65,-1.5),.PIECEWISE_BEZIER_KNOTS.);
#609 = CARTESIAN_POINT('',(62.15,3.));
#610 = CARTESIAN_POINT('',(3.,3.));
#611 = ( GEOMETRIC_REPRESENTATION_CONTEXT(2) 
PARAMETRIC_REPRESENTATION_CONTEXT() REPRESENTATION_CONTEXT('2D SPACE',''
  ) );
#612 = PCURVE('',#508,#613);
#613 = DEFINITIONAL_REPRESENTATION('',(#614),#617);
#614 = B_SPLINE_CURVE_WITH_KNOTS('',1,(#615,#616),.UNSPECIFIED.,.F.,.F.,
  (2,2),(-60.65,-1.5),.PIECEWISE_BEZIER_KNOTS.);
#615 = CARTESIAN_POINT('',(34.5,59.15));
#616 = CARTESIAN_POINT('',(34.5,0.));
#617 = ( GEOMETRIC_REPRESENTATION_CONTEXT(2) 
PARAMETRIC_REPRESENTATION_CONTEXT() REPRESENTATION_CONTEXT('2D SPACE',''
  ) );
#618 = ORIENTED_EDGE('',*,*,#619,.T.);
#619 = EDGE_CURVE('',#599,#620,#622,.T.);
#620 = VERTEX_POINT('',#621);
#621 = CARTESIAN_POINT('',(87.5,-191.0615528128,25.));
#622 = SURFACE_CURVE('',#623,(#627,#633),.PCURVE_S1.);
#623 = LINE('',#624,#625);
#624 = CARTESIAN_POINT('',(87.5,-194.5,25.));
#625 = VECTOR('',#626,1.);
#626 = DIRECTION('',(-0.,1.,0.));
#627 = PCURVE('',#72,#628);
#628 = DEFINITIONAL_REPRESENTATION('',(#629),#632);
#629 = B_SPLINE_CURVE_WITH_KNOTS('',1,(#630,#631),.UNSPECIFIED.,.F.,.F.,
  (2,2),(1.5,112.5),.PIECEWISE_BEZIER_KNOTS.);
#630 = CARTESIAN_POINT('',(3.,3.));
#631 = CARTESIAN_POINT('',(3.,114.));
#632 = ( GEOMETRIC_REPRESENTATION_CONTEXT(2) 
PARAMETRIC_REPRESENTATION_CONTEXT() REPRESENTATION_CONTEXT('2D SPACE',''
  ) );
#633 = PCURVE('',#634,#639);
#634 = PLANE('',#635);
#635 = AXIS2_PLACEMENT_3D('',#636,#637,#638);
#636 = CARTESIAN_POINT('',(87.5,-193.,-9.5));
#637 = DIRECTION('',(1.,0.,-0.));
#638 = DIRECTION('',(0.,0.,1.));
#639 = DEFINITIONAL_REPRESENTATION('',(#640),#643);
#640 = B_SPLINE_CURVE_WITH_KNOTS('',1,(#641,#642),.UNSPECIFIED.,.F.,.F.,
  (2,2),(1.5,112.5),.PIECEWISE_BEZIER_KNOTS.);
#641 = CARTESIAN_POINT('',(34.5,0.));
#642 = CARTESIAN_POINT('',(34.5,-111.));
#643 = ( GEOMETRIC_REPRESENTATION_CONTEXT(2) 
PARAMETRIC_REPRESENTATION_CONTEXT() REPRESENTATION_CONTEXT('2D SPACE',''
  ) );
#644 = ORIENTED_EDGE('',*,*,#645,.F.);
#645 = EDGE_CURVE('',#646,#620,#648,.T.);
#646 = VERTEX_POINT('',#647);
#647 = CARTESIAN_POINT('',(87.5,-186.9384471871,25.));
#648 = SURFACE_CURVE('',#649,(#654,#661),.PCURVE_S1.);
#649 = CIRCLE('',#650,4.5);
#650 = AXIS2_PLACEMENT_3D('',#651,#652,#653);
#651 = CARTESIAN_POINT('',(91.5,-189.,25.));
#652 = DIRECTION('',(0.,0.,1.));
#653 = DIRECTION('',(1.,0.,-0.));
#654 = PCURVE('',#72,#655);
#655 = DEFINITIONAL_REPRESENTATION('',(#656),#660);
#656 = CIRCLE('',#657,4.5);
#657 = AXIS2_PLACEMENT_2D('',#658,#659);
#658 = CARTESIAN_POINT('',(7.,7.));
#659 = DIRECTION('',(1.,0.));
#660 = ( GEOMETRIC_REPRESENTATION_CONTEXT(2) 
PARAMETRIC_REPRESENTATION_CONTEXT() REPRESENTATION_CONTEXT('2D SPACE',''
  ) );
#661 = PCURVE('',#662,#667);
#662 = PLANE('',#663);
#663 = AXIS2_PLACEMENT_3D('',#664,#665,#666);
#664 = CARTESIAN_POINT('',(84.5,-196.,25.));
#665 = DIRECTION('',(0.,0.,1.));
#666 = DIRECTION('',(1.,0.,-0.));
#667 = DEFINITIONAL_REPRESENTATION('',(#668),#672);
#668 = CIRCLE('',#669,4.5);
#669 = AXIS2_PLACEMENT_2D('',#670,#671);
#670 = CARTESIAN_POINT('',(7.,7.));
#671 = DIRECTION('',(1.,0.));
#672 = ( GEOMETRIC_REPRESENTATION_CONTEXT(2) 
PARAMETRIC_REPRESENTATION_CONTEXT() REPRESENTATION_CONTEXT('2D SPACE',''
  ) );
#673 = ORIENTED_EDGE('',*,*,#674,.T.);
#674 = EDGE_CURVE('',#646,#675,#677,.T.);
#675 = VERTEX_POINT('',#676);
#676 = CARTESIAN_POINT('',(87.5,-88.0615528128,25.));
#677 = SURFACE_CURVE('',#678,(#682,#688),.PCURVE_S1.);
#678 = LINE('',#679,#680);
#679 = CARTESIAN_POINT('',(87.5,-194.5,25.));
#680 = VECTOR('',#681,1.);
#681 = DIRECTION('',(-0.,1.,0.));
#682 = PCURVE('',#72,#683);
#683 = DEFINITIONAL_REPRESENTATION('',(#684),#687);
#684 = B_SPLINE_CURVE_WITH_KNOTS('',1,(#685,#686),.UNSPECIFIED.,.F.,.F.,
  (2,2),(1.5,112.5),.PIECEWISE_BEZIER_KNOTS.);
#685 = CARTESIAN_POINT('',(3.,3.));
#686 = CARTESIAN_POINT('',(3.,114.));
#687 = ( GEOMETRIC_REPRESENTATION_CONTEXT(2) 
PARAMETRIC_REPRESENTATION_CONTEXT() REPRESENTATION_CONTEXT('2D SPACE',''
  ) );
#688 = PCURVE('',#634,#689);
#689 = DEFINITIONAL_REPRESENTATION('',(#690),#693);
#690 = B_SPLINE_CURVE_WITH_KNOTS('',1,(#691,#692),.UNSPECIFIED.,.F.,.F.,
  (2,2),(1.5,112.5),.PIECEWISE_BEZIER_KNOTS.);
#691 = CARTESIAN_POINT('',(34.5,0.));
#692 = CARTESIAN_POINT('',(34.5,-111.));
#693 = ( GEOMETRIC_REPRESENTATION_CONTEXT(2) 
PARAMETRIC_REPRESENTATION_CONTEXT() REPRESENTATION_CONTEXT('2D SPACE',''
  ) );
#694 = ORIENTED_EDGE('',*,*,#695,.F.);
#695 = EDGE_CURVE('',#696,#675,#698,.T.);
#696 = VERTEX_POINT('',#697);
#697 = CARTESIAN_POINT('',(87.5,-83.93844718719,25.));
#698 = SURFACE_CURVE('',#699,(#704,#711),.PCURVE_S1.);
#699 = CIRCLE('',#700,4.5);
#700 = AXIS2_PLACEMENT_3D('',#701,#702,#703);
#701 = CARTESIAN_POINT('',(91.5,-86.,25.));
#702 = DIRECTION('',(0.,0.,1.));
#703 = DIRECTION('',(1.,0.,-0.));
#704 = PCURVE('',#72,#705);
#705 = DEFINITIONAL_REPRESENTATION('',(#706),#710);
#706 = CIRCLE('',#707,4.5);
#707 = AXIS2_PLACEMENT_2D('',#708,#709);
#708 = CARTESIAN_POINT('',(7.,110.));
#709 = DIRECTION('',(1.,0.));
#710 = ( GEOMETRIC_REPRESENTATION_CONTEXT(2) 
PARAMETRIC_REPRESENTATION_CONTEXT() REPRESENTATION_CONTEXT('2D SPACE',''
  ) );
#711 = PCURVE('',#712,#717);
#712 = PLANE('',#713);
#713 = AXIS2_PLACEMENT_3D('',#714,#715,#716);
#714 = CARTESIAN_POINT('',(84.5,-196.,25.));
#715 = DIRECTION('',(0.,0.,1.));
#716 = DIRECTION('',(1.,0.,-0.));
#717 = DEFINITIONAL_REPRESENTATION('',(#718),#722);
#718 = CIRCLE('',#719,4.5);
#719 = AXIS2_PLACEMENT_2D('',#720,#721);
#720 = CARTESIAN_POINT('',(7.,110.));
#721 = DIRECTION('',(1.,0.));
#722 = ( GEOMETRIC_REPRESENTATION_CONTEXT(2) 
PARAMETRIC_REPRESENTATION_CONTEXT() REPRESENTATION_CONTEXT('2D SPACE',''
  ) );
#723 = ORIENTED_EDGE('',*,*,#724,.T.);
#724 = EDGE_CURVE('',#696,#725,#727,.T.);
#725 = VERTEX_POINT('',#726);
#726 = CARTESIAN_POINT('',(87.5,-82.,25.));
#727 = SURFACE_CURVE('',#728,(#732,#738),.PCURVE_S1.);
#728 = LINE('',#729,#730);
#729 = CARTESIAN_POINT('',(87.5,-194.5,25.));
#730 = VECTOR('',#731,1.);
#731 = DIRECTION('',(-0.,1.,0.));
#732 = PCURVE('',#72,#733);
#733 = DEFINITIONAL_REPRESENTATION('',(#734),#737);
#734 = B_SPLINE_CURVE_WITH_KNOTS('',1,(#735,#736),.UNSPECIFIED.,.F.,.F.,
  (2,2),(1.5,112.5),.PIECEWISE_BEZIER_KNOTS.);
#735 = CARTESIAN_POINT('',(3.,3.));
#736 = CARTESIAN_POINT('',(3.,114.));
#737 = ( GEOMETRIC_REPRESENTATION_CONTEXT(2) 
PARAMETRIC_REPRESENTATION_CONTEXT() REPRESENTATION_CONTEXT('2D SPACE',''
  ) );
#738 = PCURVE('',#634,#739);
#739 = DEFINITIONAL_REPRESENTATION('',(#740),#743);
#740 = B_SPLINE_CURVE_WITH_KNOTS('',1,(#741,#742),.UNSPECIFIED.,.F.,.F.,
  (2,2),(1.5,112.5),.PIECEWISE_BEZIER_KNOTS.);
#741 = CARTESIAN_POINT('',(34.5,0.));
#742 = CARTESIAN_POINT('',(34.5,-111.));
#743 = ( GEOMETRIC_REPRESENTATION_CONTEXT(2) 
PARAMETRIC_REPRESENTATION_CONTEXT() REPRESENTATION_CONTEXT('2D SPACE',''
  ) );
#744 = ORIENTED_EDGE('',*,*,#745,.F.);
#745 = EDGE_CURVE('',#746,#725,#748,.T.);
#746 = VERTEX_POINT('',#747);
#747 = CARTESIAN_POINT('',(89.438447187191,-82.,25.));
#748 = SURFACE_CURVE('',#749,(#753,#759),.PCURVE_S1.);
#749 = LINE('',#750,#751);
#750 = CARTESIAN_POINT('',(86.,-82.,25.));
#751 = VECTOR('',#752,1.);
#752 = DIRECTION('',(-1.,-0.,0.));
#753 = PCURVE('',#72,#754);
#754 = DEFINITIONAL_REPRESENTATION('',(#755),#758);
#755 = B_SPLINE_CURVE_WITH_KNOTS('',1,(#756,#757),.UNSPECIFIED.,.F.,.F.,
  (2,2),(-60.65,-1.5),.PIECEWISE_BEZIER_KNOTS.);
#756 = CARTESIAN_POINT('',(62.15,114.));
#757 = CARTESIAN_POINT('',(3.,114.));
#758 = ( GEOMETRIC_REPRESENTATION_CONTEXT(2) 
PARAMETRIC_REPRESENTATION_CONTEXT() REPRESENTATION_CONTEXT('2D SPACE',''
  ) );
#759 = PCURVE('',#760,#765);
#760 = PLANE('',#761);
#761 = AXIS2_PLACEMENT_3D('',#762,#763,#764);
#762 = CARTESIAN_POINT('',(87.5,-82.,-9.5));
#763 = DIRECTION('',(-0.,1.,0.));
#764 = DIRECTION('',(0.,0.,1.));
#765 = DEFINITIONAL_REPRESENTATION('',(#766),#769);
#766 = B_SPLINE_CURVE_WITH_KNOTS('',1,(#767,#768),.UNSPECIFIED.,.F.,.F.,
  (2,2),(-60.65,-1.5),.PIECEWISE_BEZIER_KNOTS.);
#767 = CARTESIAN_POINT('',(34.5,59.15));
#768 = CARTESIAN_POINT('',(34.5,0.));
#769 = ( GEOMETRIC_REPRESENTATION_CONTEXT(2) 
PARAMETRIC_REPRESENTATION_CONTEXT() REPRESENTATION_CONTEXT('2D SPACE',''
  ) );
#770 = ORIENTED_EDGE('',*,*,#771,.F.);
#771 = EDGE_CURVE('',#772,#746,#774,.T.);
#772 = VERTEX_POINT('',#773);
#773 = CARTESIAN_POINT('',(93.561552812809,-82.,25.));
#774 = SURFACE_CURVE('',#775,(#780,#787),.PCURVE_S1.);
#775 = CIRCLE('',#776,4.5);
#776 = AXIS2_PLACEMENT_3D('',#777,#778,#779);
#777 = CARTESIAN_POINT('',(91.5,-86.,25.));
#778 = DIRECTION('',(0.,0.,1.));
#779 = DIRECTION('',(1.,0.,-0.));
#780 = PCURVE('',#72,#781);
#781 = DEFINITIONAL_REPRESENTATION('',(#782),#786);
#782 = CIRCLE('',#783,4.5);
#783 = AXIS2_PLACEMENT_2D('',#784,#785);
#784 = CARTESIAN_POINT('',(7.,110.));
#785 = DIRECTION('',(1.,0.));
#786 = ( GEOMETRIC_REPRESENTATION_CONTEXT(2) 
PARAMETRIC_REPRESENTATION_CONTEXT() REPRESENTATION_CONTEXT('2D SPACE',''
  ) );
#787 = PCURVE('',#788,#793);
#788 = PLANE('',#789);
#789 = AXIS2_PLACEMENT_3D('',#790,#791,#792);
#790 = CARTESIAN_POINT('',(84.5,-196.,25.));
#791 = DIRECTION('',(0.,0.,1.));
#792 = DIRECTION('',(1.,0.,-0.));
#793 = DEFINITIONAL_REPRESENTATION('',(#794),#798);
#794 = CIRCLE('',#795,4.5);
#795 = AXIS2_PLACEMENT_2D('',#796,#797);
#796 = CARTESIAN_POINT('',(7.,110.));
#797 = DIRECTION('',(1.,0.));
#798 = ( GEOMETRIC_REPRESENTATION_CONTEXT(2) 
PARAMETRIC_REPRESENTATION_CONTEXT() REPRESENTATION_CONTEXT('2D SPACE',''
  ) );
#799 = ORIENTED_EDGE('',*,*,#800,.F.);
#800 = EDGE_CURVE('',#140,#772,#801,.T.);
#801 = SURFACE_CURVE('',#802,(#806,#812),.PCURVE_S1.);
#802 = LINE('',#803,#804);
#803 = CARTESIAN_POINT('',(86.,-82.,25.));
#804 = VECTOR('',#805,1.);
#805 = DIRECTION('',(-1.,-0.,0.));
#806 = PCURVE('',#72,#807);
#807 = DEFINITIONAL_REPRESENTATION('',(#808),#811);
#808 = B_SPLINE_CURVE_WITH_KNOTS('',1,(#809,#810),.UNSPECIFIED.,.F.,.F.,
  (2,2),(-60.65,-1.5),.PIECEWISE_BEZIER_KNOTS.);
#809 = CARTESIAN_POINT('',(62.15,114.));
#810 = CARTESIAN_POINT('',(3.,114.));
#811 = ( GEOMETRIC_REPRESENTATION_CONTEXT(2) 
PARAMETRIC_REPRESENTATION_CONTEXT() REPRESENTATION_CONTEXT('2D SPACE',''
  ) );
#812 = PCURVE('',#760,#813);
#813 = DEFINITIONAL_REPRESENTATION('',(#814),#817);
#814 = B_SPLINE_CURVE_WITH_KNOTS('',1,(#815,#816),.UNSPECIFIED.,.F.,.F.,
  (2,2),(-60.65,-1.5),.PIECEWISE_BEZIER_KNOTS.);
#815 = CARTESIAN_POINT('',(34.5,59.15));
#816 = CARTESIAN_POINT('',(34.5,0.));
#817 = ( GEOMETRIC_REPRESENTATION_CONTEXT(2) 
PARAMETRIC_REPRESENTATION_CONTEXT() REPRESENTATION_CONTEXT('2D SPACE',''
  ) );
#818 = ORIENTED_EDGE('',*,*,#819,.F.);
#819 = EDGE_CURVE('',#111,#140,#820,.T.);
#820 = SURFACE_CURVE('',#821,(#826,#833),.PCURVE_S1.);
#821 = CIRCLE('',#822,4.5);
#822 = AXIS2_PLACEMENT_3D('',#823,#824,#825);
#823 = CARTESIAN_POINT('',(142.65,-86.,25.));
#824 = DIRECTION('',(0.,0.,1.));
#825 = DIRECTION('',(1.,0.,-0.));
#826 = PCURVE('',#72,#827);
#827 = DEFINITIONAL_REPRESENTATION('',(#828),#832);
#828 = CIRCLE('',#829,4.5);
#829 = AXIS2_PLACEMENT_2D('',#830,#831);
#830 = CARTESIAN_POINT('',(58.15,110.));
#831 = DIRECTION('',(1.,0.));
#832 = ( GEOMETRIC_REPRESENTATION_CONTEXT(2) 
PARAMETRIC_REPRESENTATION_CONTEXT() REPRESENTATION_CONTEXT('2D SPACE',''
  ) );
#833 = PCURVE('',#155,#834);
#834 = DEFINITIONAL_REPRESENTATION('',(#835),#839);
#835 = CIRCLE('',#836,4.5);
#836 = AXIS2_PLACEMENT_2D('',#837,#838);
#837 = CARTESIAN_POINT('',(58.15,110.));
#838 = DIRECTION('',(1.,0.));
#839 = ( GEOMETRIC_REPRESENTATION_CONTEXT(2) 
PARAMETRIC_REPRESENTATION_CONTEXT() REPRESENTATION_CONTEXT('2D SPACE',''
  ) );
#840 = ORIENTED_EDGE('',*,*,#841,.F.);
#841 = EDGE_CURVE('',#842,#111,#844,.T.);
#842 = VERTEX_POINT('',#843);
#843 = CARTESIAN_POINT('',(146.65,-82.,25.));
#844 = SURFACE_CURVE('',#845,(#849,#855),.PCURVE_S1.);
#845 = LINE('',#846,#847);
#846 = CARTESIAN_POINT('',(86.,-82.,25.));
#847 = VECTOR('',#848,1.);
#848 = DIRECTION('',(-1.,-0.,0.));
#849 = PCURVE('',#72,#850);
#850 = DEFINITIONAL_REPRESENTATION('',(#851),#854);
#851 = B_SPLINE_CURVE_WITH_KNOTS('',1,(#852,#853),.UNSPECIFIED.,.F.,.F.,
  (2,2),(-60.65,-1.5),.PIECEWISE_BEZIER_KNOTS.);
#852 = CARTESIAN_POINT('',(62.15,114.));
#853 = CARTESIAN_POINT('',(3.,114.));
#854 = ( GEOMETRIC_REPRESENTATION_CONTEXT(2) 
PARAMETRIC_REPRESENTATION_CONTEXT() REPRESENTATION_CONTEXT('2D SPACE',''
  ) );
#855 = PCURVE('',#760,#856);
#856 = DEFINITIONAL_REPRESENTATION('',(#857),#860);
#857 = B_SPLINE_CURVE_WITH_KNOTS('',1,(#858,#859),.UNSPECIFIED.,.F.,.F.,
  (2,2),(-60.65,-1.5),.PIECEWISE_BEZIER_KNOTS.);
#858 = CARTESIAN_POINT('',(34.5,59.15));
#859 = CARTESIAN_POINT('',(34.5,0.));
#860 = ( GEOMETRIC_REPRESENTATION_CONTEXT(2) 
PARAMETRIC_REPRESENTATION_CONTEXT() REPRESENTATION_CONTEXT('2D SPACE',''
  ) );
#861 = ORIENTED_EDGE('',*,*,#862,.F.);
#862 = EDGE_CURVE('',#24,#842,#863,.T.);
#863 = SURFACE_CURVE('',#864,(#868,#874),.PCURVE_S1.);
#864 = LINE('',#865,#866);
#865 = CARTESIAN_POINT('',(146.65,-194.5,25.));
#866 = VECTOR('',#867,1.);
#867 = DIRECTION('',(-0.,1.,0.));
#868 = PCURVE('',#72,#869);
#869 = DEFINITIONAL_REPRESENTATION('',(#870),#873);
#870 = B_SPLINE_CURVE_WITH_KNOTS('',1,(#871,#872),.UNSPECIFIED.,.F.,.F.,
  (2,2),(1.5,112.5),.PIECEWISE_BEZIER_KNOTS.);
#871 = CARTESIAN_POINT('',(62.15,3.));
#872 = CARTESIAN_POINT('',(62.15,114.));
#873 = ( GEOMETRIC_REPRESENTATION_CONTEXT(2) 
PARAMETRIC_REPRESENTATION_CONTEXT() REPRESENTATION_CONTEXT('2D SPACE',''
  ) );
#874 = PCURVE('',#482,#875);
#875 = DEFINITIONAL_REPRESENTATION('',(#876),#879);
#876 = B_SPLINE_CURVE_WITH_KNOTS('',1,(#877,#878),.UNSPECIFIED.,.F.,.F.,
  (2,2),(1.5,112.5),.PIECEWISE_BEZIER_KNOTS.);
#877 = CARTESIAN_POINT('',(34.5,0.));
#878 = CARTESIAN_POINT('',(34.5,-111.));
#879 = ( GEOMETRIC_REPRESENTATION_CONTEXT(2) 
PARAMETRIC_REPRESENTATION_CONTEXT() REPRESENTATION_CONTEXT('2D SPACE',''
  ) );
#880 = ORIENTED_EDGE('',*,*,#84,.F.);
#881 = ORIENTED_EDGE('',*,*,#55,.F.);
#882 = ORIENTED_EDGE('',*,*,#883,.F.);
#883 = EDGE_CURVE('',#884,#22,#886,.T.);
#884 = VERTEX_POINT('',#885);
#885 = CARTESIAN_POINT('',(146.65,-186.9384471871,25.));
#886 = SURFACE_CURVE('',#887,(#891,#897),.PCURVE_S1.);
#887 = LINE('',#888,#889);
#888 = CARTESIAN_POINT('',(146.65,-194.5,25.));
#889 = VECTOR('',#890,1.);
#890 = DIRECTION('',(-0.,1.,0.));
#891 = PCURVE('',#72,#892);
#892 = DEFINITIONAL_REPRESENTATION('',(#893),#896);
#893 = B_SPLINE_CURVE_WITH_KNOTS('',1,(#894,#895),.UNSPECIFIED.,.F.,.F.,
  (2,2),(1.5,112.5),.PIECEWISE_BEZIER_KNOTS.);
#894 = CARTESIAN_POINT('',(62.15,3.));
#895 = CARTESIAN_POINT('',(62.15,114.));
#896 = ( GEOMETRIC_REPRESENTATION_CONTEXT(2) 
PARAMETRIC_REPRESENTATION_CONTEXT() REPRESENTATION_CONTEXT('2D SPACE',''
  ) );
#897 = PCURVE('',#482,#898);
#898 = DEFINITIONAL_REPRESENTATION('',(#899),#902);
#899 = B_SPLINE_CURVE_WITH_KNOTS('',1,(#900,#901),.UNSPECIFIED.,.F.,.F.,
  (2,2),(1.5,112.5),.PIECEWISE_BEZIER_KNOTS.);
#900 = CARTESIAN_POINT('',(34.5,0.));
#901 = CARTESIAN_POINT('',(34.5,-111.));
#902 = ( GEOMETRIC_REPRESENTATION_CONTEXT(2) 
PARAMETRIC_REPRESENTATION_CONTEXT() REPRESENTATION_CONTEXT('2D SPACE',''
  ) );
#903 = ORIENTED_EDGE('',*,*,#904,.F.);
#904 = EDGE_CURVE('',#905,#884,#907,.T.);
#905 = VERTEX_POINT('',#906);
#906 = CARTESIAN_POINT('',(147.15,-189.,25.));
#907 = SURFACE_CURVE('',#908,(#913,#920),.PCURVE_S1.);
#908 = CIRCLE('',#909,4.5);
#909 = AXIS2_PLACEMENT_3D('',#910,#911,#912);
#910 = CARTESIAN_POINT('',(142.65,-189.,25.));
#911 = DIRECTION('',(0.,0.,1.));
#912 = DIRECTION('',(1.,0.,-0.));
#913 = PCURVE('',#72,#914);
#914 = DEFINITIONAL_REPRESENTATION('',(#915),#919);
#915 = CIRCLE('',#916,4.5);
#916 = AXIS2_PLACEMENT_2D('',#917,#918);
#917 = CARTESIAN_POINT('',(58.15,7.));
#918 = DIRECTION('',(1.,0.));
#919 = ( GEOMETRIC_REPRESENTATION_CONTEXT(2) 
PARAMETRIC_REPRESENTATION_CONTEXT() REPRESENTATION_CONTEXT('2D SPACE',''
  ) );
#920 = PCURVE('',#921,#926);
#921 = PLANE('',#922);
#922 = AXIS2_PLACEMENT_3D('',#923,#924,#925);
#923 = CARTESIAN_POINT('',(84.5,-196.,25.));
#924 = DIRECTION('',(0.,0.,1.));
#925 = DIRECTION('',(1.,0.,-0.));
#926 = DEFINITIONAL_REPRESENTATION('',(#927),#931);
#927 = CIRCLE('',#928,4.5);
#928 = AXIS2_PLACEMENT_2D('',#929,#930);
#929 = CARTESIAN_POINT('',(58.15,7.));
#930 = DIRECTION('',(1.,0.));
#931 = ( GEOMETRIC_REPRESENTATION_CONTEXT(2) 
PARAMETRIC_REPRESENTATION_CONTEXT() REPRESENTATION_CONTEXT('2D SPACE',''
  ) );
#932 = ORIENTED_EDGE('',*,*,#933,.F.);
#933 = EDGE_CURVE('',#468,#905,#934,.T.);
#934 = SURFACE_CURVE('',#935,(#940,#947),.PCURVE_S1.);
#935 = CIRCLE('',#936,4.5);
#936 = AXIS2_PLACEMENT_3D('',#937,#938,#939);
#937 = CARTESIAN_POINT('',(142.65,-189.,25.));
#938 = DIRECTION('',(0.,0.,1.));
#939 = DIRECTION('',(1.,0.,-0.));
#940 = PCURVE('',#72,#941);
#941 = DEFINITIONAL_REPRESENTATION('',(#942),#946);
#942 = CIRCLE('',#943,4.5);
#943 = AXIS2_PLACEMENT_2D('',#944,#945);
#944 = CARTESIAN_POINT('',(58.15,7.));
#945 = DIRECTION('',(1.,0.));
#946 = ( GEOMETRIC_REPRESENTATION_CONTEXT(2) 
PARAMETRIC_REPRESENTATION_CONTEXT() REPRESENTATION_CONTEXT('2D SPACE',''
  ) );
#947 = PCURVE('',#921,#948);
#948 = DEFINITIONAL_REPRESENTATION('',(#949),#953);
#949 = CIRCLE('',#950,4.5);
#950 = AXIS2_PLACEMENT_2D('',#951,#952);
#951 = CARTESIAN_POINT('',(58.15,7.));
#952 = DIRECTION('',(1.,0.));
#953 = ( GEOMETRIC_REPRESENTATION_CONTEXT(2) 
PARAMETRIC_REPRESENTATION_CONTEXT() REPRESENTATION_CONTEXT('2D SPACE',''
  ) );
#954 = ADVANCED_FACE('',(#955),#181,.T.);
#955 = FACE_BOUND('',#956,.T.);
#956 = EDGE_LOOP('',(#957,#978,#979,#1000));
#957 = ORIENTED_EDGE('',*,*,#958,.T.);
#958 = EDGE_CURVE('',#959,#22,#961,.T.);
#959 = VERTEX_POINT('',#960);
#960 = CARTESIAN_POINT('',(146.65,-88.0615528128,15.));
#961 = SURFACE_CURVE('',#962,(#966,#972),.PCURVE_S1.);
#962 = LINE('',#963,#964);
#963 = CARTESIAN_POINT('',(146.65,-88.0615528128,15.));
#964 = VECTOR('',#965,1.);
#965 = DIRECTION('',(0.,0.,1.));
#966 = PCURVE('',#181,#967);
#967 = DEFINITIONAL_REPRESENTATION('',(#968),#971);
#968 = B_SPLINE_CURVE_WITH_KNOTS('',1,(#969,#970),.UNSPECIFIED.,.F.,.F.,
  (2,2),(-5.999999999062E-07,10.0000006),.PIECEWISE_BEZIER_KNOTS.);
#969 = CARTESIAN_POINT('',(5.807303057519,-5.999999999062E-07));
#970 = CARTESIAN_POINT('',(5.807303057519,10.0000006));
#971 = ( GEOMETRIC_REPRESENTATION_CONTEXT(2) 
PARAMETRIC_REPRESENTATION_CONTEXT() REPRESENTATION_CONTEXT('2D SPACE',''
  ) );
#972 = PCURVE('',#482,#973);
#973 = DEFINITIONAL_REPRESENTATION('',(#974),#977);
#974 = B_SPLINE_CURVE_WITH_KNOTS('',1,(#975,#976),.UNSPECIFIED.,.F.,.F.,
  (2,2),(-5.999999999062E-07,10.0000006),.PIECEWISE_BEZIER_KNOTS.);
#975 = CARTESIAN_POINT('',(24.4999994,-104.9384471871));
#976 = CARTESIAN_POINT('',(34.5000006,-104.9384471871));
#977 = ( GEOMETRIC_REPRESENTATION_CONTEXT(2) 
PARAMETRIC_REPRESENTATION_CONTEXT() REPRESENTATION_CONTEXT('2D SPACE',''
  ) );
#978 = ORIENTED_EDGE('',*,*,#166,.F.);
#979 = ORIENTED_EDGE('',*,*,#980,.F.);
#980 = EDGE_CURVE('',#981,#140,#983,.T.);
#981 = VERTEX_POINT('',#982);
#982 = CARTESIAN_POINT('',(140.58844718719,-82.,15.));
#983 = SURFACE_CURVE('',#984,(#988,#994),.PCURVE_S1.);
#984 = LINE('',#985,#986);
#985 = CARTESIAN_POINT('',(140.58844718719,-82.,15.));
#986 = VECTOR('',#987,1.);
#987 = DIRECTION('',(0.,0.,1.));
#988 = PCURVE('',#181,#989);
#989 = DEFINITIONAL_REPRESENTATION('',(#990),#993);
#990 = B_SPLINE_CURVE_WITH_KNOTS('',1,(#991,#992),.UNSPECIFIED.,.F.,.F.,
  (2,2),(-5.999999999062E-07,10.0000006),.PIECEWISE_BEZIER_KNOTS.);
#991 = CARTESIAN_POINT('',(2.046678576455,-5.999999999062E-07));
#992 = CARTESIAN_POINT('',(2.046678576455,10.0000006));
#993 = ( GEOMETRIC_REPRESENTATION_CONTEXT(2) 
PARAMETRIC_REPRESENTATION_CONTEXT() REPRESENTATION_CONTEXT('2D SPACE',''
  ) );
#994 = PCURVE('',#760,#995);
#995 = DEFINITIONAL_REPRESENTATION('',(#996),#999);
#996 = B_SPLINE_CURVE_WITH_KNOTS('',1,(#997,#998),.UNSPECIFIED.,.F.,.F.,
  (2,2),(-5.999999999062E-07,10.0000006),.PIECEWISE_BEZIER_KNOTS.);
#997 = CARTESIAN_POINT('',(24.4999994,53.088447187191));
#998 = CARTESIAN_POINT('',(34.5000006,53.088447187191));
#999 = ( GEOMETRIC_REPRESENTATION_CONTEXT(2) 
PARAMETRIC_REPRESENTATION_CONTEXT() REPRESENTATION_CONTEXT('2D SPACE',''
  ) );
#1000 = ORIENTED_EDGE('',*,*,#1001,.T.);
#1001 = EDGE_CURVE('',#981,#959,#1002,.T.);
#1002 = SURFACE_CURVE('',#1003,(#1008,#1015),.PCURVE_S1.);
#1003 = CIRCLE('',#1004,4.5);
#1004 = AXIS2_PLACEMENT_3D('',#1005,#1006,#1007);
#1005 = CARTESIAN_POINT('',(142.65,-86.,15.));
#1006 = DIRECTION('',(0.,0.,1.));
#1007 = DIRECTION('',(1.,0.,-0.));
#1008 = PCURVE('',#181,#1009);
#1009 = DEFINITIONAL_REPRESENTATION('',(#1010),#1014);
#1010 = LINE('',#1011,#1012);
#1011 = CARTESIAN_POINT('',(0.,0.));
#1012 = VECTOR('',#1013,1.);
#1013 = DIRECTION('',(1.,0.));
#1014 = ( GEOMETRIC_REPRESENTATION_CONTEXT(2) 
PARAMETRIC_REPRESENTATION_CONTEXT() REPRESENTATION_CONTEXT('2D SPACE',''
  ) );
#1015 = PCURVE('',#1016,#1021);
#1016 = PLANE('',#1017);
#1017 = AXIS2_PLACEMENT_3D('',#1018,#1019,#1020);
#1018 = CARTESIAN_POINT('',(142.65,-86.,15.));
#1019 = DIRECTION('',(0.,0.,1.));
#1020 = DIRECTION('',(1.,0.,-0.));
#1021 = DEFINITIONAL_REPRESENTATION('',(#1022),#1026);
#1022 = CIRCLE('',#1023,4.5);
#1023 = AXIS2_PLACEMENT_2D('',#1024,#1025);
#1024 = CARTESIAN_POINT('',(0.,0.));
#1025 = DIRECTION('',(1.,0.));
#1026 = ( GEOMETRIC_REPRESENTATION_CONTEXT(2) 
PARAMETRIC_REPRESENTATION_CONTEXT() REPRESENTATION_CONTEXT('2D SPACE',''
  ) );
#1027 = ADVANCED_FACE('',(#1028),#127,.T.);
#1028 = FACE_BOUND('',#1029,.T.);
#1029 = EDGE_LOOP('',(#1030,#1031,#1052,#1076));
#1030 = ORIENTED_EDGE('',*,*,#110,.F.);
#1031 = ORIENTED_EDGE('',*,*,#1032,.F.);
#1032 = EDGE_CURVE('',#1033,#24,#1035,.T.);
#1033 = VERTEX_POINT('',#1034);
#1034 = CARTESIAN_POINT('',(146.65,-83.93844718719,15.));
#1035 = SURFACE_CURVE('',#1036,(#1040,#1046),.PCURVE_S1.);
#1036 = LINE('',#1037,#1038);
#1037 = CARTESIAN_POINT('',(146.65,-83.93844718719,15.));
#1038 = VECTOR('',#1039,1.);
#1039 = DIRECTION('',(0.,0.,1.));
#1040 = PCURVE('',#127,#1041);
#1041 = DEFINITIONAL_REPRESENTATION('',(#1042),#1045);
#1042 = B_SPLINE_CURVE_WITH_KNOTS('',1,(#1043,#1044),.UNSPECIFIED.,.F.,
  .F.,(2,2),(-5.999999999062E-07,10.0000006),.PIECEWISE_BEZIER_KNOTS.);
#1043 = CARTESIAN_POINT('',(0.47588224966,-5.999999999062E-07));
#1044 = CARTESIAN_POINT('',(0.47588224966,10.0000006));
#1045 = ( GEOMETRIC_REPRESENTATION_CONTEXT(2) 
PARAMETRIC_REPRESENTATION_CONTEXT() REPRESENTATION_CONTEXT('2D SPACE',''
  ) );
#1046 = PCURVE('',#482,#1047);
#1047 = DEFINITIONAL_REPRESENTATION('',(#1048),#1051);
#1048 = B_SPLINE_CURVE_WITH_KNOTS('',1,(#1049,#1050),.UNSPECIFIED.,.F.,
  .F.,(2,2),(-5.999999999062E-07,10.0000006),.PIECEWISE_BEZIER_KNOTS.);
#1049 = CARTESIAN_POINT('',(24.4999994,-109.0615528128));
#1050 = CARTESIAN_POINT('',(34.5000006,-109.0615528128));
#1051 = ( GEOMETRIC_REPRESENTATION_CONTEXT(2) 
PARAMETRIC_REPRESENTATION_CONTEXT() REPRESENTATION_CONTEXT('2D SPACE',''
  ) );
#1052 = ORIENTED_EDGE('',*,*,#1053,.T.);
#1053 = EDGE_CURVE('',#1033,#1054,#1056,.T.);
#1054 = VERTEX_POINT('',#1055);
#1055 = CARTESIAN_POINT('',(144.7115528128,-82.,15.));
#1056 = SURFACE_CURVE('',#1057,(#1062,#1069),.PCURVE_S1.);
#1057 = CIRCLE('',#1058,4.5);
#1058 = AXIS2_PLACEMENT_3D('',#1059,#1060,#1061);
#1059 = CARTESIAN_POINT('',(142.65,-86.,15.));
#1060 = DIRECTION('',(0.,0.,1.));
#1061 = DIRECTION('',(1.,0.,-0.));
#1062 = PCURVE('',#127,#1063);
#1063 = DEFINITIONAL_REPRESENTATION('',(#1064),#1068);
#1064 = LINE('',#1065,#1066);
#1065 = CARTESIAN_POINT('',(0.,0.));
#1066 = VECTOR('',#1067,1.);
#1067 = DIRECTION('',(1.,0.));
#1068 = ( GEOMETRIC_REPRESENTATION_CONTEXT(2) 
PARAMETRIC_REPRESENTATION_CONTEXT() REPRESENTATION_CONTEXT('2D SPACE',''
  ) );
#1069 = PCURVE('',#1016,#1070);
#1070 = DEFINITIONAL_REPRESENTATION('',(#1071),#1075);
#1071 = CIRCLE('',#1072,4.5);
#1072 = AXIS2_PLACEMENT_2D('',#1073,#1074);
#1073 = CARTESIAN_POINT('',(0.,0.));
#1074 = DIRECTION('',(1.,0.));
#1075 = ( GEOMETRIC_REPRESENTATION_CONTEXT(2) 
PARAMETRIC_REPRESENTATION_CONTEXT() REPRESENTATION_CONTEXT('2D SPACE',''
  ) );
#1076 = ORIENTED_EDGE('',*,*,#1077,.T.);
#1077 = EDGE_CURVE('',#1054,#111,#1078,.T.);
#1078 = SURFACE_CURVE('',#1079,(#1083,#1089),.PCURVE_S1.);
#1079 = LINE('',#1080,#1081);
#1080 = CARTESIAN_POINT('',(144.7115528128,-82.,15.));
#1081 = VECTOR('',#1082,1.);
#1082 = DIRECTION('',(0.,0.,1.));
#1083 = PCURVE('',#127,#1084);
#1084 = DEFINITIONAL_REPRESENTATION('',(#1085),#1088);
#1085 = B_SPLINE_CURVE_WITH_KNOTS('',1,(#1086,#1087),.UNSPECIFIED.,.F.,
  .F.,(2,2),(-5.999999999062E-07,10.0000006),.PIECEWISE_BEZIER_KNOTS.);
#1086 = CARTESIAN_POINT('',(1.094914077134,-5.999999999062E-07));
#1087 = CARTESIAN_POINT('',(1.094914077134,10.0000006));
#1088 = ( GEOMETRIC_REPRESENTATION_CONTEXT(2) 
PARAMETRIC_REPRESENTATION_CONTEXT() REPRESENTATION_CONTEXT('2D SPACE',''
  ) );
#1089 = PCURVE('',#760,#1090);
#1090 = DEFINITIONAL_REPRESENTATION('',(#1091),#1094);
#1091 = B_SPLINE_CURVE_WITH_KNOTS('',1,(#1092,#1093),.UNSPECIFIED.,.F.,
  .F.,(2,2),(-5.999999999062E-07,10.0000006),.PIECEWISE_BEZIER_KNOTS.);
#1092 = CARTESIAN_POINT('',(24.4999994,57.211552812809));
#1093 = CARTESIAN_POINT('',(34.5000006,57.211552812809));
#1094 = ( GEOMETRIC_REPRESENTATION_CONTEXT(2) 
PARAMETRIC_REPRESENTATION_CONTEXT() REPRESENTATION_CONTEXT('2D SPACE',''
  ) );
#1095 = ADVANCED_FACE('',(#1096),#155,.T.);
#1096 = FACE_BOUND('',#1097,.T.);
#1097 = EDGE_LOOP('',(#1098,#1099));
#1098 = ORIENTED_EDGE('',*,*,#139,.F.);
#1099 = ORIENTED_EDGE('',*,*,#819,.T.);
#1100 = ADVANCED_FACE('',(#1101),#212,.F.);
#1101 = FACE_BOUND('',#1102,.F.);
#1102 = EDGE_LOOP('',(#1103,#1104,#1127,#1149));
#1103 = ORIENTED_EDGE('',*,*,#195,.F.);
#1104 = ORIENTED_EDGE('',*,*,#1105,.F.);
#1105 = EDGE_CURVE('',#1106,#196,#1108,.T.);
#1106 = VERTEX_POINT('',#1107);
#1107 = CARTESIAN_POINT('',(143.9,-86.,15.));
#1108 = SEAM_CURVE('',#1109,(#1113,#1120),.PCURVE_S1.);
#1109 = LINE('',#1110,#1111);
#1110 = CARTESIAN_POINT('',(143.9,-86.,14.99));
#1111 = VECTOR('',#1112,1.);
#1112 = DIRECTION('',(0.,0.,1.));
#1113 = PCURVE('',#212,#1114);
#1114 = DEFINITIONAL_REPRESENTATION('',(#1115),#1119);
#1115 = LINE('',#1116,#1117);
#1116 = CARTESIAN_POINT('',(6.28318530718,-0.));
#1117 = VECTOR('',#1118,1.);
#1118 = DIRECTION('',(0.,1.));
#1119 = ( GEOMETRIC_REPRESENTATION_CONTEXT(2) 
PARAMETRIC_REPRESENTATION_CONTEXT() REPRESENTATION_CONTEXT('2D SPACE',''
  ) );
#1120 = PCURVE('',#212,#1121);
#1121 = DEFINITIONAL_REPRESENTATION('',(#1122),#1126);
#1122 = LINE('',#1123,#1124);
#1123 = CARTESIAN_POINT('',(0.,-0.));
#1124 = VECTOR('',#1125,1.);
#1125 = DIRECTION('',(0.,1.));
#1126 = ( GEOMETRIC_REPRESENTATION_CONTEXT(2) 
PARAMETRIC_REPRESENTATION_CONTEXT() REPRESENTATION_CONTEXT('2D SPACE',''
  ) );
#1127 = ORIENTED_EDGE('',*,*,#1128,.T.);
#1128 = EDGE_CURVE('',#1106,#1106,#1129,.T.);
#1129 = SURFACE_CURVE('',#1130,(#1135,#1142),.PCURVE_S1.);
#1130 = CIRCLE('',#1131,1.25);
#1131 = AXIS2_PLACEMENT_3D('',#1132,#1133,#1134);
#1132 = CARTESIAN_POINT('',(142.65,-86.,15.));
#1133 = DIRECTION('',(0.,0.,1.));
#1134 = DIRECTION('',(1.,0.,-0.));
#1135 = PCURVE('',#212,#1136);
#1136 = DEFINITIONAL_REPRESENTATION('',(#1137),#1141);
#1137 = LINE('',#1138,#1139);
#1138 = CARTESIAN_POINT('',(0.,1.E-02));
#1139 = VECTOR('',#1140,1.);
#1140 = DIRECTION('',(1.,0.));
#1141 = ( GEOMETRIC_REPRESENTATION_CONTEXT(2) 
PARAMETRIC_REPRESENTATION_CONTEXT() REPRESENTATION_CONTEXT('2D SPACE',''
  ) );
#1142 = PCURVE('',#1016,#1143);
#1143 = DEFINITIONAL_REPRESENTATION('',(#1144),#1148);
#1144 = CIRCLE('',#1145,1.25);
#1145 = AXIS2_PLACEMENT_2D('',#1146,#1147);
#1146 = CARTESIAN_POINT('',(0.,0.));
#1147 = DIRECTION('',(1.,0.));
#1148 = ( GEOMETRIC_REPRESENTATION_CONTEXT(2) 
PARAMETRIC_REPRESENTATION_CONTEXT() REPRESENTATION_CONTEXT('2D SPACE',''
  ) );
#1149 = ORIENTED_EDGE('',*,*,#1105,.T.);
#1150 = ADVANCED_FACE('',(#1151),#245,.F.);
#1151 = FACE_BOUND('',#1152,.F.);
#1152 = EDGE_LOOP('',(#1153,#1154,#1177,#1205,#1233,#1261,#1289,#1312));
#1153 = ORIENTED_EDGE('',*,*,#227,.F.);
#1154 = ORIENTED_EDGE('',*,*,#1155,.F.);
#1155 = EDGE_CURVE('',#1156,#228,#1158,.T.);
#1156 = VERTEX_POINT('',#1157);
#1157 = CARTESIAN_POINT('',(84.5,-193.,-11.9));
#1158 = SURFACE_CURVE('',#1159,(#1163,#1170),.PCURVE_S1.);
#1159 = LINE('',#1160,#1161);
#1160 = CARTESIAN_POINT('',(84.5,-193.,-11.9));
#1161 = VECTOR('',#1162,1.);
#1162 = DIRECTION('',(0.,0.,1.));
#1163 = PCURVE('',#245,#1164);
#1164 = DEFINITIONAL_REPRESENTATION('',(#1165),#1169);
#1165 = LINE('',#1166,#1167);
#1166 = CARTESIAN_POINT('',(0.,-3.));
#1167 = VECTOR('',#1168,1.);
#1168 = DIRECTION('',(1.,0.));
#1169 = ( GEOMETRIC_REPRESENTATION_CONTEXT(2) 
PARAMETRIC_REPRESENTATION_CONTEXT() REPRESENTATION_CONTEXT('2D SPACE',''
  ) );
#1170 = PCURVE('',#274,#1171);
#1171 = DEFINITIONAL_REPRESENTATION('',(#1172),#1176);
#1172 = LINE('',#1173,#1174);
#1173 = CARTESIAN_POINT('',(0.,0.));
#1174 = VECTOR('',#1175,1.);
#1175 = DIRECTION('',(0.,1.));
#1176 = ( GEOMETRIC_REPRESENTATION_CONTEXT(2) 
PARAMETRIC_REPRESENTATION_CONTEXT() REPRESENTATION_CONTEXT('2D SPACE',''
  ) );
#1177 = ORIENTED_EDGE('',*,*,#1178,.T.);
#1178 = EDGE_CURVE('',#1156,#1179,#1181,.T.);
#1179 = VERTEX_POINT('',#1180);
#1180 = CARTESIAN_POINT('',(84.5,-145.5,-11.9));
#1181 = SURFACE_CURVE('',#1182,(#1186,#1193),.PCURVE_S1.);
#1182 = LINE('',#1183,#1184);
#1183 = CARTESIAN_POINT('',(84.5,-196.,-11.9));
#1184 = VECTOR('',#1185,1.);
#1185 = DIRECTION('',(-0.,1.,0.));
#1186 = PCURVE('',#245,#1187);
#1187 = DEFINITIONAL_REPRESENTATION('',(#1188),#1192);
#1188 = LINE('',#1189,#1190);
#1189 = CARTESIAN_POINT('',(0.,0.));
#1190 = VECTOR('',#1191,1.);
#1191 = DIRECTION('',(0.,-1.));
#1192 = ( GEOMETRIC_REPRESENTATION_CONTEXT(2) 
PARAMETRIC_REPRESENTATION_CONTEXT() REPRESENTATION_CONTEXT('2D SPACE',''
  ) );
#1193 = PCURVE('',#1194,#1199);
#1194 = PLANE('',#1195);
#1195 = AXIS2_PLACEMENT_3D('',#1196,#1197,#1198);
#1196 = CARTESIAN_POINT('',(84.5,-196.,-11.9));
#1197 = DIRECTION('',(0.,0.,1.));
#1198 = DIRECTION('',(1.,0.,-0.));
#1199 = DEFINITIONAL_REPRESENTATION('',(#1200),#1204);
#1200 = LINE('',#1201,#1202);
#1201 = CARTESIAN_POINT('',(0.,0.));
#1202 = VECTOR('',#1203,1.);
#1203 = DIRECTION('',(0.,1.));
#1204 = ( GEOMETRIC_REPRESENTATION_CONTEXT(2) 
PARAMETRIC_REPRESENTATION_CONTEXT() REPRESENTATION_CONTEXT('2D SPACE',''
  ) );
#1205 = ORIENTED_EDGE('',*,*,#1206,.T.);
#1206 = EDGE_CURVE('',#1179,#1207,#1209,.T.);
#1207 = VERTEX_POINT('',#1208);
#1208 = CARTESIAN_POINT('',(84.5,-145.5,-7.9));
#1209 = SURFACE_CURVE('',#1210,(#1214,#1221),.PCURVE_S1.);
#1210 = LINE('',#1211,#1212);
#1211 = CARTESIAN_POINT('',(84.5,-145.5,-11.9));
#1212 = VECTOR('',#1213,1.);
#1213 = DIRECTION('',(0.,0.,1.));
#1214 = PCURVE('',#245,#1215);
#1215 = DEFINITIONAL_REPRESENTATION('',(#1216),#1220);
#1216 = LINE('',#1217,#1218);
#1217 = CARTESIAN_POINT('',(0.,-50.5));
#1218 = VECTOR('',#1219,1.);
#1219 = DIRECTION('',(1.,0.));
#1220 = ( GEOMETRIC_REPRESENTATION_CONTEXT(2) 
PARAMETRIC_REPRESENTATION_CONTEXT() REPRESENTATION_CONTEXT('2D SPACE',''
  ) );
#1221 = PCURVE('',#1222,#1227);
#1222 = PLANE('',#1223);
#1223 = AXIS2_PLACEMENT_3D('',#1224,#1225,#1226);
#1224 = CARTESIAN_POINT('',(72.5,-145.5,-11.9));
#1225 = DIRECTION('',(-0.,1.,0.));
#1226 = DIRECTION('',(0.,0.,1.));
#1227 = DEFINITIONAL_REPRESENTATION('',(#1228),#1232);
#1228 = LINE('',#1229,#1230);
#1229 = CARTESIAN_POINT('',(0.,12.));
#1230 = VECTOR('',#1231,1.);
#1231 = DIRECTION('',(1.,0.));
#1232 = ( GEOMETRIC_REPRESENTATION_CONTEXT(2) 
PARAMETRIC_REPRESENTATION_CONTEXT() REPRESENTATION_CONTEXT('2D SPACE',''
  ) );
#1233 = ORIENTED_EDGE('',*,*,#1234,.T.);
#1234 = EDGE_CURVE('',#1207,#1235,#1237,.T.);
#1235 = VERTEX_POINT('',#1236);
#1236 = CARTESIAN_POINT('',(84.5,-129.5,-7.9));
#1237 = SURFACE_CURVE('',#1238,(#1242,#1249),.PCURVE_S1.);
#1238 = LINE('',#1239,#1240);
#1239 = CARTESIAN_POINT('',(84.5,-145.5,-7.9));
#1240 = VECTOR('',#1241,1.);
#1241 = DIRECTION('',(-0.,1.,0.));
#1242 = PCURVE('',#245,#1243);
#1243 = DEFINITIONAL_REPRESENTATION('',(#1244),#1248);
#1244 = LINE('',#1245,#1246);
#1245 = CARTESIAN_POINT('',(4.,-50.5));
#1246 = VECTOR('',#1247,1.);
#1247 = DIRECTION('',(0.,-1.));
#1248 = ( GEOMETRIC_REPRESENTATION_CONTEXT(2) 
PARAMETRIC_REPRESENTATION_CONTEXT() REPRESENTATION_CONTEXT('2D SPACE',''
  ) );
#1249 = PCURVE('',#1250,#1255);
#1250 = PLANE('',#1251);
#1251 = AXIS2_PLACEMENT_3D('',#1252,#1253,#1254);
#1252 = CARTESIAN_POINT('',(72.5,-145.5,-7.9));
#1253 = DIRECTION('',(0.,0.,1.));
#1254 = DIRECTION('',(1.,0.,-0.));
#1255 = DEFINITIONAL_REPRESENTATION('',(#1256),#1260);
#1256 = LINE('',#1257,#1258);
#1257 = CARTESIAN_POINT('',(12.,0.));
#1258 = VECTOR('',#1259,1.);
#1259 = DIRECTION('',(0.,1.));
#1260 = ( GEOMETRIC_REPRESENTATION_CONTEXT(2) 
PARAMETRIC_REPRESENTATION_CONTEXT() REPRESENTATION_CONTEXT('2D SPACE',''
  ) );
#1261 = ORIENTED_EDGE('',*,*,#1262,.F.);
#1262 = EDGE_CURVE('',#1263,#1235,#1265,.T.);
#1263 = VERTEX_POINT('',#1264);
#1264 = CARTESIAN_POINT('',(84.5,-129.5,-11.9));
#1265 = SURFACE_CURVE('',#1266,(#1270,#1277),.PCURVE_S1.);
#1266 = LINE('',#1267,#1268);
#1267 = CARTESIAN_POINT('',(84.5,-129.5,-11.9));
#1268 = VECTOR('',#1269,1.);
#1269 = DIRECTION('',(0.,0.,1.));
#1270 = PCURVE('',#245,#1271);
#1271 = DEFINITIONAL_REPRESENTATION('',(#1272),#1276);
#1272 = LINE('',#1273,#1274);
#1273 = CARTESIAN_POINT('',(0.,-66.5));
#1274 = VECTOR('',#1275,1.);
#1275 = DIRECTION('',(1.,0.));
#1276 = ( GEOMETRIC_REPRESENTATION_CONTEXT(2) 
PARAMETRIC_REPRESENTATION_CONTEXT() REPRESENTATION_CONTEXT('2D SPACE',''
  ) );
#1277 = PCURVE('',#1278,#1283);
#1278 = PLANE('',#1279);
#1279 = AXIS2_PLACEMENT_3D('',#1280,#1281,#1282);
#1280 = CARTESIAN_POINT('',(72.5,-129.5,-11.9));
#1281 = DIRECTION('',(-0.,1.,0.));
#1282 = DIRECTION('',(0.,0.,1.));
#1283 = DEFINITIONAL_REPRESENTATION('',(#1284),#1288);
#1284 = LINE('',#1285,#1286);
#1285 = CARTESIAN_POINT('',(0.,12.));
#1286 = VECTOR('',#1287,1.);
#1287 = DIRECTION('',(1.,0.));
#1288 = ( GEOMETRIC_REPRESENTATION_CONTEXT(2) 
PARAMETRIC_REPRESENTATION_CONTEXT() REPRESENTATION_CONTEXT('2D SPACE',''
  ) );
#1289 = ORIENTED_EDGE('',*,*,#1290,.T.);
#1290 = EDGE_CURVE('',#1263,#1291,#1293,.T.);
#1291 = VERTEX_POINT('',#1292);
#1292 = CARTESIAN_POINT('',(84.5,-82.,-11.9));
#1293 = SURFACE_CURVE('',#1294,(#1298,#1305),.PCURVE_S1.);
#1294 = LINE('',#1295,#1296);
#1295 = CARTESIAN_POINT('',(84.5,-196.,-11.9));
#1296 = VECTOR('',#1297,1.);
#1297 = DIRECTION('',(-0.,1.,0.));
#1298 = PCURVE('',#245,#1299);
#1299 = DEFINITIONAL_REPRESENTATION('',(#1300),#1304);
#1300 = LINE('',#1301,#1302);
#1301 = CARTESIAN_POINT('',(0.,0.));
#1302 = VECTOR('',#1303,1.);
#1303 = DIRECTION('',(0.,-1.));
#1304 = ( GEOMETRIC_REPRESENTATION_CONTEXT(2) 
PARAMETRIC_REPRESENTATION_CONTEXT() REPRESENTATION_CONTEXT('2D SPACE',''
  ) );
#1305 = PCURVE('',#1194,#1306);
#1306 = DEFINITIONAL_REPRESENTATION('',(#1307),#1311);
#1307 = LINE('',#1308,#1309);
#1308 = CARTESIAN_POINT('',(0.,0.));
#1309 = VECTOR('',#1310,1.);
#1310 = DIRECTION('',(0.,1.));
#1311 = ( GEOMETRIC_REPRESENTATION_CONTEXT(2) 
PARAMETRIC_REPRESENTATION_CONTEXT() REPRESENTATION_CONTEXT('2D SPACE',''
  ) );
#1312 = ORIENTED_EDGE('',*,*,#1313,.T.);
#1313 = EDGE_CURVE('',#1291,#230,#1314,.T.);
#1314 = SURFACE_CURVE('',#1315,(#1319,#1326),.PCURVE_S1.);
#1315 = LINE('',#1316,#1317);
#1316 = CARTESIAN_POINT('',(84.5,-82.,-11.9));
#1317 = VECTOR('',#1318,1.);
#1318 = DIRECTION('',(0.,0.,1.));
#1319 = PCURVE('',#245,#1320);
#1320 = DEFINITIONAL_REPRESENTATION('',(#1321),#1325);
#1321 = LINE('',#1322,#1323);
#1322 = CARTESIAN_POINT('',(0.,-114.));
#1323 = VECTOR('',#1324,1.);
#1324 = DIRECTION('',(1.,0.));
#1325 = ( GEOMETRIC_REPRESENTATION_CONTEXT(2) 
PARAMETRIC_REPRESENTATION_CONTEXT() REPRESENTATION_CONTEXT('2D SPACE',''
  ) );
#1326 = PCURVE('',#451,#1327);
#1327 = DEFINITIONAL_REPRESENTATION('',(#1328),#1332);
#1328 = LINE('',#1329,#1330);
#1329 = CARTESIAN_POINT('',(-0.,0.));
#1330 = VECTOR('',#1331,1.);
#1331 = DIRECTION('',(-0.,1.));
#1332 = ( GEOMETRIC_REPRESENTATION_CONTEXT(2) 
PARAMETRIC_REPRESENTATION_CONTEXT() REPRESENTATION_CONTEXT('2D SPACE',''
  ) );
#1333 = ADVANCED_FACE('',(#1334),#274,.T.);
#1334 = FACE_BOUND('',#1335,.T.);
#1335 = EDGE_LOOP('',(#1336,#1360,#1381,#1382));
#1336 = ORIENTED_EDGE('',*,*,#1337,.T.);
#1337 = EDGE_CURVE('',#1156,#1338,#1340,.T.);
#1338 = VERTEX_POINT('',#1339);
#1339 = CARTESIAN_POINT('',(87.5,-196.,-11.9));
#1340 = SURFACE_CURVE('',#1341,(#1346,#1353),.PCURVE_S1.);
#1341 = CIRCLE('',#1342,3.);
#1342 = AXIS2_PLACEMENT_3D('',#1343,#1344,#1345);
#1343 = CARTESIAN_POINT('',(87.5,-193.,-11.9));
#1344 = DIRECTION('',(0.,0.,1.));
#1345 = DIRECTION('',(0.,-1.,0.));
#1346 = PCURVE('',#274,#1347);
#1347 = DEFINITIONAL_REPRESENTATION('',(#1348),#1352);
#1348 = LINE('',#1349,#1350);
#1349 = CARTESIAN_POINT('',(-4.712388980385,0.));
#1350 = VECTOR('',#1351,1.);
#1351 = DIRECTION('',(1.,0.));
#1352 = ( GEOMETRIC_REPRESENTATION_CONTEXT(2) 
PARAMETRIC_REPRESENTATION_CONTEXT() REPRESENTATION_CONTEXT('2D SPACE',''
  ) );
#1353 = PCURVE('',#1194,#1354);
#1354 = DEFINITIONAL_REPRESENTATION('',(#1355),#1359);
#1355 = CIRCLE('',#1356,3.);
#1356 = AXIS2_PLACEMENT_2D('',#1357,#1358);
#1357 = CARTESIAN_POINT('',(3.,3.));
#1358 = DIRECTION('',(0.,-1.));
#1359 = ( GEOMETRIC_REPRESENTATION_CONTEXT(2) 
PARAMETRIC_REPRESENTATION_CONTEXT() REPRESENTATION_CONTEXT('2D SPACE',''
  ) );
#1360 = ORIENTED_EDGE('',*,*,#1361,.T.);
#1361 = EDGE_CURVE('',#1338,#258,#1362,.T.);
#1362 = SURFACE_CURVE('',#1363,(#1367,#1374),.PCURVE_S1.);
#1363 = LINE('',#1364,#1365);
#1364 = CARTESIAN_POINT('',(87.5,-196.,-11.9));
#1365 = VECTOR('',#1366,1.);
#1366 = DIRECTION('',(0.,0.,1.));
#1367 = PCURVE('',#274,#1368);
#1368 = DEFINITIONAL_REPRESENTATION('',(#1369),#1373);
#1369 = LINE('',#1370,#1371);
#1370 = CARTESIAN_POINT('',(1.570796326795,0.));
#1371 = VECTOR('',#1372,1.);
#1372 = DIRECTION('',(0.,1.));
#1373 = ( GEOMETRIC_REPRESENTATION_CONTEXT(2) 
PARAMETRIC_REPRESENTATION_CONTEXT() REPRESENTATION_CONTEXT('2D SPACE',''
  ) );
#1374 = PCURVE('',#302,#1375);
#1375 = DEFINITIONAL_REPRESENTATION('',(#1376),#1380);
#1376 = LINE('',#1377,#1378);
#1377 = CARTESIAN_POINT('',(0.,3.));
#1378 = VECTOR('',#1379,1.);
#1379 = DIRECTION('',(1.,0.));
#1380 = ( GEOMETRIC_REPRESENTATION_CONTEXT(2) 
PARAMETRIC_REPRESENTATION_CONTEXT() REPRESENTATION_CONTEXT('2D SPACE',''
  ) );
#1381 = ORIENTED_EDGE('',*,*,#257,.F.);
#1382 = ORIENTED_EDGE('',*,*,#1155,.F.);
#1383 = ADVANCED_FACE('',(#1384),#451,.T.);
#1384 = FACE_BOUND('',#1385,.F.);
#1385 = EDGE_LOOP('',(#1386,#1414,#1435,#1436));
#1386 = ORIENTED_EDGE('',*,*,#1387,.T.);
#1387 = EDGE_CURVE('',#1291,#1388,#1390,.T.);
#1388 = VERTEX_POINT('',#1389);
#1389 = CARTESIAN_POINT('',(87.5,-79.,-11.9));
#1390 = SURFACE_CURVE('',#1391,(#1396,#1403),.PCURVE_S1.);
#1391 = CIRCLE('',#1392,3.);
#1392 = AXIS2_PLACEMENT_3D('',#1393,#1394,#1395);
#1393 = CARTESIAN_POINT('',(87.5,-82.,-11.9));
#1394 = DIRECTION('',(-0.,-0.,-1.));
#1395 = DIRECTION('',(0.,-1.,0.));
#1396 = PCURVE('',#451,#1397);
#1397 = DEFINITIONAL_REPRESENTATION('',(#1398),#1402);
#1398 = LINE('',#1399,#1400);
#1399 = CARTESIAN_POINT('',(1.570796326795,-0.));
#1400 = VECTOR('',#1401,1.);
#1401 = DIRECTION('',(-1.,0.));
#1402 = ( GEOMETRIC_REPRESENTATION_CONTEXT(2) 
PARAMETRIC_REPRESENTATION_CONTEXT() REPRESENTATION_CONTEXT('2D SPACE',''
  ) );
#1403 = PCURVE('',#1194,#1404);
#1404 = DEFINITIONAL_REPRESENTATION('',(#1405),#1413);
#1405 = ( BOUNDED_CURVE() B_SPLINE_CURVE(2,(#1406,#1407,#1408,#1409,
#1410,#1411,#1412),.UNSPECIFIED.,.T.,.F.) B_SPLINE_CURVE_WITH_KNOTS((1,2
    ,2,2,2,1),(-2.094395102393,0.,2.094395102393,4.188790204786,
6.28318530718,8.377580409573),.UNSPECIFIED.) CURVE() 
GEOMETRIC_REPRESENTATION_ITEM() RATIONAL_B_SPLINE_CURVE((1.,0.5,1.,0.5,
1.,0.5,1.)) REPRESENTATION_ITEM('') );
#1406 = CARTESIAN_POINT('',(3.,111.));
#1407 = CARTESIAN_POINT('',(-2.196152422707,111.));
#1408 = CARTESIAN_POINT('',(0.401923788647,115.5));
#1409 = CARTESIAN_POINT('',(3.,120.));
#1410 = CARTESIAN_POINT('',(5.598076211353,115.5));
#1411 = CARTESIAN_POINT('',(8.196152422707,111.));
#1412 = CARTESIAN_POINT('',(3.,111.));
#1413 = ( GEOMETRIC_REPRESENTATION_CONTEXT(2) 
PARAMETRIC_REPRESENTATION_CONTEXT() REPRESENTATION_CONTEXT('2D SPACE',''
  ) );
#1414 = ORIENTED_EDGE('',*,*,#1415,.T.);
#1415 = EDGE_CURVE('',#1388,#405,#1416,.T.);
#1416 = SURFACE_CURVE('',#1417,(#1421,#1428),.PCURVE_S1.);
#1417 = LINE('',#1418,#1419);
#1418 = CARTESIAN_POINT('',(87.5,-79.,-11.9));
#1419 = VECTOR('',#1420,1.);
#1420 = DIRECTION('',(0.,0.,1.));
#1421 = PCURVE('',#451,#1422);
#1422 = DEFINITIONAL_REPRESENTATION('',(#1423),#1427);
#1423 = LINE('',#1424,#1425);
#1424 = CARTESIAN_POINT('',(-1.570796326795,0.));
#1425 = VECTOR('',#1426,1.);
#1426 = DIRECTION('',(-0.,1.));
#1427 = ( GEOMETRIC_REPRESENTATION_CONTEXT(2) 
PARAMETRIC_REPRESENTATION_CONTEXT() REPRESENTATION_CONTEXT('2D SPACE',''
  ) );
#1428 = PCURVE('',#420,#1429);
#1429 = DEFINITIONAL_REPRESENTATION('',(#1430),#1434);
#1430 = LINE('',#1431,#1432);
#1431 = CARTESIAN_POINT('',(0.,3.));
#1432 = VECTOR('',#1433,1.);
#1433 = DIRECTION('',(1.,0.));
#1434 = ( GEOMETRIC_REPRESENTATION_CONTEXT(2) 
PARAMETRIC_REPRESENTATION_CONTEXT() REPRESENTATION_CONTEXT('2D SPACE',''
  ) );
#1435 = ORIENTED_EDGE('',*,*,#432,.F.);
#1436 = ORIENTED_EDGE('',*,*,#1313,.F.);
#1437 = ADVANCED_FACE('',(#1438,#1486),#302,.F.);
#1438 = FACE_BOUND('',#1439,.F.);
#1439 = EDGE_LOOP('',(#1440,#1463,#1464,#1465));
#1440 = ORIENTED_EDGE('',*,*,#1441,.F.);
#1441 = EDGE_CURVE('',#1338,#1442,#1444,.T.);
#1442 = VERTEX_POINT('',#1443);
#1443 = CARTESIAN_POINT('',(146.65,-196.,-11.9));
#1444 = SURFACE_CURVE('',#1445,(#1449,#1456),.PCURVE_S1.);
#1445 = LINE('',#1446,#1447);
#1446 = CARTESIAN_POINT('',(84.5,-196.,-11.9));
#1447 = VECTOR('',#1448,1.);
#1448 = DIRECTION('',(1.,0.,-0.));
#1449 = PCURVE('',#302,#1450);
#1450 = DEFINITIONAL_REPRESENTATION('',(#1451),#1455);
#1451 = LINE('',#1452,#1453);
#1452 = CARTESIAN_POINT('',(0.,0.));
#1453 = VECTOR('',#1454,1.);
#1454 = DIRECTION('',(0.,1.));
#1455 = ( GEOMETRIC_REPRESENTATION_CONTEXT(2) 
PARAMETRIC_REPRESENTATION_CONTEXT() REPRESENTATION_CONTEXT('2D SPACE',''
  ) );
#1456 = PCURVE('',#1194,#1457);
#1457 = DEFINITIONAL_REPRESENTATION('',(#1458),#1462);
#1458 = LINE('',#1459,#1460);
#1459 = CARTESIAN_POINT('',(0.,0.));
#1460 = VECTOR('',#1461,1.);
#1461 = DIRECTION('',(1.,0.));
#1462 = ( GEOMETRIC_REPRESENTATION_CONTEXT(2) 
PARAMETRIC_REPRESENTATION_CONTEXT() REPRESENTATION_CONTEXT('2D SPACE',''
  ) );
#1463 = ORIENTED_EDGE('',*,*,#1361,.T.);
#1464 = ORIENTED_EDGE('',*,*,#286,.T.);
#1465 = ORIENTED_EDGE('',*,*,#1466,.F.);
#1466 = EDGE_CURVE('',#1442,#287,#1467,.T.);
#1467 = SURFACE_CURVE('',#1468,(#1472,#1479),.PCURVE_S1.);
#1468 = LINE('',#1469,#1470);
#1469 = CARTESIAN_POINT('',(146.65,-196.,-11.9));
#1470 = VECTOR('',#1471,1.);
#1471 = DIRECTION('',(0.,0.,1.));
#1472 = PCURVE('',#302,#1473);
#1473 = DEFINITIONAL_REPRESENTATION('',(#1474),#1478);
#1474 = LINE('',#1475,#1476);
#1475 = CARTESIAN_POINT('',(0.,62.15));
#1476 = VECTOR('',#1477,1.);
#1477 = DIRECTION('',(1.,0.));
#1478 = ( GEOMETRIC_REPRESENTATION_CONTEXT(2) 
PARAMETRIC_REPRESENTATION_CONTEXT() REPRESENTATION_CONTEXT('2D SPACE',''
  ) );
#1479 = PCURVE('',#335,#1480);
#1480 = DEFINITIONAL_REPRESENTATION('',(#1481),#1485);
#1481 = LINE('',#1482,#1483);
#1482 = CARTESIAN_POINT('',(-1.570796326795,0.));
#1483 = VECTOR('',#1484,1.);
#1484 = DIRECTION('',(-0.,1.));
#1485 = ( GEOMETRIC_REPRESENTATION_CONTEXT(2) 
PARAMETRIC_REPRESENTATION_CONTEXT() REPRESENTATION_CONTEXT('2D SPACE',''
  ) );
#1486 = FACE_BOUND('',#1487,.F.);
#1487 = EDGE_LOOP('',(#1488,#1516,#1542,#1568));
#1488 = ORIENTED_EDGE('',*,*,#1489,.F.);
#1489 = EDGE_CURVE('',#1490,#1492,#1494,.T.);
#1490 = VERTEX_POINT('',#1491);
#1491 = CARTESIAN_POINT('',(100.76,-196.,15.));
#1492 = VERTEX_POINT('',#1493);
#1493 = CARTESIAN_POINT('',(117.64,-196.,15.));
#1494 = SURFACE_CURVE('',#1495,(#1499,#1505),.PCURVE_S1.);
#1495 = LINE('',#1496,#1497);
#1496 = CARTESIAN_POINT('',(92.63,-196.,15.));
#1497 = VECTOR('',#1498,1.);
#1498 = DIRECTION('',(1.,0.,-0.));
#1499 = PCURVE('',#302,#1500);
#1500 = DEFINITIONAL_REPRESENTATION('',(#1501),#1504);
#1501 = B_SPLINE_CURVE_WITH_KNOTS('',1,(#1502,#1503),.UNSPECIFIED.,.F.,
  .F.,(2,2),(8.13,25.01),.PIECEWISE_BEZIER_KNOTS.);
#1502 = CARTESIAN_POINT('',(26.9,16.26));
#1503 = CARTESIAN_POINT('',(26.9,33.14));
#1504 = ( GEOMETRIC_REPRESENTATION_CONTEXT(2) 
PARAMETRIC_REPRESENTATION_CONTEXT() REPRESENTATION_CONTEXT('2D SPACE',''
  ) );
#1505 = PCURVE('',#1506,#1511);
#1506 = PLANE('',#1507);
#1507 = AXIS2_PLACEMENT_3D('',#1508,#1509,#1510);
#1508 = CARTESIAN_POINT('',(100.76,-197.,15.));
#1509 = DIRECTION('',(0.,0.,1.));
#1510 = DIRECTION('',(1.,0.,-0.));
#1511 = DEFINITIONAL_REPRESENTATION('',(#1512),#1515);
#1512 = B_SPLINE_CURVE_WITH_KNOTS('',1,(#1513,#1514),.UNSPECIFIED.,.F.,
  .F.,(2,2),(8.13,25.01),.PIECEWISE_BEZIER_KNOTS.);
#1513 = CARTESIAN_POINT('',(0.,1.));
#1514 = CARTESIAN_POINT('',(16.88,1.));
#1515 = ( GEOMETRIC_REPRESENTATION_CONTEXT(2) 
PARAMETRIC_REPRESENTATION_CONTEXT() REPRESENTATION_CONTEXT('2D SPACE',''
  ) );
#1516 = ORIENTED_EDGE('',*,*,#1517,.T.);
#1517 = EDGE_CURVE('',#1490,#1518,#1520,.T.);
#1518 = VERTEX_POINT('',#1519);
#1519 = CARTESIAN_POINT('',(100.76,-196.,0.26));
#1520 = SURFACE_CURVE('',#1521,(#1525,#1531),.PCURVE_S1.);
#1521 = LINE('',#1522,#1523);
#1522 = CARTESIAN_POINT('',(100.76,-196.,-5.82));
#1523 = VECTOR('',#1524,1.);
#1524 = DIRECTION('',(-0.,0.,-1.));
#1525 = PCURVE('',#302,#1526);
#1526 = DEFINITIONAL_REPRESENTATION('',(#1527),#1530);
#1527 = B_SPLINE_CURVE_WITH_KNOTS('',1,(#1528,#1529),.UNSPECIFIED.,.F.,
  .F.,(2,2),(-20.82,-6.08),.PIECEWISE_BEZIER_KNOTS.);
#1528 = CARTESIAN_POINT('',(26.9,16.26));
#1529 = CARTESIAN_POINT('',(12.16,16.26));
#1530 = ( GEOMETRIC_REPRESENTATION_CONTEXT(2) 
PARAMETRIC_REPRESENTATION_CONTEXT() REPRESENTATION_CONTEXT('2D SPACE',''
  ) );
#1531 = PCURVE('',#1532,#1537);
#1532 = PLANE('',#1533);
#1533 = AXIS2_PLACEMENT_3D('',#1534,#1535,#1536);
#1534 = CARTESIAN_POINT('',(100.76,-197.,0.26));
#1535 = DIRECTION('',(1.,0.,-0.));
#1536 = DIRECTION('',(0.,0.,1.));
#1537 = DEFINITIONAL_REPRESENTATION('',(#1538),#1541);
#1538 = B_SPLINE_CURVE_WITH_KNOTS('',1,(#1539,#1540),.UNSPECIFIED.,.F.,
  .F.,(2,2),(-20.82,-6.08),.PIECEWISE_BEZIER_KNOTS.);
#1539 = CARTESIAN_POINT('',(14.74,-1.));
#1540 = CARTESIAN_POINT('',(0.,-1.));
#1541 = ( GEOMETRIC_REPRESENTATION_CONTEXT(2) 
PARAMETRIC_REPRESENTATION_CONTEXT() REPRESENTATION_CONTEXT('2D SPACE',''
  ) );
#1542 = ORIENTED_EDGE('',*,*,#1543,.T.);
#1543 = EDGE_CURVE('',#1518,#1544,#1546,.T.);
#1544 = VERTEX_POINT('',#1545);
#1545 = CARTESIAN_POINT('',(117.64,-196.,0.26));
#1546 = SURFACE_CURVE('',#1547,(#1551,#1557),.PCURVE_S1.);
#1547 = LINE('',#1548,#1549);
#1548 = CARTESIAN_POINT('',(92.63,-196.,0.26));
#1549 = VECTOR('',#1550,1.);
#1550 = DIRECTION('',(1.,0.,-0.));
#1551 = PCURVE('',#302,#1552);
#1552 = DEFINITIONAL_REPRESENTATION('',(#1553),#1556);
#1553 = B_SPLINE_CURVE_WITH_KNOTS('',1,(#1554,#1555),.UNSPECIFIED.,.F.,
  .F.,(2,2),(8.13,25.01),.PIECEWISE_BEZIER_KNOTS.);
#1554 = CARTESIAN_POINT('',(12.16,16.26));
#1555 = CARTESIAN_POINT('',(12.16,33.14));
#1556 = ( GEOMETRIC_REPRESENTATION_CONTEXT(2) 
PARAMETRIC_REPRESENTATION_CONTEXT() REPRESENTATION_CONTEXT('2D SPACE',''
  ) );
#1557 = PCURVE('',#1558,#1563);
#1558 = PLANE('',#1559);
#1559 = AXIS2_PLACEMENT_3D('',#1560,#1561,#1562);
#1560 = CARTESIAN_POINT('',(100.76,-197.,0.26));
#1561 = DIRECTION('',(0.,0.,1.));
#1562 = DIRECTION('',(1.,0.,-0.));
#1563 = DEFINITIONAL_REPRESENTATION('',(#1564),#1567);
#1564 = B_SPLINE_CURVE_WITH_KNOTS('',1,(#1565,#1566),.UNSPECIFIED.,.F.,
  .F.,(2,2),(8.13,25.01),.PIECEWISE_BEZIER_KNOTS.);
#1565 = CARTESIAN_POINT('',(0.,1.));
#1566 = CARTESIAN_POINT('',(16.88,1.));
#1567 = ( GEOMETRIC_REPRESENTATION_CONTEXT(2) 
PARAMETRIC_REPRESENTATION_CONTEXT() REPRESENTATION_CONTEXT('2D SPACE',''
  ) );
#1568 = ORIENTED_EDGE('',*,*,#1569,.F.);
#1569 = EDGE_CURVE('',#1492,#1544,#1570,.T.);
#1570 = SURFACE_CURVE('',#1571,(#1575,#1581),.PCURVE_S1.);
#1571 = LINE('',#1572,#1573);
#1572 = CARTESIAN_POINT('',(117.64,-196.,-5.82));
#1573 = VECTOR('',#1574,1.);
#1574 = DIRECTION('',(-0.,0.,-1.));
#1575 = PCURVE('',#302,#1576);
#1576 = DEFINITIONAL_REPRESENTATION('',(#1577),#1580);
#1577 = B_SPLINE_CURVE_WITH_KNOTS('',1,(#1578,#1579),.UNSPECIFIED.,.F.,
  .F.,(2,2),(-20.82,-6.08),.PIECEWISE_BEZIER_KNOTS.);
#1578 = CARTESIAN_POINT('',(26.9,33.14));
#1579 = CARTESIAN_POINT('',(12.16,33.14));
#1580 = ( GEOMETRIC_REPRESENTATION_CONTEXT(2) 
PARAMETRIC_REPRESENTATION_CONTEXT() REPRESENTATION_CONTEXT('2D SPACE',''
  ) );
#1581 = PCURVE('',#1582,#1587);
#1582 = PLANE('',#1583);
#1583 = AXIS2_PLACEMENT_3D('',#1584,#1585,#1586);
#1584 = CARTESIAN_POINT('',(117.64,-197.,0.26));
#1585 = DIRECTION('',(1.,0.,-0.));
#1586 = DIRECTION('',(0.,0.,1.));
#1587 = DEFINITIONAL_REPRESENTATION('',(#1588),#1591);
#1588 = B_SPLINE_CURVE_WITH_KNOTS('',1,(#1589,#1590),.UNSPECIFIED.,.F.,
  .F.,(2,2),(-20.82,-6.08),.PIECEWISE_BEZIER_KNOTS.);
#1589 = CARTESIAN_POINT('',(14.74,-1.));
#1590 = CARTESIAN_POINT('',(0.,-1.));
#1591 = ( GEOMETRIC_REPRESENTATION_CONTEXT(2) 
PARAMETRIC_REPRESENTATION_CONTEXT() REPRESENTATION_CONTEXT('2D SPACE',''
  ) );
#1592 = ADVANCED_FACE('',(#1593),#420,.T.);
#1593 = FACE_BOUND('',#1594,.T.);
#1594 = EDGE_LOOP('',(#1595,#1618,#1619,#1620));
#1595 = ORIENTED_EDGE('',*,*,#1596,.F.);
#1596 = EDGE_CURVE('',#1388,#1597,#1599,.T.);
#1597 = VERTEX_POINT('',#1598);
#1598 = CARTESIAN_POINT('',(146.65,-79.,-11.9));
#1599 = SURFACE_CURVE('',#1600,(#1604,#1611),.PCURVE_S1.);
#1600 = LINE('',#1601,#1602);
#1601 = CARTESIAN_POINT('',(84.5,-79.,-11.9));
#1602 = VECTOR('',#1603,1.);
#1603 = DIRECTION('',(1.,0.,-0.));
#1604 = PCURVE('',#420,#1605);
#1605 = DEFINITIONAL_REPRESENTATION('',(#1606),#1610);
#1606 = LINE('',#1607,#1608);
#1607 = CARTESIAN_POINT('',(0.,0.));
#1608 = VECTOR('',#1609,1.);
#1609 = DIRECTION('',(0.,1.));
#1610 = ( GEOMETRIC_REPRESENTATION_CONTEXT(2) 
PARAMETRIC_REPRESENTATION_CONTEXT() REPRESENTATION_CONTEXT('2D SPACE',''
  ) );
#1611 = PCURVE('',#1194,#1612);
#1612 = DEFINITIONAL_REPRESENTATION('',(#1613),#1617);
#1613 = LINE('',#1614,#1615);
#1614 = CARTESIAN_POINT('',(0.,117.));
#1615 = VECTOR('',#1616,1.);
#1616 = DIRECTION('',(1.,0.));
#1617 = ( GEOMETRIC_REPRESENTATION_CONTEXT(2) 
PARAMETRIC_REPRESENTATION_CONTEXT() REPRESENTATION_CONTEXT('2D SPACE',''
  ) );
#1618 = ORIENTED_EDGE('',*,*,#1415,.T.);
#1619 = ORIENTED_EDGE('',*,*,#404,.T.);
#1620 = ORIENTED_EDGE('',*,*,#1621,.F.);
#1621 = EDGE_CURVE('',#1597,#376,#1622,.T.);
#1622 = SURFACE_CURVE('',#1623,(#1627,#1634),.PCURVE_S1.);
#1623 = LINE('',#1624,#1625);
#1624 = CARTESIAN_POINT('',(146.65,-79.,-11.9));
#1625 = VECTOR('',#1626,1.);
#1626 = DIRECTION('',(0.,0.,1.));
#1627 = PCURVE('',#420,#1628);
#1628 = DEFINITIONAL_REPRESENTATION('',(#1629),#1633);
#1629 = LINE('',#1630,#1631);
#1630 = CARTESIAN_POINT('',(0.,62.15));
#1631 = VECTOR('',#1632,1.);
#1632 = DIRECTION('',(1.,0.));
#1633 = ( GEOMETRIC_REPRESENTATION_CONTEXT(2) 
PARAMETRIC_REPRESENTATION_CONTEXT() REPRESENTATION_CONTEXT('2D SPACE',''
  ) );
#1634 = PCURVE('',#392,#1635);
#1635 = DEFINITIONAL_REPRESENTATION('',(#1636),#1640);
#1636 = LINE('',#1637,#1638);
#1637 = CARTESIAN_POINT('',(1.570796326795,0.));
#1638 = VECTOR('',#1639,1.);
#1639 = DIRECTION('',(0.,1.));
#1640 = ( GEOMETRIC_REPRESENTATION_CONTEXT(2) 
PARAMETRIC_REPRESENTATION_CONTEXT() REPRESENTATION_CONTEXT('2D SPACE',''
  ) );
#1641 = ADVANCED_FACE('',(#1642),#335,.T.);
#1642 = FACE_BOUND('',#1643,.F.);
#1643 = EDGE_LOOP('',(#1644,#1672,#1673,#1674));
#1644 = ORIENTED_EDGE('',*,*,#1645,.T.);
#1645 = EDGE_CURVE('',#1646,#1442,#1648,.T.);
#1646 = VERTEX_POINT('',#1647);
#1647 = CARTESIAN_POINT('',(149.65,-193.,-11.9));
#1648 = SURFACE_CURVE('',#1649,(#1654,#1661),.PCURVE_S1.);
#1649 = CIRCLE('',#1650,3.);
#1650 = AXIS2_PLACEMENT_3D('',#1651,#1652,#1653);
#1651 = CARTESIAN_POINT('',(146.65,-193.,-11.9));
#1652 = DIRECTION('',(-0.,-0.,-1.));
#1653 = DIRECTION('',(0.,-1.,0.));
#1654 = PCURVE('',#335,#1655);
#1655 = DEFINITIONAL_REPRESENTATION('',(#1656),#1660);
#1656 = LINE('',#1657,#1658);
#1657 = CARTESIAN_POINT('',(4.712388980385,-0.));
#1658 = VECTOR('',#1659,1.);
#1659 = DIRECTION('',(-1.,0.));
#1660 = ( GEOMETRIC_REPRESENTATION_CONTEXT(2) 
PARAMETRIC_REPRESENTATION_CONTEXT() REPRESENTATION_CONTEXT('2D SPACE',''
  ) );
#1661 = PCURVE('',#1194,#1662);
#1662 = DEFINITIONAL_REPRESENTATION('',(#1663),#1671);
#1663 = ( BOUNDED_CURVE() B_SPLINE_CURVE(2,(#1664,#1665,#1666,#1667,
#1668,#1669,#1670),.UNSPECIFIED.,.T.,.F.) B_SPLINE_CURVE_WITH_KNOTS((1,2
    ,2,2,2,1),(-2.094395102393,0.,2.094395102393,4.188790204786,
6.28318530718,8.377580409573),.UNSPECIFIED.) CURVE() 
GEOMETRIC_REPRESENTATION_ITEM() RATIONAL_B_SPLINE_CURVE((1.,0.5,1.,0.5,
1.,0.5,1.)) REPRESENTATION_ITEM('') );
#1664 = CARTESIAN_POINT('',(62.15,0.));
#1665 = CARTESIAN_POINT('',(56.953847577293,0.));
#1666 = CARTESIAN_POINT('',(59.551923788647,4.5));
#1667 = CARTESIAN_POINT('',(62.15,9.));
#1668 = CARTESIAN_POINT('',(64.748076211353,4.5));
#1669 = CARTESIAN_POINT('',(67.346152422707,4.440892098501E-15));
#1670 = CARTESIAN_POINT('',(62.15,0.));
#1671 = ( GEOMETRIC_REPRESENTATION_CONTEXT(2) 
PARAMETRIC_REPRESENTATION_CONTEXT() REPRESENTATION_CONTEXT('2D SPACE',''
  ) );
#1672 = ORIENTED_EDGE('',*,*,#1466,.T.);
#1673 = ORIENTED_EDGE('',*,*,#314,.F.);
#1674 = ORIENTED_EDGE('',*,*,#1675,.F.);
#1675 = EDGE_CURVE('',#1646,#315,#1676,.T.);
#1676 = SURFACE_CURVE('',#1677,(#1681,#1688),.PCURVE_S1.);
#1677 = LINE('',#1678,#1679);
#1678 = CARTESIAN_POINT('',(149.65,-193.,-11.9));
#1679 = VECTOR('',#1680,1.);
#1680 = DIRECTION('',(0.,0.,1.));
#1681 = PCURVE('',#335,#1682);
#1682 = DEFINITIONAL_REPRESENTATION('',(#1683),#1687);
#1683 = LINE('',#1684,#1685);
#1684 = CARTESIAN_POINT('',(-0.,0.));
#1685 = VECTOR('',#1686,1.);
#1686 = DIRECTION('',(-0.,1.));
#1687 = ( GEOMETRIC_REPRESENTATION_CONTEXT(2) 
PARAMETRIC_REPRESENTATION_CONTEXT() REPRESENTATION_CONTEXT('2D SPACE',''
  ) );
#1688 = PCURVE('',#363,#1689);
#1689 = DEFINITIONAL_REPRESENTATION('',(#1690),#1694);
#1690 = LINE('',#1691,#1692);
#1691 = CARTESIAN_POINT('',(0.,-3.));
#1692 = VECTOR('',#1693,1.);
#1693 = DIRECTION('',(1.,0.));
#1694 = ( GEOMETRIC_REPRESENTATION_CONTEXT(2) 
PARAMETRIC_REPRESENTATION_CONTEXT() REPRESENTATION_CONTEXT('2D SPACE',''
  ) );
#1695 = ADVANCED_FACE('',(#1696),#392,.T.);
#1696 = FACE_BOUND('',#1697,.T.);
#1697 = EDGE_LOOP('',(#1698,#1722,#1723,#1724));
#1698 = ORIENTED_EDGE('',*,*,#1699,.T.);
#1699 = EDGE_CURVE('',#1700,#1597,#1702,.T.);
#1700 = VERTEX_POINT('',#1701);
#1701 = CARTESIAN_POINT('',(149.65,-82.,-11.9));
#1702 = SURFACE_CURVE('',#1703,(#1708,#1715),.PCURVE_S1.);
#1703 = CIRCLE('',#1704,3.);
#1704 = AXIS2_PLACEMENT_3D('',#1705,#1706,#1707);
#1705 = CARTESIAN_POINT('',(146.65,-82.,-11.9));
#1706 = DIRECTION('',(0.,0.,1.));
#1707 = DIRECTION('',(0.,-1.,0.));
#1708 = PCURVE('',#392,#1709);
#1709 = DEFINITIONAL_REPRESENTATION('',(#1710),#1714);
#1710 = LINE('',#1711,#1712);
#1711 = CARTESIAN_POINT('',(-1.570796326795,0.));
#1712 = VECTOR('',#1713,1.);
#1713 = DIRECTION('',(1.,0.));
#1714 = ( GEOMETRIC_REPRESENTATION_CONTEXT(2) 
PARAMETRIC_REPRESENTATION_CONTEXT() REPRESENTATION_CONTEXT('2D SPACE',''
  ) );
#1715 = PCURVE('',#1194,#1716);
#1716 = DEFINITIONAL_REPRESENTATION('',(#1717),#1721);
#1717 = CIRCLE('',#1718,3.);
#1718 = AXIS2_PLACEMENT_2D('',#1719,#1720);
#1719 = CARTESIAN_POINT('',(62.15,114.));
#1720 = DIRECTION('',(0.,-1.));
#1721 = ( GEOMETRIC_REPRESENTATION_CONTEXT(2) 
PARAMETRIC_REPRESENTATION_CONTEXT() REPRESENTATION_CONTEXT('2D SPACE',''
  ) );
#1722 = ORIENTED_EDGE('',*,*,#1621,.T.);
#1723 = ORIENTED_EDGE('',*,*,#375,.F.);
#1724 = ORIENTED_EDGE('',*,*,#1725,.F.);
#1725 = EDGE_CURVE('',#1700,#348,#1726,.T.);
#1726 = SURFACE_CURVE('',#1727,(#1731,#1738),.PCURVE_S1.);
#1727 = LINE('',#1728,#1729);
#1728 = CARTESIAN_POINT('',(149.65,-82.,-11.9));
#1729 = VECTOR('',#1730,1.);
#1730 = DIRECTION('',(0.,0.,1.));
#1731 = PCURVE('',#392,#1732);
#1732 = DEFINITIONAL_REPRESENTATION('',(#1733),#1737);
#1733 = LINE('',#1734,#1735);
#1734 = CARTESIAN_POINT('',(0.,0.));
#1735 = VECTOR('',#1736,1.);
#1736 = DIRECTION('',(0.,1.));
#1737 = ( GEOMETRIC_REPRESENTATION_CONTEXT(2) 
PARAMETRIC_REPRESENTATION_CONTEXT() REPRESENTATION_CONTEXT('2D SPACE',''
  ) );
#1738 = PCURVE('',#363,#1739);
#1739 = DEFINITIONAL_REPRESENTATION('',(#1740),#1744);
#1740 = LINE('',#1741,#1742);
#1741 = CARTESIAN_POINT('',(0.,-114.));
#1742 = VECTOR('',#1743,1.);
#1743 = DIRECTION('',(1.,0.));
#1744 = ( GEOMETRIC_REPRESENTATION_CONTEXT(2) 
PARAMETRIC_REPRESENTATION_CONTEXT() REPRESENTATION_CONTEXT('2D SPACE',''
  ) );
#1745 = ADVANCED_FACE('',(#1746,#1879,#1988),#363,.T.);
#1746 = FACE_BOUND('',#1747,.T.);
#1747 = EDGE_LOOP('',(#1748,#1749,#1750,#1773,#1801,#1829,#1857,#1878));
#1748 = ORIENTED_EDGE('',*,*,#347,.F.);
#1749 = ORIENTED_EDGE('',*,*,#1675,.F.);
#1750 = ORIENTED_EDGE('',*,*,#1751,.T.);
#1751 = EDGE_CURVE('',#1646,#1752,#1754,.T.);
#1752 = VERTEX_POINT('',#1753);
#1753 = CARTESIAN_POINT('',(149.65,-145.5,-11.9));
#1754 = SURFACE_CURVE('',#1755,(#1759,#1766),.PCURVE_S1.);
#1755 = LINE('',#1756,#1757);
#1756 = CARTESIAN_POINT('',(149.65,-196.,-11.9));
#1757 = VECTOR('',#1758,1.);
#1758 = DIRECTION('',(-0.,1.,0.));
#1759 = PCURVE('',#363,#1760);
#1760 = DEFINITIONAL_REPRESENTATION('',(#1761),#1765);
#1761 = LINE('',#1762,#1763);
#1762 = CARTESIAN_POINT('',(0.,0.));
#1763 = VECTOR('',#1764,1.);
#1764 = DIRECTION('',(0.,-1.));
#1765 = ( GEOMETRIC_REPRESENTATION_CONTEXT(2) 
PARAMETRIC_REPRESENTATION_CONTEXT() REPRESENTATION_CONTEXT('2D SPACE',''
  ) );
#1766 = PCURVE('',#1194,#1767);
#1767 = DEFINITIONAL_REPRESENTATION('',(#1768),#1772);
#1768 = LINE('',#1769,#1770);
#1769 = CARTESIAN_POINT('',(65.15,0.));
#1770 = VECTOR('',#1771,1.);
#1771 = DIRECTION('',(0.,1.));
#1772 = ( GEOMETRIC_REPRESENTATION_CONTEXT(2) 
PARAMETRIC_REPRESENTATION_CONTEXT() REPRESENTATION_CONTEXT('2D SPACE',''
  ) );
#1773 = ORIENTED_EDGE('',*,*,#1774,.T.);
#1774 = EDGE_CURVE('',#1752,#1775,#1777,.T.);
#1775 = VERTEX_POINT('',#1776);
#1776 = CARTESIAN_POINT('',(149.65,-145.5,-7.9));
#1777 = SURFACE_CURVE('',#1778,(#1782,#1789),.PCURVE_S1.);
#1778 = LINE('',#1779,#1780);
#1779 = CARTESIAN_POINT('',(149.65,-145.5,-11.9));
#1780 = VECTOR('',#1781,1.);
#1781 = DIRECTION('',(0.,0.,1.));
#1782 = PCURVE('',#363,#1783);
#1783 = DEFINITIONAL_REPRESENTATION('',(#1784),#1788);
#1784 = LINE('',#1785,#1786);
#1785 = CARTESIAN_POINT('',(0.,-50.5));
#1786 = VECTOR('',#1787,1.);
#1787 = DIRECTION('',(1.,0.));
#1788 = ( GEOMETRIC_REPRESENTATION_CONTEXT(2) 
PARAMETRIC_REPRESENTATION_CONTEXT() REPRESENTATION_CONTEXT('2D SPACE',''
  ) );
#1789 = PCURVE('',#1790,#1795);
#1790 = PLANE('',#1791);
#1791 = AXIS2_PLACEMENT_3D('',#1792,#1793,#1794);
#1792 = CARTESIAN_POINT('',(149.65,-145.5,-11.9));
#1793 = DIRECTION('',(-0.,1.,0.));
#1794 = DIRECTION('',(0.,0.,1.));
#1795 = DEFINITIONAL_REPRESENTATION('',(#1796),#1800);
#1796 = LINE('',#1797,#1798);
#1797 = CARTESIAN_POINT('',(0.,0.));
#1798 = VECTOR('',#1799,1.);
#1799 = DIRECTION('',(1.,0.));
#1800 = ( GEOMETRIC_REPRESENTATION_CONTEXT(2) 
PARAMETRIC_REPRESENTATION_CONTEXT() REPRESENTATION_CONTEXT('2D SPACE',''
  ) );
#1801 = ORIENTED_EDGE('',*,*,#1802,.T.);
#1802 = EDGE_CURVE('',#1775,#1803,#1805,.T.);
#1803 = VERTEX_POINT('',#1804);
#1804 = CARTESIAN_POINT('',(149.65,-129.5,-7.9));
#1805 = SURFACE_CURVE('',#1806,(#1810,#1817),.PCURVE_S1.);
#1806 = LINE('',#1807,#1808);
#1807 = CARTESIAN_POINT('',(149.65,-145.5,-7.9));
#1808 = VECTOR('',#1809,1.);
#1809 = DIRECTION('',(-0.,1.,0.));
#1810 = PCURVE('',#363,#1811);
#1811 = DEFINITIONAL_REPRESENTATION('',(#1812),#1816);
#1812 = LINE('',#1813,#1814);
#1813 = CARTESIAN_POINT('',(4.,-50.5));
#1814 = VECTOR('',#1815,1.);
#1815 = DIRECTION('',(0.,-1.));
#1816 = ( GEOMETRIC_REPRESENTATION_CONTEXT(2) 
PARAMETRIC_REPRESENTATION_CONTEXT() REPRESENTATION_CONTEXT('2D SPACE',''
  ) );
#1817 = PCURVE('',#1818,#1823);
#1818 = PLANE('',#1819);
#1819 = AXIS2_PLACEMENT_3D('',#1820,#1821,#1822);
#1820 = CARTESIAN_POINT('',(149.65,-145.5,-7.9));
#1821 = DIRECTION('',(0.,0.,1.));
#1822 = DIRECTION('',(1.,0.,-0.));
#1823 = DEFINITIONAL_REPRESENTATION('',(#1824),#1828);
#1824 = LINE('',#1825,#1826);
#1825 = CARTESIAN_POINT('',(0.,0.));
#1826 = VECTOR('',#1827,1.);
#1827 = DIRECTION('',(0.,1.));
#1828 = ( GEOMETRIC_REPRESENTATION_CONTEXT(2) 
PARAMETRIC_REPRESENTATION_CONTEXT() REPRESENTATION_CONTEXT('2D SPACE',''
  ) );
#1829 = ORIENTED_EDGE('',*,*,#1830,.F.);
#1830 = EDGE_CURVE('',#1831,#1803,#1833,.T.);
#1831 = VERTEX_POINT('',#1832);
#1832 = CARTESIAN_POINT('',(149.65,-129.5,-11.9));
#1833 = SURFACE_CURVE('',#1834,(#1838,#1845),.PCURVE_S1.);
#1834 = LINE('',#1835,#1836);
#1835 = CARTESIAN_POINT('',(149.65,-129.5,-11.9));
#1836 = VECTOR('',#1837,1.);
#1837 = DIRECTION('',(0.,0.,1.));
#1838 = PCURVE('',#363,#1839);
#1839 = DEFINITIONAL_REPRESENTATION('',(#1840),#1844);
#1840 = LINE('',#1841,#1842);
#1841 = CARTESIAN_POINT('',(0.,-66.5));
#1842 = VECTOR('',#1843,1.);
#1843 = DIRECTION('',(1.,0.));
#1844 = ( GEOMETRIC_REPRESENTATION_CONTEXT(2) 
PARAMETRIC_REPRESENTATION_CONTEXT() REPRESENTATION_CONTEXT('2D SPACE',''
  ) );
#1845 = PCURVE('',#1846,#1851);
#1846 = PLANE('',#1847);
#1847 = AXIS2_PLACEMENT_3D('',#1848,#1849,#1850);
#1848 = CARTESIAN_POINT('',(149.65,-129.5,-11.9));
#1849 = DIRECTION('',(-0.,1.,0.));
#1850 = DIRECTION('',(0.,0.,1.));
#1851 = DEFINITIONAL_REPRESENTATION('',(#1852),#1856);
#1852 = LINE('',#1853,#1854);
#1853 = CARTESIAN_POINT('',(0.,0.));
#1854 = VECTOR('',#1855,1.);
#1855 = DIRECTION('',(1.,0.));
#1856 = ( GEOMETRIC_REPRESENTATION_CONTEXT(2) 
PARAMETRIC_REPRESENTATION_CONTEXT() REPRESENTATION_CONTEXT('2D SPACE',''
  ) );
#1857 = ORIENTED_EDGE('',*,*,#1858,.T.);
#1858 = EDGE_CURVE('',#1831,#1700,#1859,.T.);
#1859 = SURFACE_CURVE('',#1860,(#1864,#1871),.PCURVE_S1.);
#1860 = LINE('',#1861,#1862);
#1861 = CARTESIAN_POINT('',(149.65,-196.,-11.9));
#1862 = VECTOR('',#1863,1.);
#1863 = DIRECTION('',(-0.,1.,0.));
#1864 = PCURVE('',#363,#1865);
#1865 = DEFINITIONAL_REPRESENTATION('',(#1866),#1870);
#1866 = LINE('',#1867,#1868);
#1867 = CARTESIAN_POINT('',(0.,0.));
#1868 = VECTOR('',#1869,1.);
#1869 = DIRECTION('',(0.,-1.));
#1870 = ( GEOMETRIC_REPRESENTATION_CONTEXT(2) 
PARAMETRIC_REPRESENTATION_CONTEXT() REPRESENTATION_CONTEXT('2D SPACE',''
  ) );
#1871 = PCURVE('',#1194,#1872);
#1872 = DEFINITIONAL_REPRESENTATION('',(#1873),#1877);
#1873 = LINE('',#1874,#1875);
#1874 = CARTESIAN_POINT('',(65.15,0.));
#1875 = VECTOR('',#1876,1.);
#1876 = DIRECTION('',(0.,1.));
#1877 = ( GEOMETRIC_REPRESENTATION_CONTEXT(2) 
PARAMETRIC_REPRESENTATION_CONTEXT() REPRESENTATION_CONTEXT('2D SPACE',''
  ) );
#1878 = ORIENTED_EDGE('',*,*,#1725,.T.);
#1879 = FACE_BOUND('',#1880,.T.);
#1880 = EDGE_LOOP('',(#1881,#1912,#1938,#1964));
#1881 = ORIENTED_EDGE('',*,*,#1882,.F.);
#1882 = EDGE_CURVE('',#1883,#1885,#1887,.T.);
#1883 = VERTEX_POINT('',#1884);
#1884 = CARTESIAN_POINT('',(149.65,-150.8334523779,20.551452377916));
#1885 = VERTEX_POINT('',#1886);
#1886 = CARTESIAN_POINT('',(149.65,-146.166547622,20.551452377916));
#1887 = SURFACE_CURVE('',#1888,(#1893,#1900),.PCURVE_S1.);
#1888 = CIRCLE('',#1889,3.3);
#1889 = AXIS2_PLACEMENT_3D('',#1890,#1891,#1892);
#1890 = CARTESIAN_POINT('',(149.65,-148.5,18.218));
#1891 = DIRECTION('',(1.,0.,0.));
#1892 = DIRECTION('',(-0.,0.,1.));
#1893 = PCURVE('',#363,#1894);
#1894 = DEFINITIONAL_REPRESENTATION('',(#1895),#1899);
#1895 = CIRCLE('',#1896,3.3);
#1896 = AXIS2_PLACEMENT_2D('',#1897,#1898);
#1897 = CARTESIAN_POINT('',(30.118,-47.5));
#1898 = DIRECTION('',(1.,0.));
#1899 = ( GEOMETRIC_REPRESENTATION_CONTEXT(2) 
PARAMETRIC_REPRESENTATION_CONTEXT() REPRESENTATION_CONTEXT('2D SPACE',''
  ) );
#1900 = PCURVE('',#1901,#1906);
#1901 = CYLINDRICAL_SURFACE('',#1902,3.3);
#1902 = AXIS2_PLACEMENT_3D('',#1903,#1904,#1905);
#1903 = CARTESIAN_POINT('',(145.65,-148.5,18.218));
#1904 = DIRECTION('',(1.,0.,0.));
#1905 = DIRECTION('',(-0.,0.,1.));
#1906 = DEFINITIONAL_REPRESENTATION('',(#1907),#1911);
#1907 = LINE('',#1908,#1909);
#1908 = CARTESIAN_POINT('',(0.,4.));
#1909 = VECTOR('',#1910,1.);
#1910 = DIRECTION('',(1.,0.));
#1911 = ( GEOMETRIC_REPRESENTATION_CONTEXT(2) 
PARAMETRIC_REPRESENTATION_CONTEXT() REPRESENTATION_CONTEXT('2D SPACE',''
  ) );
#1912 = ORIENTED_EDGE('',*,*,#1913,.T.);
#1913 = EDGE_CURVE('',#1883,#1914,#1916,.T.);
#1914 = VERTEX_POINT('',#1915);
#1915 = CARTESIAN_POINT('',(149.65,-148.9,24.218));
#1916 = SURFACE_CURVE('',#1917,(#1921,#1927),.PCURVE_S1.);
#1917 = LINE('',#1918,#1919);
#1918 = CARTESIAN_POINT('',(149.65,-161.4747801455,0.371521665375));
#1919 = VECTOR('',#1920,1.);
#1920 = DIRECTION('',(0.,0.466443482358,0.884551003485));
#1921 = PCURVE('',#363,#1922);
#1922 = DEFINITIONAL_REPRESENTATION('',(#1923),#1926);
#1923 = B_SPLINE_CURVE_WITH_KNOTS('',1,(#1924,#1925),.UNSPECIFIED.,.F.,
  .F.,(2,2),(22.813755942889,26.958850581456),.PIECEWISE_BEZIER_KNOTS.);
#1924 = CARTESIAN_POINT('',(32.451452377916,-45.16654762208));
#1925 = CARTESIAN_POINT('',(36.118,-47.1));
#1926 = ( GEOMETRIC_REPRESENTATION_CONTEXT(2) 
PARAMETRIC_REPRESENTATION_CONTEXT() REPRESENTATION_CONTEXT('2D SPACE',''
  ) );
#1927 = PCURVE('',#1928,#1933);
#1928 = PLANE('',#1929);
#1929 = AXIS2_PLACEMENT_3D('',#1930,#1931,#1932);
#1930 = CARTESIAN_POINT('',(145.65,-148.9,24.218));
#1931 = DIRECTION('',(0.,0.884551003485,-0.466443482358));
#1932 = DIRECTION('',(0.,-0.466443482358,-0.884551003485));
#1933 = DEFINITIONAL_REPRESENTATION('',(#1934),#1937);
#1934 = B_SPLINE_CURVE_WITH_KNOTS('',1,(#1935,#1936),.UNSPECIFIED.,.F.,
  .F.,(2,2),(22.813755942889,26.958850581456),.PIECEWISE_BEZIER_KNOTS.);
#1935 = CARTESIAN_POINT('',(4.145094638567,-4.));
#1936 = CARTESIAN_POINT('',(0.,-4.));
#1937 = ( GEOMETRIC_REPRESENTATION_CONTEXT(2) 
PARAMETRIC_REPRESENTATION_CONTEXT() REPRESENTATION_CONTEXT('2D SPACE',''
  ) );
#1938 = ORIENTED_EDGE('',*,*,#1939,.T.);
#1939 = EDGE_CURVE('',#1914,#1940,#1942,.T.);
#1940 = VERTEX_POINT('',#1941);
#1941 = CARTESIAN_POINT('',(149.65,-148.1,24.218));
#1942 = SURFACE_CURVE('',#1943,(#1947,#1953),.PCURVE_S1.);
#1943 = LINE('',#1944,#1945);
#1944 = CARTESIAN_POINT('',(149.65,-172.05,24.218));
#1945 = VECTOR('',#1946,1.);
#1946 = DIRECTION('',(0.,1.,0.));
#1947 = PCURVE('',#363,#1948);
#1948 = DEFINITIONAL_REPRESENTATION('',(#1949),#1952);
#1949 = B_SPLINE_CURVE_WITH_KNOTS('',1,(#1950,#1951),.UNSPECIFIED.,.F.,
  .F.,(2,2),(23.15,23.95),.PIECEWISE_BEZIER_KNOTS.);
#1950 = CARTESIAN_POINT('',(36.118,-47.1));
#1951 = CARTESIAN_POINT('',(36.118,-47.9));
#1952 = ( GEOMETRIC_REPRESENTATION_CONTEXT(2) 
PARAMETRIC_REPRESENTATION_CONTEXT() REPRESENTATION_CONTEXT('2D SPACE',''
  ) );
#1953 = PCURVE('',#1954,#1959);
#1954 = PLANE('',#1955);
#1955 = AXIS2_PLACEMENT_3D('',#1956,#1957,#1958);
#1956 = CARTESIAN_POINT('',(145.65,-148.1,24.218));
#1957 = DIRECTION('',(0.,0.,-1.));
#1958 = DIRECTION('',(0.,-1.,0.));
#1959 = DEFINITIONAL_REPRESENTATION('',(#1960),#1963);
#1960 = B_SPLINE_CURVE_WITH_KNOTS('',1,(#1961,#1962),.UNSPECIFIED.,.F.,
  .F.,(2,2),(23.15,23.95),.PIECEWISE_BEZIER_KNOTS.);
#1961 = CARTESIAN_POINT('',(0.8,-4.));
#1962 = CARTESIAN_POINT('',(0.,-4.));
#1963 = ( GEOMETRIC_REPRESENTATION_CONTEXT(2) 
PARAMETRIC_REPRESENTATION_CONTEXT() REPRESENTATION_CONTEXT('2D SPACE',''
  ) );
#1964 = ORIENTED_EDGE('',*,*,#1965,.T.);
#1965 = EDGE_CURVE('',#1940,#1885,#1966,.T.);
#1966 = SURFACE_CURVE('',#1967,(#1971,#1977),.PCURVE_S1.);
#1967 = LINE('',#1968,#1969);
#1968 = CARTESIAN_POINT('',(149.65,-144.8930459715,18.136417747785));
#1969 = VECTOR('',#1970,1.);
#1970 = DIRECTION('',(-0.,0.466443482358,-0.884551003485));
#1971 = PCURVE('',#363,#1972);
#1972 = DEFINITIONAL_REPRESENTATION('',(#1973),#1976);
#1973 = B_SPLINE_CURVE_WITH_KNOTS('',1,(#1974,#1975),.UNSPECIFIED.,.F.,
  .F.,(2,2),(-6.875332488749,-2.730237850182),.PIECEWISE_BEZIER_KNOTS.);
#1974 = CARTESIAN_POINT('',(36.118,-47.9));
#1975 = CARTESIAN_POINT('',(32.451452377916,-49.83345237791));
#1976 = ( GEOMETRIC_REPRESENTATION_CONTEXT(2) 
PARAMETRIC_REPRESENTATION_CONTEXT() REPRESENTATION_CONTEXT('2D SPACE',''
  ) );
#1977 = PCURVE('',#1978,#1983);
#1978 = PLANE('',#1979);
#1979 = AXIS2_PLACEMENT_3D('',#1980,#1981,#1982);
#1980 = CARTESIAN_POINT('',(145.65,-146.166547622,20.551452377916));
#1981 = DIRECTION('',(0.,-0.884551003485,-0.466443482358));
#1982 = DIRECTION('',(0.,-0.466443482358,0.884551003485));
#1983 = DEFINITIONAL_REPRESENTATION('',(#1984),#1987);
#1984 = B_SPLINE_CURVE_WITH_KNOTS('',1,(#1985,#1986),.UNSPECIFIED.,.F.,
  .F.,(2,2),(-6.875332488749,-2.730237850182),.PIECEWISE_BEZIER_KNOTS.);
#1985 = CARTESIAN_POINT('',(4.145094638567,-4.));
#1986 = CARTESIAN_POINT('',(0.,-4.));
#1987 = ( GEOMETRIC_REPRESENTATION_CONTEXT(2) 
PARAMETRIC_REPRESENTATION_CONTEXT() REPRESENTATION_CONTEXT('2D SPACE',''
  ) );
#1988 = FACE_BOUND('',#1989,.T.);
#1989 = EDGE_LOOP('',(#1990,#2021,#2049,#2072,#2095,#2118));
#1990 = ORIENTED_EDGE('',*,*,#1991,.F.);
#1991 = EDGE_CURVE('',#1992,#1994,#1996,.T.);
#1992 = VERTEX_POINT('',#1993);
#1993 = CARTESIAN_POINT('',(149.65,-175.8015148038,10.95));
#1994 = VERTEX_POINT('',#1995);
#1995 = CARTESIAN_POINT('',(149.65,-169.1984851961,10.95));
#1996 = SURFACE_CURVE('',#1997,(#2002,#2009),.PCURVE_S1.);
#1997 = CIRCLE('',#1998,5.95);
#1998 = AXIS2_PLACEMENT_3D('',#1999,#2000,#2001);
#1999 = CARTESIAN_POINT('',(149.65,-172.5,6.));
#2000 = DIRECTION('',(1.,0.,0.));
#2001 = DIRECTION('',(-0.,0.,1.));
#2002 = PCURVE('',#363,#2003);
#2003 = DEFINITIONAL_REPRESENTATION('',(#2004),#2008);
#2004 = CIRCLE('',#2005,5.95);
#2005 = AXIS2_PLACEMENT_2D('',#2006,#2007);
#2006 = CARTESIAN_POINT('',(17.9,-23.5));
#2007 = DIRECTION('',(1.,0.));
#2008 = ( GEOMETRIC_REPRESENTATION_CONTEXT(2) 
PARAMETRIC_REPRESENTATION_CONTEXT() REPRESENTATION_CONTEXT('2D SPACE',''
  ) );
#2009 = PCURVE('',#2010,#2015);
#2010 = CYLINDRICAL_SURFACE('',#2011,5.95);
#2011 = AXIS2_PLACEMENT_3D('',#2012,#2013,#2014);
#2012 = CARTESIAN_POINT('',(145.65,-172.5,6.));
#2013 = DIRECTION('',(1.,0.,0.));
#2014 = DIRECTION('',(-0.,0.,1.));
#2015 = DEFINITIONAL_REPRESENTATION('',(#2016),#2020);
#2016 = LINE('',#2017,#2018);
#2017 = CARTESIAN_POINT('',(0.,4.));
#2018 = VECTOR('',#2019,1.);
#2019 = DIRECTION('',(1.,0.));
#2020 = ( GEOMETRIC_REPRESENTATION_CONTEXT(2) 
PARAMETRIC_REPRESENTATION_CONTEXT() REPRESENTATION_CONTEXT('2D SPACE',''
  ) );
#2021 = ORIENTED_EDGE('',*,*,#2022,.F.);
#2022 = EDGE_CURVE('',#2023,#1992,#2025,.T.);
#2023 = VERTEX_POINT('',#2024);
#2024 = CARTESIAN_POINT('',(149.65,-178.95,10.95));
#2025 = SURFACE_CURVE('',#2026,(#2030,#2037),.PCURVE_S1.);
#2026 = LINE('',#2027,#2028);
#2027 = CARTESIAN_POINT('',(149.65,-178.95,10.95));
#2028 = VECTOR('',#2029,1.);
#2029 = DIRECTION('',(-0.,1.,0.));
#2030 = PCURVE('',#363,#2031);
#2031 = DEFINITIONAL_REPRESENTATION('',(#2032),#2036);
#2032 = LINE('',#2033,#2034);
#2033 = CARTESIAN_POINT('',(22.85,-17.05));
#2034 = VECTOR('',#2035,1.);
#2035 = DIRECTION('',(0.,-1.));
#2036 = ( GEOMETRIC_REPRESENTATION_CONTEXT(2) 
PARAMETRIC_REPRESENTATION_CONTEXT() REPRESENTATION_CONTEXT('2D SPACE',''
  ) );
#2037 = PCURVE('',#2038,#2043);
#2038 = PLANE('',#2039);
#2039 = AXIS2_PLACEMENT_3D('',#2040,#2041,#2042);
#2040 = CARTESIAN_POINT('',(149.65,-196.,-11.9));
#2041 = DIRECTION('',(1.,0.,-0.));
#2042 = DIRECTION('',(0.,0.,1.));
#2043 = DEFINITIONAL_REPRESENTATION('',(#2044),#2048);
#2044 = LINE('',#2045,#2046);
#2045 = CARTESIAN_POINT('',(22.85,-17.05));
#2046 = VECTOR('',#2047,1.);
#2047 = DIRECTION('',(0.,-1.));
#2048 = ( GEOMETRIC_REPRESENTATION_CONTEXT(2) 
PARAMETRIC_REPRESENTATION_CONTEXT() REPRESENTATION_CONTEXT('2D SPACE',''
  ) );
#2049 = ORIENTED_EDGE('',*,*,#2050,.T.);
#2050 = EDGE_CURVE('',#2023,#2051,#2053,.T.);
#2051 = VERTEX_POINT('',#2052);
#2052 = CARTESIAN_POINT('',(149.65,-178.95,12.45));
#2053 = SURFACE_CURVE('',#2054,(#2058,#2065),.PCURVE_S1.);
#2054 = LINE('',#2055,#2056);
#2055 = CARTESIAN_POINT('',(149.65,-178.95,10.95));
#2056 = VECTOR('',#2057,1.);
#2057 = DIRECTION('',(0.,0.,1.));
#2058 = PCURVE('',#363,#2059);
#2059 = DEFINITIONAL_REPRESENTATION('',(#2060),#2064);
#2060 = LINE('',#2061,#2062);
#2061 = CARTESIAN_POINT('',(22.85,-17.05));
#2062 = VECTOR('',#2063,1.);
#2063 = DIRECTION('',(1.,0.));
#2064 = ( GEOMETRIC_REPRESENTATION_CONTEXT(2) 
PARAMETRIC_REPRESENTATION_CONTEXT() REPRESENTATION_CONTEXT('2D SPACE',''
  ) );
#2065 = PCURVE('',#2038,#2066);
#2066 = DEFINITIONAL_REPRESENTATION('',(#2067),#2071);
#2067 = LINE('',#2068,#2069);
#2068 = CARTESIAN_POINT('',(22.85,-17.05));
#2069 = VECTOR('',#2070,1.);
#2070 = DIRECTION('',(1.,0.));
#2071 = ( GEOMETRIC_REPRESENTATION_CONTEXT(2) 
PARAMETRIC_REPRESENTATION_CONTEXT() REPRESENTATION_CONTEXT('2D SPACE',''
  ) );
#2072 = ORIENTED_EDGE('',*,*,#2073,.T.);
#2073 = EDGE_CURVE('',#2051,#2074,#2076,.T.);
#2074 = VERTEX_POINT('',#2075);
#2075 = CARTESIAN_POINT('',(149.65,-166.05,12.45));
#2076 = SURFACE_CURVE('',#2077,(#2081,#2088),.PCURVE_S1.);
#2077 = LINE('',#2078,#2079);
#2078 = CARTESIAN_POINT('',(149.65,-178.95,12.45));
#2079 = VECTOR('',#2080,1.);
#2080 = DIRECTION('',(-0.,1.,0.));
#2081 = PCURVE('',#363,#2082);
#2082 = DEFINITIONAL_REPRESENTATION('',(#2083),#2087);
#2083 = LINE('',#2084,#2085);
#2084 = CARTESIAN_POINT('',(24.35,-17.05));
#2085 = VECTOR('',#2086,1.);
#2086 = DIRECTION('',(0.,-1.));
#2087 = ( GEOMETRIC_REPRESENTATION_CONTEXT(2) 
PARAMETRIC_REPRESENTATION_CONTEXT() REPRESENTATION_CONTEXT('2D SPACE',''
  ) );
#2088 = PCURVE('',#2038,#2089);
#2089 = DEFINITIONAL_REPRESENTATION('',(#2090),#2094);
#2090 = LINE('',#2091,#2092);
#2091 = CARTESIAN_POINT('',(24.35,-17.05));
#2092 = VECTOR('',#2093,1.);
#2093 = DIRECTION('',(0.,-1.));
#2094 = ( GEOMETRIC_REPRESENTATION_CONTEXT(2) 
PARAMETRIC_REPRESENTATION_CONTEXT() REPRESENTATION_CONTEXT('2D SPACE',''
  ) );
#2095 = ORIENTED_EDGE('',*,*,#2096,.F.);
#2096 = EDGE_CURVE('',#2097,#2074,#2099,.T.);
#2097 = VERTEX_POINT('',#2098);
#2098 = CARTESIAN_POINT('',(149.65,-166.05,10.95));
#2099 = SURFACE_CURVE('',#2100,(#2104,#2111),.PCURVE_S1.);
#2100 = LINE('',#2101,#2102);
#2101 = CARTESIAN_POINT('',(149.65,-166.05,10.95));
#2102 = VECTOR('',#2103,1.);
#2103 = DIRECTION('',(0.,0.,1.));
#2104 = PCURVE('',#363,#2105);
#2105 = DEFINITIONAL_REPRESENTATION('',(#2106),#2110);
#2106 = LINE('',#2107,#2108);
#2107 = CARTESIAN_POINT('',(22.85,-29.95));
#2108 = VECTOR('',#2109,1.);
#2109 = DIRECTION('',(1.,0.));
#2110 = ( GEOMETRIC_REPRESENTATION_CONTEXT(2) 
PARAMETRIC_REPRESENTATION_CONTEXT() REPRESENTATION_CONTEXT('2D SPACE',''
  ) );
#2111 = PCURVE('',#2038,#2112);
#2112 = DEFINITIONAL_REPRESENTATION('',(#2113),#2117);
#2113 = LINE('',#2114,#2115);
#2114 = CARTESIAN_POINT('',(22.85,-29.95));
#2115 = VECTOR('',#2116,1.);
#2116 = DIRECTION('',(1.,0.));
#2117 = ( GEOMETRIC_REPRESENTATION_CONTEXT(2) 
PARAMETRIC_REPRESENTATION_CONTEXT() REPRESENTATION_CONTEXT('2D SPACE',''
  ) );
#2118 = ORIENTED_EDGE('',*,*,#2119,.F.);
#2119 = EDGE_CURVE('',#1994,#2097,#2120,.T.);
#2120 = SURFACE_CURVE('',#2121,(#2125,#2132),.PCURVE_S1.);
#2121 = LINE('',#2122,#2123);
#2122 = CARTESIAN_POINT('',(149.65,-178.95,10.95));
#2123 = VECTOR('',#2124,1.);
#2124 = DIRECTION('',(-0.,1.,0.));
#2125 = PCURVE('',#363,#2126);
#2126 = DEFINITIONAL_REPRESENTATION('',(#2127),#2131);
#2127 = LINE('',#2128,#2129);
#2128 = CARTESIAN_POINT('',(22.85,-17.05));
#2129 = VECTOR('',#2130,1.);
#2130 = DIRECTION('',(0.,-1.));
#2131 = ( GEOMETRIC_REPRESENTATION_CONTEXT(2) 
PARAMETRIC_REPRESENTATION_CONTEXT() REPRESENTATION_CONTEXT('2D SPACE',''
  ) );
#2132 = PCURVE('',#2038,#2133);
#2133 = DEFINITIONAL_REPRESENTATION('',(#2134),#2138);
#2134 = LINE('',#2135,#2136);
#2135 = CARTESIAN_POINT('',(22.85,-17.05));
#2136 = VECTOR('',#2137,1.);
#2137 = DIRECTION('',(0.,-1.));
#2138 = ( GEOMETRIC_REPRESENTATION_CONTEXT(2) 
PARAMETRIC_REPRESENTATION_CONTEXT() REPRESENTATION_CONTEXT('2D SPACE',''
  ) );
#2139 = ADVANCED_FACE('',(#2140,#2314,#2403),#482,.F.);
#2140 = FACE_BOUND('',#2141,.F.);
#2141 = EDGE_LOOP('',(#2142,#2165,#2193,#2214,#2215,#2216,#2235,#2236,
    #2237,#2263,#2289,#2313));
#2142 = ORIENTED_EDGE('',*,*,#2143,.F.);
#2143 = EDGE_CURVE('',#2144,#466,#2146,.T.);
#2144 = VERTEX_POINT('',#2145);
#2145 = CARTESIAN_POINT('',(146.65,-193.,-9.5));
#2146 = SURFACE_CURVE('',#2147,(#2151,#2158),.PCURVE_S1.);
#2147 = LINE('',#2148,#2149);
#2148 = CARTESIAN_POINT('',(146.65,-193.,-9.5));
#2149 = VECTOR('',#2150,1.);
#2150 = DIRECTION('',(0.,0.,1.));
#2151 = PCURVE('',#482,#2152);
#2152 = DEFINITIONAL_REPRESENTATION('',(#2153),#2157);
#2153 = LINE('',#2154,#2155);
#2154 = CARTESIAN_POINT('',(0.,0.));
#2155 = VECTOR('',#2156,1.);
#2156 = DIRECTION('',(1.,0.));
#2157 = ( GEOMETRIC_REPRESENTATION_CONTEXT(2) 
PARAMETRIC_REPRESENTATION_CONTEXT() REPRESENTATION_CONTEXT('2D SPACE',''
  ) );
#2158 = PCURVE('',#508,#2159);
#2159 = DEFINITIONAL_REPRESENTATION('',(#2160),#2164);
#2160 = LINE('',#2161,#2162);
#2161 = CARTESIAN_POINT('',(0.,59.15));
#2162 = VECTOR('',#2163,1.);
#2163 = DIRECTION('',(1.,0.));
#2164 = ( GEOMETRIC_REPRESENTATION_CONTEXT(2) 
PARAMETRIC_REPRESENTATION_CONTEXT() REPRESENTATION_CONTEXT('2D SPACE',''
  ) );
#2165 = ORIENTED_EDGE('',*,*,#2166,.T.);
#2166 = EDGE_CURVE('',#2144,#2167,#2169,.T.);
#2167 = VERTEX_POINT('',#2168);
#2168 = CARTESIAN_POINT('',(146.65,-82.,-9.5));
#2169 = SURFACE_CURVE('',#2170,(#2174,#2181),.PCURVE_S1.);
#2170 = LINE('',#2171,#2172);
#2171 = CARTESIAN_POINT('',(146.65,-193.,-9.5));
#2172 = VECTOR('',#2173,1.);
#2173 = DIRECTION('',(-0.,1.,0.));
#2174 = PCURVE('',#482,#2175);
#2175 = DEFINITIONAL_REPRESENTATION('',(#2176),#2180);
#2176 = LINE('',#2177,#2178);
#2177 = CARTESIAN_POINT('',(0.,0.));
#2178 = VECTOR('',#2179,1.);
#2179 = DIRECTION('',(0.,-1.));
#2180 = ( GEOMETRIC_REPRESENTATION_CONTEXT(2) 
PARAMETRIC_REPRESENTATION_CONTEXT() REPRESENTATION_CONTEXT('2D SPACE',''
  ) );
#2181 = PCURVE('',#2182,#2187);
#2182 = PLANE('',#2183);
#2183 = AXIS2_PLACEMENT_3D('',#2184,#2185,#2186);
#2184 = CARTESIAN_POINT('',(87.5,-193.,-9.5));
#2185 = DIRECTION('',(0.,0.,1.));
#2186 = DIRECTION('',(1.,0.,-0.));
#2187 = DEFINITIONAL_REPRESENTATION('',(#2188),#2192);
#2188 = LINE('',#2189,#2190);
#2189 = CARTESIAN_POINT('',(59.15,0.));
#2190 = VECTOR('',#2191,1.);
#2191 = DIRECTION('',(0.,1.));
#2192 = ( GEOMETRIC_REPRESENTATION_CONTEXT(2) 
PARAMETRIC_REPRESENTATION_CONTEXT() REPRESENTATION_CONTEXT('2D SPACE',''
  ) );
#2193 = ORIENTED_EDGE('',*,*,#2194,.T.);
#2194 = EDGE_CURVE('',#2167,#842,#2195,.T.);
#2195 = SURFACE_CURVE('',#2196,(#2200,#2207),.PCURVE_S1.);
#2196 = LINE('',#2197,#2198);
#2197 = CARTESIAN_POINT('',(146.65,-82.,-9.5));
#2198 = VECTOR('',#2199,1.);
#2199 = DIRECTION('',(0.,0.,1.));
#2200 = PCURVE('',#482,#2201);
#2201 = DEFINITIONAL_REPRESENTATION('',(#2202),#2206);
#2202 = LINE('',#2203,#2204);
#2203 = CARTESIAN_POINT('',(0.,-111.));
#2204 = VECTOR('',#2205,1.);
#2205 = DIRECTION('',(1.,0.));
#2206 = ( GEOMETRIC_REPRESENTATION_CONTEXT(2) 
PARAMETRIC_REPRESENTATION_CONTEXT() REPRESENTATION_CONTEXT('2D SPACE',''
  ) );
#2207 = PCURVE('',#760,#2208);
#2208 = DEFINITIONAL_REPRESENTATION('',(#2209),#2213);
#2209 = LINE('',#2210,#2211);
#2210 = CARTESIAN_POINT('',(0.,59.15));
#2211 = VECTOR('',#2212,1.);
#2212 = DIRECTION('',(1.,0.));
#2213 = ( GEOMETRIC_REPRESENTATION_CONTEXT(2) 
PARAMETRIC_REPRESENTATION_CONTEXT() REPRESENTATION_CONTEXT('2D SPACE',''
  ) );
#2214 = ORIENTED_EDGE('',*,*,#862,.F.);
#2215 = ORIENTED_EDGE('',*,*,#1032,.F.);
#2216 = ORIENTED_EDGE('',*,*,#2217,.T.);
#2217 = EDGE_CURVE('',#1033,#959,#2218,.T.);
#2218 = SURFACE_CURVE('',#2219,(#2223,#2229),.PCURVE_S1.);
#2219 = LINE('',#2220,#2221);
#2220 = CARTESIAN_POINT('',(146.65,-139.5,15.));
#2221 = VECTOR('',#2222,1.);
#2222 = DIRECTION('',(0.,-1.,0.));
#2223 = PCURVE('',#482,#2224);
#2224 = DEFINITIONAL_REPRESENTATION('',(#2225),#2228);
#2225 = B_SPLINE_CURVE_WITH_KNOTS('',1,(#2226,#2227),.UNSPECIFIED.,.F.,
  .F.,(2,2),(-57.5,-49.),.PIECEWISE_BEZIER_KNOTS.);
#2226 = CARTESIAN_POINT('',(24.5,-111.));
#2227 = CARTESIAN_POINT('',(24.5,-102.5));
#2228 = ( GEOMETRIC_REPRESENTATION_CONTEXT(2) 
PARAMETRIC_REPRESENTATION_CONTEXT() REPRESENTATION_CONTEXT('2D SPACE',''
  ) );
#2229 = PCURVE('',#1016,#2230);
#2230 = DEFINITIONAL_REPRESENTATION('',(#2231),#2234);
#2231 = B_SPLINE_CURVE_WITH_KNOTS('',1,(#2232,#2233),.UNSPECIFIED.,.F.,
  .F.,(2,2),(-57.5,-49.),.PIECEWISE_BEZIER_KNOTS.);
#2232 = CARTESIAN_POINT('',(4.,4.));
#2233 = CARTESIAN_POINT('',(4.,-4.5));
#2234 = ( GEOMETRIC_REPRESENTATION_CONTEXT(2) 
PARAMETRIC_REPRESENTATION_CONTEXT() REPRESENTATION_CONTEXT('2D SPACE',''
  ) );
#2235 = ORIENTED_EDGE('',*,*,#958,.T.);
#2236 = ORIENTED_EDGE('',*,*,#883,.F.);
#2237 = ORIENTED_EDGE('',*,*,#2238,.F.);
#2238 = EDGE_CURVE('',#2239,#884,#2241,.T.);
#2239 = VERTEX_POINT('',#2240);
#2240 = CARTESIAN_POINT('',(146.65,-186.9384471871,15.));
#2241 = SURFACE_CURVE('',#2242,(#2246,#2252),.PCURVE_S1.);
#2242 = LINE('',#2243,#2244);
#2243 = CARTESIAN_POINT('',(146.65,-186.9384471871,15.));
#2244 = VECTOR('',#2245,1.);
#2245 = DIRECTION('',(0.,0.,1.));
#2246 = PCURVE('',#482,#2247);
#2247 = DEFINITIONAL_REPRESENTATION('',(#2248),#2251);
#2248 = B_SPLINE_CURVE_WITH_KNOTS('',1,(#2249,#2250),.UNSPECIFIED.,.F.,
  .F.,(2,2),(-5.999999999062E-07,10.0000006),.PIECEWISE_BEZIER_KNOTS.);
#2249 = CARTESIAN_POINT('',(24.4999994,-6.061552812809));
#2250 = CARTESIAN_POINT('',(34.5000006,-6.061552812809));
#2251 = ( GEOMETRIC_REPRESENTATION_CONTEXT(2) 
PARAMETRIC_REPRESENTATION_CONTEXT() REPRESENTATION_CONTEXT('2D SPACE',''
  ) );
#2252 = PCURVE('',#2253,#2258);
#2253 = CYLINDRICAL_SURFACE('',#2254,4.5);
#2254 = AXIS2_PLACEMENT_3D('',#2255,#2256,#2257);
#2255 = CARTESIAN_POINT('',(142.65,-189.,15.));
#2256 = DIRECTION('',(0.,0.,1.));
#2257 = DIRECTION('',(1.,0.,-0.));
#2258 = DEFINITIONAL_REPRESENTATION('',(#2259),#2262);
#2259 = B_SPLINE_CURVE_WITH_KNOTS('',1,(#2260,#2261),.UNSPECIFIED.,.F.,
  .F.,(2,2),(-5.999999999062E-07,10.0000006),.PIECEWISE_BEZIER_KNOTS.);
#2260 = CARTESIAN_POINT('',(0.47588224966,-5.999999999062E-07));
#2261 = CARTESIAN_POINT('',(0.47588224966,10.0000006));
#2262 = ( GEOMETRIC_REPRESENTATION_CONTEXT(2) 
PARAMETRIC_REPRESENTATION_CONTEXT() REPRESENTATION_CONTEXT('2D SPACE',''
  ) );
#2263 = ORIENTED_EDGE('',*,*,#2264,.T.);
#2264 = EDGE_CURVE('',#2239,#2265,#2267,.T.);
#2265 = VERTEX_POINT('',#2266);
#2266 = CARTESIAN_POINT('',(146.65,-191.0615528128,15.));
#2267 = SURFACE_CURVE('',#2268,(#2272,#2278),.PCURVE_S1.);
#2268 = LINE('',#2269,#2270);
#2269 = CARTESIAN_POINT('',(146.65,-191.,15.));
#2270 = VECTOR('',#2271,1.);
#2271 = DIRECTION('',(0.,-1.,0.));
#2272 = PCURVE('',#482,#2273);
#2273 = DEFINITIONAL_REPRESENTATION('',(#2274),#2277);
#2274 = B_SPLINE_CURVE_WITH_KNOTS('',1,(#2275,#2276),.UNSPECIFIED.,.F.,
  .F.,(2,2),(-6.5,2.),.PIECEWISE_BEZIER_KNOTS.);
#2275 = CARTESIAN_POINT('',(24.5,-8.5));
#2276 = CARTESIAN_POINT('',(24.5,0.));
#2277 = ( GEOMETRIC_REPRESENTATION_CONTEXT(2) 
PARAMETRIC_REPRESENTATION_CONTEXT() REPRESENTATION_CONTEXT('2D SPACE',''
  ) );
#2278 = PCURVE('',#2279,#2284);
#2279 = PLANE('',#2280);
#2280 = AXIS2_PLACEMENT_3D('',#2281,#2282,#2283);
#2281 = CARTESIAN_POINT('',(142.65,-189.,15.));
#2282 = DIRECTION('',(0.,0.,1.));
#2283 = DIRECTION('',(1.,0.,-0.));
#2284 = DEFINITIONAL_REPRESENTATION('',(#2285),#2288);
#2285 = B_SPLINE_CURVE_WITH_KNOTS('',1,(#2286,#2287),.UNSPECIFIED.,.F.,
  .F.,(2,2),(-6.5,2.),.PIECEWISE_BEZIER_KNOTS.);
#2286 = CARTESIAN_POINT('',(4.,4.5));
#2287 = CARTESIAN_POINT('',(4.,-4.));
#2288 = ( GEOMETRIC_REPRESENTATION_CONTEXT(2) 
PARAMETRIC_REPRESENTATION_CONTEXT() REPRESENTATION_CONTEXT('2D SPACE',''
  ) );
#2289 = ORIENTED_EDGE('',*,*,#2290,.T.);
#2290 = EDGE_CURVE('',#2265,#468,#2291,.T.);
#2291 = SURFACE_CURVE('',#2292,(#2296,#2302),.PCURVE_S1.);
#2292 = LINE('',#2293,#2294);
#2293 = CARTESIAN_POINT('',(146.65,-191.0615528128,15.));
#2294 = VECTOR('',#2295,1.);
#2295 = DIRECTION('',(0.,0.,1.));
#2296 = PCURVE('',#482,#2297);
#2297 = DEFINITIONAL_REPRESENTATION('',(#2298),#2301);
#2298 = B_SPLINE_CURVE_WITH_KNOTS('',1,(#2299,#2300),.UNSPECIFIED.,.F.,
  .F.,(2,2),(-5.999999999062E-07,10.0000006),.PIECEWISE_BEZIER_KNOTS.);
#2299 = CARTESIAN_POINT('',(24.4999994,-1.938447187191));
#2300 = CARTESIAN_POINT('',(34.5000006,-1.938447187191));
#2301 = ( GEOMETRIC_REPRESENTATION_CONTEXT(2) 
PARAMETRIC_REPRESENTATION_CONTEXT() REPRESENTATION_CONTEXT('2D SPACE',''
  ) );
#2302 = PCURVE('',#2303,#2308);
#2303 = CYLINDRICAL_SURFACE('',#2304,4.5);
#2304 = AXIS2_PLACEMENT_3D('',#2305,#2306,#2307);
#2305 = CARTESIAN_POINT('',(142.65,-189.,15.));
#2306 = DIRECTION('',(0.,0.,1.));
#2307 = DIRECTION('',(1.,0.,-0.));
#2308 = DEFINITIONAL_REPRESENTATION('',(#2309),#2312);
#2309 = B_SPLINE_CURVE_WITH_KNOTS('',1,(#2310,#2311),.UNSPECIFIED.,.F.,
  .F.,(2,2),(-5.999999999062E-07,10.0000006),.PIECEWISE_BEZIER_KNOTS.);
#2310 = CARTESIAN_POINT('',(5.807303057519,-5.999999999062E-07));
#2311 = CARTESIAN_POINT('',(5.807303057519,10.0000006));
#2312 = ( GEOMETRIC_REPRESENTATION_CONTEXT(2) 
PARAMETRIC_REPRESENTATION_CONTEXT() REPRESENTATION_CONTEXT('2D SPACE',''
  ) );
#2313 = ORIENTED_EDGE('',*,*,#465,.F.);
#2314 = FACE_BOUND('',#2315,.F.);
#2315 = EDGE_LOOP('',(#2316,#2342,#2363,#2384));
#2316 = ORIENTED_EDGE('',*,*,#2317,.F.);
#2317 = EDGE_CURVE('',#2318,#2320,#2322,.T.);
#2318 = VERTEX_POINT('',#2319);
#2319 = CARTESIAN_POINT('',(146.65,-150.8334523779,20.551452377916));
#2320 = VERTEX_POINT('',#2321);
#2321 = CARTESIAN_POINT('',(146.65,-146.166547622,20.551452377916));
#2322 = SURFACE_CURVE('',#2323,(#2328,#2335),.PCURVE_S1.);
#2323 = CIRCLE('',#2324,3.3);
#2324 = AXIS2_PLACEMENT_3D('',#2325,#2326,#2327);
#2325 = CARTESIAN_POINT('',(146.65,-148.5,18.218));
#2326 = DIRECTION('',(1.,0.,0.));
#2327 = DIRECTION('',(-0.,0.,1.));
#2328 = PCURVE('',#482,#2329);
#2329 = DEFINITIONAL_REPRESENTATION('',(#2330),#2334);
#2330 = CIRCLE('',#2331,3.3);
#2331 = AXIS2_PLACEMENT_2D('',#2332,#2333);
#2332 = CARTESIAN_POINT('',(27.718,-44.5));
#2333 = DIRECTION('',(1.,0.));
#2334 = ( GEOMETRIC_REPRESENTATION_CONTEXT(2) 
PARAMETRIC_REPRESENTATION_CONTEXT() REPRESENTATION_CONTEXT('2D SPACE',''
  ) );
#2335 = PCURVE('',#1901,#2336);
#2336 = DEFINITIONAL_REPRESENTATION('',(#2337),#2341);
#2337 = LINE('',#2338,#2339);
#2338 = CARTESIAN_POINT('',(0.,1.));
#2339 = VECTOR('',#2340,1.);
#2340 = DIRECTION('',(1.,0.));
#2341 = ( GEOMETRIC_REPRESENTATION_CONTEXT(2) 
PARAMETRIC_REPRESENTATION_CONTEXT() REPRESENTATION_CONTEXT('2D SPACE',''
  ) );
#2342 = ORIENTED_EDGE('',*,*,#2343,.T.);
#2343 = EDGE_CURVE('',#2318,#2344,#2346,.T.);
#2344 = VERTEX_POINT('',#2345);
#2345 = CARTESIAN_POINT('',(146.65,-148.9,24.218));
#2346 = SURFACE_CURVE('',#2347,(#2351,#2357),.PCURVE_S1.);
#2347 = LINE('',#2348,#2349);
#2348 = CARTESIAN_POINT('',(146.65,-160.6533142017,1.929327814277));
#2349 = VECTOR('',#2350,1.);
#2350 = DIRECTION('',(0.,0.466443482358,0.884551003485));
#2351 = PCURVE('',#482,#2352);
#2352 = DEFINITIONAL_REPRESENTATION('',(#2353),#2356);
#2353 = B_SPLINE_CURVE_WITH_KNOTS('',1,(#2354,#2355),.UNSPECIFIED.,.F.,
  .F.,(2,2),(21.052629515171,25.197724153738),.PIECEWISE_BEZIER_KNOTS.);
#2354 = CARTESIAN_POINT('',(30.051452377916,-42.16654762208));
#2355 = CARTESIAN_POINT('',(33.718,-44.1));
#2356 = ( GEOMETRIC_REPRESENTATION_CONTEXT(2) 
PARAMETRIC_REPRESENTATION_CONTEXT() REPRESENTATION_CONTEXT('2D SPACE',''
  ) );
#2357 = PCURVE('',#1928,#2358);
#2358 = DEFINITIONAL_REPRESENTATION('',(#2359),#2362);
#2359 = B_SPLINE_CURVE_WITH_KNOTS('',1,(#2360,#2361),.UNSPECIFIED.,.F.,
  .F.,(2,2),(21.052629515171,25.197724153738),.PIECEWISE_BEZIER_KNOTS.);
#2360 = CARTESIAN_POINT('',(4.145094638567,-1.));
#2361 = CARTESIAN_POINT('',(0.,-1.));
#2362 = ( GEOMETRIC_REPRESENTATION_CONTEXT(2) 
PARAMETRIC_REPRESENTATION_CONTEXT() REPRESENTATION_CONTEXT('2D SPACE',''
  ) );
#2363 = ORIENTED_EDGE('',*,*,#2364,.T.);
#2364 = EDGE_CURVE('',#2344,#2365,#2367,.T.);
#2365 = VERTEX_POINT('',#2366);
#2366 = CARTESIAN_POINT('',(146.65,-148.1,24.218));
#2367 = SURFACE_CURVE('',#2368,(#2372,#2378),.PCURVE_S1.);
#2368 = LINE('',#2369,#2370);
#2369 = CARTESIAN_POINT('',(146.65,-170.55,24.218));
#2370 = VECTOR('',#2371,1.);
#2371 = DIRECTION('',(0.,1.,0.));
#2372 = PCURVE('',#482,#2373);
#2373 = DEFINITIONAL_REPRESENTATION('',(#2374),#2377);
#2374 = B_SPLINE_CURVE_WITH_KNOTS('',1,(#2375,#2376),.UNSPECIFIED.,.F.,
  .F.,(2,2),(21.65,22.45),.PIECEWISE_BEZIER_KNOTS.);
#2375 = CARTESIAN_POINT('',(33.718,-44.1));
#2376 = CARTESIAN_POINT('',(33.718,-44.9));
#2377 = ( GEOMETRIC_REPRESENTATION_CONTEXT(2) 
PARAMETRIC_REPRESENTATION_CONTEXT() REPRESENTATION_CONTEXT('2D SPACE',''
  ) );
#2378 = PCURVE('',#1954,#2379);
#2379 = DEFINITIONAL_REPRESENTATION('',(#2380),#2383);
#2380 = B_SPLINE_CURVE_WITH_KNOTS('',1,(#2381,#2382),.UNSPECIFIED.,.F.,
  .F.,(2,2),(21.65,22.45),.PIECEWISE_BEZIER_KNOTS.);
#2381 = CARTESIAN_POINT('',(0.8,-1.));
#2382 = CARTESIAN_POINT('',(0.,-1.));
#2383 = ( GEOMETRIC_REPRESENTATION_CONTEXT(2) 
PARAMETRIC_REPRESENTATION_CONTEXT() REPRESENTATION_CONTEXT('2D SPACE',''
  ) );
#2384 = ORIENTED_EDGE('',*,*,#2385,.T.);
#2385 = EDGE_CURVE('',#2365,#2320,#2386,.T.);
#2386 = SURFACE_CURVE('',#2387,(#2391,#2397),.PCURVE_S1.);
#2387 = LINE('',#2388,#2389);
#2388 = CARTESIAN_POINT('',(146.65,-145.0618033486,18.456444745521));
#2389 = VECTOR('',#2390,1.);
#2390 = DIRECTION('',(-0.,0.466443482358,-0.884551003485));
#2391 = PCURVE('',#482,#2392);
#2392 = DEFINITIONAL_REPRESENTATION('',(#2393),#2396);
#2393 = B_SPLINE_CURVE_WITH_KNOTS('',1,(#2394,#2395),.UNSPECIFIED.,.F.,
  .F.,(2,2),(-6.513536508104,-2.368441869537),.PIECEWISE_BEZIER_KNOTS.);
#2394 = CARTESIAN_POINT('',(33.718,-44.9));
#2395 = CARTESIAN_POINT('',(30.051452377916,-46.83345237791));
#2396 = ( GEOMETRIC_REPRESENTATION_CONTEXT(2) 
PARAMETRIC_REPRESENTATION_CONTEXT() REPRESENTATION_CONTEXT('2D SPACE',''
  ) );
#2397 = PCURVE('',#1978,#2398);
#2398 = DEFINITIONAL_REPRESENTATION('',(#2399),#2402);
#2399 = B_SPLINE_CURVE_WITH_KNOTS('',1,(#2400,#2401),.UNSPECIFIED.,.F.,
  .F.,(2,2),(-6.513536508104,-2.368441869537),.PIECEWISE_BEZIER_KNOTS.);
#2400 = CARTESIAN_POINT('',(4.145094638567,-1.));
#2401 = CARTESIAN_POINT('',(0.,-1.));
#2402 = ( GEOMETRIC_REPRESENTATION_CONTEXT(2) 
PARAMETRIC_REPRESENTATION_CONTEXT() REPRESENTATION_CONTEXT('2D SPACE',''
  ) );
#2403 = FACE_BOUND('',#2404,.F.);
#2404 = EDGE_LOOP('',(#2405,#2431,#2459,#2482,#2505,#2528));
#2405 = ORIENTED_EDGE('',*,*,#2406,.F.);
#2406 = EDGE_CURVE('',#2407,#2409,#2411,.T.);
#2407 = VERTEX_POINT('',#2408);
#2408 = CARTESIAN_POINT('',(146.65,-175.8015148038,10.95));
#2409 = VERTEX_POINT('',#2410);
#2410 = CARTESIAN_POINT('',(146.65,-169.1984851961,10.95));
#2411 = SURFACE_CURVE('',#2412,(#2417,#2424),.PCURVE_S1.);
#2412 = CIRCLE('',#2413,5.95);
#2413 = AXIS2_PLACEMENT_3D('',#2414,#2415,#2416);
#2414 = CARTESIAN_POINT('',(146.65,-172.5,6.));
#2415 = DIRECTION('',(1.,0.,0.));
#2416 = DIRECTION('',(-0.,0.,1.));
#2417 = PCURVE('',#482,#2418);
#2418 = DEFINITIONAL_REPRESENTATION('',(#2419),#2423);
#2419 = CIRCLE('',#2420,5.95);
#2420 = AXIS2_PLACEMENT_2D('',#2421,#2422);
#2421 = CARTESIAN_POINT('',(15.5,-20.5));
#2422 = DIRECTION('',(1.,0.));
#2423 = ( GEOMETRIC_REPRESENTATION_CONTEXT(2) 
PARAMETRIC_REPRESENTATION_CONTEXT() REPRESENTATION_CONTEXT('2D SPACE',''
  ) );
#2424 = PCURVE('',#2010,#2425);
#2425 = DEFINITIONAL_REPRESENTATION('',(#2426),#2430);
#2426 = LINE('',#2427,#2428);
#2427 = CARTESIAN_POINT('',(0.,1.));
#2428 = VECTOR('',#2429,1.);
#2429 = DIRECTION('',(1.,0.));
#2430 = ( GEOMETRIC_REPRESENTATION_CONTEXT(2) 
PARAMETRIC_REPRESENTATION_CONTEXT() REPRESENTATION_CONTEXT('2D SPACE',''
  ) );
#2431 = ORIENTED_EDGE('',*,*,#2432,.F.);
#2432 = EDGE_CURVE('',#2433,#2407,#2435,.T.);
#2433 = VERTEX_POINT('',#2434);
#2434 = CARTESIAN_POINT('',(146.65,-178.95,10.95));
#2435 = SURFACE_CURVE('',#2436,(#2440,#2447),.PCURVE_S1.);
#2436 = LINE('',#2437,#2438);
#2437 = CARTESIAN_POINT('',(146.65,-178.95,10.95));
#2438 = VECTOR('',#2439,1.);
#2439 = DIRECTION('',(-0.,1.,0.));
#2440 = PCURVE('',#482,#2441);
#2441 = DEFINITIONAL_REPRESENTATION('',(#2442),#2446);
#2442 = LINE('',#2443,#2444);
#2443 = CARTESIAN_POINT('',(20.45,-14.05));
#2444 = VECTOR('',#2445,1.);
#2445 = DIRECTION('',(0.,-1.));
#2446 = ( GEOMETRIC_REPRESENTATION_CONTEXT(2) 
PARAMETRIC_REPRESENTATION_CONTEXT() REPRESENTATION_CONTEXT('2D SPACE',''
  ) );
#2447 = PCURVE('',#2448,#2453);
#2448 = PLANE('',#2449);
#2449 = AXIS2_PLACEMENT_3D('',#2450,#2451,#2452);
#2450 = CARTESIAN_POINT('',(146.65,-193.,-9.5));
#2451 = DIRECTION('',(1.,0.,-0.));
#2452 = DIRECTION('',(0.,0.,1.));
#2453 = DEFINITIONAL_REPRESENTATION('',(#2454),#2458);
#2454 = LINE('',#2455,#2456);
#2455 = CARTESIAN_POINT('',(20.45,-14.05));
#2456 = VECTOR('',#2457,1.);
#2457 = DIRECTION('',(0.,-1.));
#2458 = ( GEOMETRIC_REPRESENTATION_CONTEXT(2) 
PARAMETRIC_REPRESENTATION_CONTEXT() REPRESENTATION_CONTEXT('2D SPACE',''
  ) );
#2459 = ORIENTED_EDGE('',*,*,#2460,.T.);
#2460 = EDGE_CURVE('',#2433,#2461,#2463,.T.);
#2461 = VERTEX_POINT('',#2462);
#2462 = CARTESIAN_POINT('',(146.65,-178.95,12.45));
#2463 = SURFACE_CURVE('',#2464,(#2468,#2475),.PCURVE_S1.);
#2464 = LINE('',#2465,#2466);
#2465 = CARTESIAN_POINT('',(146.65,-178.95,10.95));
#2466 = VECTOR('',#2467,1.);
#2467 = DIRECTION('',(0.,0.,1.));
#2468 = PCURVE('',#482,#2469);
#2469 = DEFINITIONAL_REPRESENTATION('',(#2470),#2474);
#2470 = LINE('',#2471,#2472);
#2471 = CARTESIAN_POINT('',(20.45,-14.05));
#2472 = VECTOR('',#2473,1.);
#2473 = DIRECTION('',(1.,0.));
#2474 = ( GEOMETRIC_REPRESENTATION_CONTEXT(2) 
PARAMETRIC_REPRESENTATION_CONTEXT() REPRESENTATION_CONTEXT('2D SPACE',''
  ) );
#2475 = PCURVE('',#2448,#2476);
#2476 = DEFINITIONAL_REPRESENTATION('',(#2477),#2481);
#2477 = LINE('',#2478,#2479);
#2478 = CARTESIAN_POINT('',(20.45,-14.05));
#2479 = VECTOR('',#2480,1.);
#2480 = DIRECTION('',(1.,0.));
#2481 = ( GEOMETRIC_REPRESENTATION_CONTEXT(2) 
PARAMETRIC_REPRESENTATION_CONTEXT() REPRESENTATION_CONTEXT('2D SPACE',''
  ) );
#2482 = ORIENTED_EDGE('',*,*,#2483,.T.);
#2483 = EDGE_CURVE('',#2461,#2484,#2486,.T.);
#2484 = VERTEX_POINT('',#2485);
#2485 = CARTESIAN_POINT('',(146.65,-166.05,12.45));
#2486 = SURFACE_CURVE('',#2487,(#2491,#2498),.PCURVE_S1.);
#2487 = LINE('',#2488,#2489);
#2488 = CARTESIAN_POINT('',(146.65,-178.95,12.45));
#2489 = VECTOR('',#2490,1.);
#2490 = DIRECTION('',(-0.,1.,0.));
#2491 = PCURVE('',#482,#2492);
#2492 = DEFINITIONAL_REPRESENTATION('',(#2493),#2497);
#2493 = LINE('',#2494,#2495);
#2494 = CARTESIAN_POINT('',(21.95,-14.05));
#2495 = VECTOR('',#2496,1.);
#2496 = DIRECTION('',(0.,-1.));
#2497 = ( GEOMETRIC_REPRESENTATION_CONTEXT(2) 
PARAMETRIC_REPRESENTATION_CONTEXT() REPRESENTATION_CONTEXT('2D SPACE',''
  ) );
#2498 = PCURVE('',#2448,#2499);
#2499 = DEFINITIONAL_REPRESENTATION('',(#2500),#2504);
#2500 = LINE('',#2501,#2502);
#2501 = CARTESIAN_POINT('',(21.95,-14.05));
#2502 = VECTOR('',#2503,1.);
#2503 = DIRECTION('',(0.,-1.));
#2504 = ( GEOMETRIC_REPRESENTATION_CONTEXT(2) 
PARAMETRIC_REPRESENTATION_CONTEXT() REPRESENTATION_CONTEXT('2D SPACE',''
  ) );
#2505 = ORIENTED_EDGE('',*,*,#2506,.F.);
#2506 = EDGE_CURVE('',#2507,#2484,#2509,.T.);
#2507 = VERTEX_POINT('',#2508);
#2508 = CARTESIAN_POINT('',(146.65,-166.05,10.95));
#2509 = SURFACE_CURVE('',#2510,(#2514,#2521),.PCURVE_S1.);
#2510 = LINE('',#2511,#2512);
#2511 = CARTESIAN_POINT('',(146.65,-166.05,10.95));
#2512 = VECTOR('',#2513,1.);
#2513 = DIRECTION('',(0.,0.,1.));
#2514 = PCURVE('',#482,#2515);
#2515 = DEFINITIONAL_REPRESENTATION('',(#2516),#2520);
#2516 = LINE('',#2517,#2518);
#2517 = CARTESIAN_POINT('',(20.45,-26.95));
#2518 = VECTOR('',#2519,1.);
#2519 = DIRECTION('',(1.,0.));
#2520 = ( GEOMETRIC_REPRESENTATION_CONTEXT(2) 
PARAMETRIC_REPRESENTATION_CONTEXT() REPRESENTATION_CONTEXT('2D SPACE',''
  ) );
#2521 = PCURVE('',#2448,#2522);
#2522 = DEFINITIONAL_REPRESENTATION('',(#2523),#2527);
#2523 = LINE('',#2524,#2525);
#2524 = CARTESIAN_POINT('',(20.45,-26.95));
#2525 = VECTOR('',#2526,1.);
#2526 = DIRECTION('',(1.,0.));
#2527 = ( GEOMETRIC_REPRESENTATION_CONTEXT(2) 
PARAMETRIC_REPRESENTATION_CONTEXT() REPRESENTATION_CONTEXT('2D SPACE',''
  ) );
#2528 = ORIENTED_EDGE('',*,*,#2529,.F.);
#2529 = EDGE_CURVE('',#2409,#2507,#2530,.T.);
#2530 = SURFACE_CURVE('',#2531,(#2535,#2542),.PCURVE_S1.);
#2531 = LINE('',#2532,#2533);
#2532 = CARTESIAN_POINT('',(146.65,-178.95,10.95));
#2533 = VECTOR('',#2534,1.);
#2534 = DIRECTION('',(-0.,1.,0.));
#2535 = PCURVE('',#482,#2536);
#2536 = DEFINITIONAL_REPRESENTATION('',(#2537),#2541);
#2537 = LINE('',#2538,#2539);
#2538 = CARTESIAN_POINT('',(20.45,-14.05));
#2539 = VECTOR('',#2540,1.);
#2540 = DIRECTION('',(0.,-1.));
#2541 = ( GEOMETRIC_REPRESENTATION_CONTEXT(2) 
PARAMETRIC_REPRESENTATION_CONTEXT() REPRESENTATION_CONTEXT('2D SPACE',''
  ) );
#2542 = PCURVE('',#2448,#2543);
#2543 = DEFINITIONAL_REPRESENTATION('',(#2544),#2548);
#2544 = LINE('',#2545,#2546);
#2545 = CARTESIAN_POINT('',(20.45,-14.05));
#2546 = VECTOR('',#2547,1.);
#2547 = DIRECTION('',(0.,-1.));
#2548 = ( GEOMETRIC_REPRESENTATION_CONTEXT(2) 
PARAMETRIC_REPRESENTATION_CONTEXT() REPRESENTATION_CONTEXT('2D SPACE',''
  ) );
#2549 = ADVANCED_FACE('',(#2550),#921,.T.);
#2550 = FACE_BOUND('',#2551,.T.);
#2551 = EDGE_LOOP('',(#2552,#2577,#2578));
#2552 = ORIENTED_EDGE('',*,*,#2553,.F.);
#2553 = EDGE_CURVE('',#468,#884,#2554,.T.);
#2554 = SURFACE_CURVE('',#2555,(#2559,#2565),.PCURVE_S1.);
#2555 = LINE('',#2556,#2557);
#2556 = CARTESIAN_POINT('',(146.65,-194.5,25.));
#2557 = VECTOR('',#2558,1.);
#2558 = DIRECTION('',(-0.,1.,0.));
#2559 = PCURVE('',#921,#2560);
#2560 = DEFINITIONAL_REPRESENTATION('',(#2561),#2564);
#2561 = B_SPLINE_CURVE_WITH_KNOTS('',1,(#2562,#2563),.UNSPECIFIED.,.F.,
  .F.,(2,2),(1.5,112.5),.PIECEWISE_BEZIER_KNOTS.);
#2562 = CARTESIAN_POINT('',(62.15,3.));
#2563 = CARTESIAN_POINT('',(62.15,114.));
#2564 = ( GEOMETRIC_REPRESENTATION_CONTEXT(2) 
PARAMETRIC_REPRESENTATION_CONTEXT() REPRESENTATION_CONTEXT('2D SPACE',''
  ) );
#2565 = PCURVE('',#2566,#2571);
#2566 = PLANE('',#2567);
#2567 = AXIS2_PLACEMENT_3D('',#2568,#2569,#2570);
#2568 = CARTESIAN_POINT('',(142.65,-189.,25.));
#2569 = DIRECTION('',(0.,0.,1.));
#2570 = DIRECTION('',(1.,0.,-0.));
#2571 = DEFINITIONAL_REPRESENTATION('',(#2572),#2576);
#2572 = LINE('',#2573,#2574);
#2573 = CARTESIAN_POINT('',(4.,-5.5));
#2574 = VECTOR('',#2575,1.);
#2575 = DIRECTION('',(0.,1.));
#2576 = ( GEOMETRIC_REPRESENTATION_CONTEXT(2) 
PARAMETRIC_REPRESENTATION_CONTEXT() REPRESENTATION_CONTEXT('2D SPACE',''
  ) );
#2577 = ORIENTED_EDGE('',*,*,#933,.T.);
#2578 = ORIENTED_EDGE('',*,*,#904,.T.);
#2579 = ADVANCED_FACE('',(#2580),#760,.F.);
#2580 = FACE_BOUND('',#2581,.F.);
#2581 = EDGE_LOOP('',(#2582,#2583,#2606,#2627,#2628,#2654,#2680,#2704,
    #2705,#2706,#2725,#2726));
#2582 = ORIENTED_EDGE('',*,*,#2194,.F.);
#2583 = ORIENTED_EDGE('',*,*,#2584,.F.);
#2584 = EDGE_CURVE('',#2585,#2167,#2587,.T.);
#2585 = VERTEX_POINT('',#2586);
#2586 = CARTESIAN_POINT('',(87.5,-82.,-9.5));
#2587 = SURFACE_CURVE('',#2588,(#2592,#2599),.PCURVE_S1.);
#2588 = LINE('',#2589,#2590);
#2589 = CARTESIAN_POINT('',(87.5,-82.,-9.5));
#2590 = VECTOR('',#2591,1.);
#2591 = DIRECTION('',(1.,0.,-0.));
#2592 = PCURVE('',#760,#2593);
#2593 = DEFINITIONAL_REPRESENTATION('',(#2594),#2598);
#2594 = LINE('',#2595,#2596);
#2595 = CARTESIAN_POINT('',(0.,0.));
#2596 = VECTOR('',#2597,1.);
#2597 = DIRECTION('',(0.,1.));
#2598 = ( GEOMETRIC_REPRESENTATION_CONTEXT(2) 
PARAMETRIC_REPRESENTATION_CONTEXT() REPRESENTATION_CONTEXT('2D SPACE',''
  ) );
#2599 = PCURVE('',#2182,#2600);
#2600 = DEFINITIONAL_REPRESENTATION('',(#2601),#2605);
#2601 = LINE('',#2602,#2603);
#2602 = CARTESIAN_POINT('',(0.,111.));
#2603 = VECTOR('',#2604,1.);
#2604 = DIRECTION('',(1.,0.));
#2605 = ( GEOMETRIC_REPRESENTATION_CONTEXT(2) 
PARAMETRIC_REPRESENTATION_CONTEXT() REPRESENTATION_CONTEXT('2D SPACE',''
  ) );
#2606 = ORIENTED_EDGE('',*,*,#2607,.T.);
#2607 = EDGE_CURVE('',#2585,#725,#2608,.T.);
#2608 = SURFACE_CURVE('',#2609,(#2613,#2620),.PCURVE_S1.);
#2609 = LINE('',#2610,#2611);
#2610 = CARTESIAN_POINT('',(87.5,-82.,-9.5));
#2611 = VECTOR('',#2612,1.);
#2612 = DIRECTION('',(0.,0.,1.));
#2613 = PCURVE('',#760,#2614);
#2614 = DEFINITIONAL_REPRESENTATION('',(#2615),#2619);
#2615 = LINE('',#2616,#2617);
#2616 = CARTESIAN_POINT('',(0.,0.));
#2617 = VECTOR('',#2618,1.);
#2618 = DIRECTION('',(1.,0.));
#2619 = ( GEOMETRIC_REPRESENTATION_CONTEXT(2) 
PARAMETRIC_REPRESENTATION_CONTEXT() REPRESENTATION_CONTEXT('2D SPACE',''
  ) );
#2620 = PCURVE('',#634,#2621);
#2621 = DEFINITIONAL_REPRESENTATION('',(#2622),#2626);
#2622 = LINE('',#2623,#2624);
#2623 = CARTESIAN_POINT('',(0.,-111.));
#2624 = VECTOR('',#2625,1.);
#2625 = DIRECTION('',(1.,0.));
#2626 = ( GEOMETRIC_REPRESENTATION_CONTEXT(2) 
PARAMETRIC_REPRESENTATION_CONTEXT() REPRESENTATION_CONTEXT('2D SPACE',''
  ) );
#2627 = ORIENTED_EDGE('',*,*,#745,.F.);
#2628 = ORIENTED_EDGE('',*,*,#2629,.F.);
#2629 = EDGE_CURVE('',#2630,#746,#2632,.T.);
#2630 = VERTEX_POINT('',#2631);
#2631 = CARTESIAN_POINT('',(89.438447187191,-82.,15.));
#2632 = SURFACE_CURVE('',#2633,(#2637,#2643),.PCURVE_S1.);
#2633 = LINE('',#2634,#2635);
#2634 = CARTESIAN_POINT('',(89.438447187191,-82.,15.));
#2635 = VECTOR('',#2636,1.);
#2636 = DIRECTION('',(0.,0.,1.));
#2637 = PCURVE('',#760,#2638);
#2638 = DEFINITIONAL_REPRESENTATION('',(#2639),#2642);
#2639 = B_SPLINE_CURVE_WITH_KNOTS('',1,(#2640,#2641),.UNSPECIFIED.,.F.,
  .F.,(2,2),(-5.999999999062E-07,10.0000006),.PIECEWISE_BEZIER_KNOTS.);
#2640 = CARTESIAN_POINT('',(24.4999994,1.938447187191));
#2641 = CARTESIAN_POINT('',(34.5000006,1.938447187191));
#2642 = ( GEOMETRIC_REPRESENTATION_CONTEXT(2) 
PARAMETRIC_REPRESENTATION_CONTEXT() REPRESENTATION_CONTEXT('2D SPACE',''
  ) );
#2643 = PCURVE('',#2644,#2649);
#2644 = CYLINDRICAL_SURFACE('',#2645,4.5);
#2645 = AXIS2_PLACEMENT_3D('',#2646,#2647,#2648);
#2646 = CARTESIAN_POINT('',(91.5,-86.,15.));
#2647 = DIRECTION('',(0.,0.,1.));
#2648 = DIRECTION('',(1.,0.,-0.));
#2649 = DEFINITIONAL_REPRESENTATION('',(#2650),#2653);
#2650 = B_SPLINE_CURVE_WITH_KNOTS('',1,(#2651,#2652),.UNSPECIFIED.,.F.,
  .F.,(2,2),(-5.999999999062E-07,10.0000006),.PIECEWISE_BEZIER_KNOTS.);
#2651 = CARTESIAN_POINT('',(2.046678576455,-5.999999999062E-07));
#2652 = CARTESIAN_POINT('',(2.046678576455,10.0000006));
#2653 = ( GEOMETRIC_REPRESENTATION_CONTEXT(2) 
PARAMETRIC_REPRESENTATION_CONTEXT() REPRESENTATION_CONTEXT('2D SPACE',''
  ) );
#2654 = ORIENTED_EDGE('',*,*,#2655,.T.);
#2655 = EDGE_CURVE('',#2630,#2656,#2658,.T.);
#2656 = VERTEX_POINT('',#2657);
#2657 = CARTESIAN_POINT('',(93.561552812809,-82.,15.));
#2658 = SURFACE_CURVE('',#2659,(#2663,#2669),.PCURVE_S1.);
#2659 = LINE('',#2660,#2661);
#2660 = CARTESIAN_POINT('',(89.5,-82.,15.));
#2661 = VECTOR('',#2662,1.);
#2662 = DIRECTION('',(1.,0.,-0.));
#2663 = PCURVE('',#760,#2664);
#2664 = DEFINITIONAL_REPRESENTATION('',(#2665),#2668);
#2665 = B_SPLINE_CURVE_WITH_KNOTS('',1,(#2666,#2667),.UNSPECIFIED.,.F.,
  .F.,(2,2),(-2.,6.5),.PIECEWISE_BEZIER_KNOTS.);
#2666 = CARTESIAN_POINT('',(24.5,0.));
#2667 = CARTESIAN_POINT('',(24.5,8.5));
#2668 = ( GEOMETRIC_REPRESENTATION_CONTEXT(2) 
PARAMETRIC_REPRESENTATION_CONTEXT() REPRESENTATION_CONTEXT('2D SPACE',''
  ) );
#2669 = PCURVE('',#2670,#2675);
#2670 = PLANE('',#2671);
#2671 = AXIS2_PLACEMENT_3D('',#2672,#2673,#2674);
#2672 = CARTESIAN_POINT('',(91.5,-86.,15.));
#2673 = DIRECTION('',(0.,0.,1.));
#2674 = DIRECTION('',(1.,0.,-0.));
#2675 = DEFINITIONAL_REPRESENTATION('',(#2676),#2679);
#2676 = B_SPLINE_CURVE_WITH_KNOTS('',1,(#2677,#2678),.UNSPECIFIED.,.F.,
  .F.,(2,2),(-2.,6.5),.PIECEWISE_BEZIER_KNOTS.);
#2677 = CARTESIAN_POINT('',(-4.,4.));
#2678 = CARTESIAN_POINT('',(4.5,4.));
#2679 = ( GEOMETRIC_REPRESENTATION_CONTEXT(2) 
PARAMETRIC_REPRESENTATION_CONTEXT() REPRESENTATION_CONTEXT('2D SPACE',''
  ) );
#2680 = ORIENTED_EDGE('',*,*,#2681,.T.);
#2681 = EDGE_CURVE('',#2656,#772,#2682,.T.);
#2682 = SURFACE_CURVE('',#2683,(#2687,#2693),.PCURVE_S1.);
#2683 = LINE('',#2684,#2685);
#2684 = CARTESIAN_POINT('',(93.561552812809,-82.,15.));
#2685 = VECTOR('',#2686,1.);
#2686 = DIRECTION('',(0.,0.,1.));
#2687 = PCURVE('',#760,#2688);
#2688 = DEFINITIONAL_REPRESENTATION('',(#2689),#2692);
#2689 = B_SPLINE_CURVE_WITH_KNOTS('',1,(#2690,#2691),.UNSPECIFIED.,.F.,
  .F.,(2,2),(-5.999999999062E-07,10.0000006),.PIECEWISE_BEZIER_KNOTS.);
#2690 = CARTESIAN_POINT('',(24.4999994,6.061552812809));
#2691 = CARTESIAN_POINT('',(34.5000006,6.061552812809));
#2692 = ( GEOMETRIC_REPRESENTATION_CONTEXT(2) 
PARAMETRIC_REPRESENTATION_CONTEXT() REPRESENTATION_CONTEXT('2D SPACE',''
  ) );
#2693 = PCURVE('',#2694,#2699);
#2694 = CYLINDRICAL_SURFACE('',#2695,4.5);
#2695 = AXIS2_PLACEMENT_3D('',#2696,#2697,#2698);
#2696 = CARTESIAN_POINT('',(91.5,-86.,15.));
#2697 = DIRECTION('',(0.,0.,1.));
#2698 = DIRECTION('',(1.,0.,-0.));
#2699 = DEFINITIONAL_REPRESENTATION('',(#2700),#2703);
#2700 = B_SPLINE_CURVE_WITH_KNOTS('',1,(#2701,#2702),.UNSPECIFIED.,.F.,
  .F.,(2,2),(-5.999999999062E-07,10.0000006),.PIECEWISE_BEZIER_KNOTS.);
#2701 = CARTESIAN_POINT('',(1.094914077134,-5.999999999062E-07));
#2702 = CARTESIAN_POINT('',(1.094914077134,10.0000006));
#2703 = ( GEOMETRIC_REPRESENTATION_CONTEXT(2) 
PARAMETRIC_REPRESENTATION_CONTEXT() REPRESENTATION_CONTEXT('2D SPACE',''
  ) );
#2704 = ORIENTED_EDGE('',*,*,#800,.F.);
#2705 = ORIENTED_EDGE('',*,*,#980,.F.);
#2706 = ORIENTED_EDGE('',*,*,#2707,.T.);
#2707 = EDGE_CURVE('',#981,#1054,#2708,.T.);
#2708 = SURFACE_CURVE('',#2709,(#2713,#2719),.PCURVE_S1.);
#2709 = LINE('',#2710,#2711);
#2710 = CARTESIAN_POINT('',(115.075,-82.,15.));
#2711 = VECTOR('',#2712,1.);
#2712 = DIRECTION('',(1.,0.,-0.));
#2713 = PCURVE('',#760,#2714);
#2714 = DEFINITIONAL_REPRESENTATION('',(#2715),#2718);
#2715 = B_SPLINE_CURVE_WITH_KNOTS('',1,(#2716,#2717),.UNSPECIFIED.,.F.,
  .F.,(2,2),(23.075,31.575),.PIECEWISE_BEZIER_KNOTS.);
#2716 = CARTESIAN_POINT('',(24.5,50.65));
#2717 = CARTESIAN_POINT('',(24.5,59.15));
#2718 = ( GEOMETRIC_REPRESENTATION_CONTEXT(2) 
PARAMETRIC_REPRESENTATION_CONTEXT() REPRESENTATION_CONTEXT('2D SPACE',''
  ) );
#2719 = PCURVE('',#1016,#2720);
#2720 = DEFINITIONAL_REPRESENTATION('',(#2721),#2724);
#2721 = B_SPLINE_CURVE_WITH_KNOTS('',1,(#2722,#2723),.UNSPECIFIED.,.F.,
  .F.,(2,2),(23.075,31.575),.PIECEWISE_BEZIER_KNOTS.);
#2722 = CARTESIAN_POINT('',(-4.5,4.));
#2723 = CARTESIAN_POINT('',(4.,4.));
#2724 = ( GEOMETRIC_REPRESENTATION_CONTEXT(2) 
PARAMETRIC_REPRESENTATION_CONTEXT() REPRESENTATION_CONTEXT('2D SPACE',''
  ) );
#2725 = ORIENTED_EDGE('',*,*,#1077,.T.);
#2726 = ORIENTED_EDGE('',*,*,#841,.F.);
#2727 = ADVANCED_FACE('',(#2728),#788,.T.);
#2728 = FACE_BOUND('',#2729,.T.);
#2729 = EDGE_LOOP('',(#2730,#2755));
#2730 = ORIENTED_EDGE('',*,*,#2731,.F.);
#2731 = EDGE_CURVE('',#772,#746,#2732,.T.);
#2732 = SURFACE_CURVE('',#2733,(#2737,#2743),.PCURVE_S1.);
#2733 = LINE('',#2734,#2735);
#2734 = CARTESIAN_POINT('',(86.,-82.,25.));
#2735 = VECTOR('',#2736,1.);
#2736 = DIRECTION('',(-1.,-0.,0.));
#2737 = PCURVE('',#788,#2738);
#2738 = DEFINITIONAL_REPRESENTATION('',(#2739),#2742);
#2739 = B_SPLINE_CURVE_WITH_KNOTS('',1,(#2740,#2741),.UNSPECIFIED.,.F.,
  .F.,(2,2),(-60.65,-1.5),.PIECEWISE_BEZIER_KNOTS.);
#2740 = CARTESIAN_POINT('',(62.15,114.));
#2741 = CARTESIAN_POINT('',(3.,114.));
#2742 = ( GEOMETRIC_REPRESENTATION_CONTEXT(2) 
PARAMETRIC_REPRESENTATION_CONTEXT() REPRESENTATION_CONTEXT('2D SPACE',''
  ) );
#2743 = PCURVE('',#2744,#2749);
#2744 = PLANE('',#2745);
#2745 = AXIS2_PLACEMENT_3D('',#2746,#2747,#2748);
#2746 = CARTESIAN_POINT('',(91.5,-86.,25.));
#2747 = DIRECTION('',(0.,0.,1.));
#2748 = DIRECTION('',(1.,0.,-0.));
#2749 = DEFINITIONAL_REPRESENTATION('',(#2750),#2754);
#2750 = LINE('',#2751,#2752);
#2751 = CARTESIAN_POINT('',(-5.5,4.));
#2752 = VECTOR('',#2753,1.);
#2753 = DIRECTION('',(-1.,0.));
#2754 = ( GEOMETRIC_REPRESENTATION_CONTEXT(2) 
PARAMETRIC_REPRESENTATION_CONTEXT() REPRESENTATION_CONTEXT('2D SPACE',''
  ) );
#2755 = ORIENTED_EDGE('',*,*,#771,.T.);
#2756 = ADVANCED_FACE('',(#2757),#634,.T.);
#2757 = FACE_BOUND('',#2758,.T.);
#2758 = EDGE_LOOP('',(#2759,#2782,#2803,#2804,#2805,#2826,#2847,#2871,
    #2872,#2898,#2924,#2948));
#2759 = ORIENTED_EDGE('',*,*,#2760,.F.);
#2760 = EDGE_CURVE('',#2761,#599,#2763,.T.);
#2761 = VERTEX_POINT('',#2762);
#2762 = CARTESIAN_POINT('',(87.5,-193.,-9.5));
#2763 = SURFACE_CURVE('',#2764,(#2768,#2775),.PCURVE_S1.);
#2764 = LINE('',#2765,#2766);
#2765 = CARTESIAN_POINT('',(87.5,-193.,-9.5));
#2766 = VECTOR('',#2767,1.);
#2767 = DIRECTION('',(0.,0.,1.));
#2768 = PCURVE('',#634,#2769);
#2769 = DEFINITIONAL_REPRESENTATION('',(#2770),#2774);
#2770 = LINE('',#2771,#2772);
#2771 = CARTESIAN_POINT('',(0.,0.));
#2772 = VECTOR('',#2773,1.);
#2773 = DIRECTION('',(1.,0.));
#2774 = ( GEOMETRIC_REPRESENTATION_CONTEXT(2) 
PARAMETRIC_REPRESENTATION_CONTEXT() REPRESENTATION_CONTEXT('2D SPACE',''
  ) );
#2775 = PCURVE('',#508,#2776);
#2776 = DEFINITIONAL_REPRESENTATION('',(#2777),#2781);
#2777 = LINE('',#2778,#2779);
#2778 = CARTESIAN_POINT('',(0.,0.));
#2779 = VECTOR('',#2780,1.);
#2780 = DIRECTION('',(1.,0.));
#2781 = ( GEOMETRIC_REPRESENTATION_CONTEXT(2) 
PARAMETRIC_REPRESENTATION_CONTEXT() REPRESENTATION_CONTEXT('2D SPACE',''
  ) );
#2782 = ORIENTED_EDGE('',*,*,#2783,.T.);
#2783 = EDGE_CURVE('',#2761,#2585,#2784,.T.);
#2784 = SURFACE_CURVE('',#2785,(#2789,#2796),.PCURVE_S1.);
#2785 = LINE('',#2786,#2787);
#2786 = CARTESIAN_POINT('',(87.5,-193.,-9.5));
#2787 = VECTOR('',#2788,1.);
#2788 = DIRECTION('',(-0.,1.,0.));
#2789 = PCURVE('',#634,#2790);
#2790 = DEFINITIONAL_REPRESENTATION('',(#2791),#2795);
#2791 = LINE('',#2792,#2793);
#2792 = CARTESIAN_POINT('',(0.,0.));
#2793 = VECTOR('',#2794,1.);
#2794 = DIRECTION('',(0.,-1.));
#2795 = ( GEOMETRIC_REPRESENTATION_CONTEXT(2) 
PARAMETRIC_REPRESENTATION_CONTEXT() REPRESENTATION_CONTEXT('2D SPACE',''
  ) );
#2796 = PCURVE('',#2182,#2797);
#2797 = DEFINITIONAL_REPRESENTATION('',(#2798),#2802);
#2798 = LINE('',#2799,#2800);
#2799 = CARTESIAN_POINT('',(0.,0.));
#2800 = VECTOR('',#2801,1.);
#2801 = DIRECTION('',(0.,1.));
#2802 = ( GEOMETRIC_REPRESENTATION_CONTEXT(2) 
PARAMETRIC_REPRESENTATION_CONTEXT() REPRESENTATION_CONTEXT('2D SPACE',''
  ) );
#2803 = ORIENTED_EDGE('',*,*,#2607,.T.);
#2804 = ORIENTED_EDGE('',*,*,#724,.F.);
#2805 = ORIENTED_EDGE('',*,*,#2806,.F.);
#2806 = EDGE_CURVE('',#2807,#696,#2809,.T.);
#2807 = VERTEX_POINT('',#2808);
#2808 = CARTESIAN_POINT('',(87.5,-83.93844718719,15.));
#2809 = SURFACE_CURVE('',#2810,(#2814,#2820),.PCURVE_S1.);
#2810 = LINE('',#2811,#2812);
#2811 = CARTESIAN_POINT('',(87.5,-83.93844718719,15.));
#2812 = VECTOR('',#2813,1.);
#2813 = DIRECTION('',(0.,0.,1.));
#2814 = PCURVE('',#634,#2815);
#2815 = DEFINITIONAL_REPRESENTATION('',(#2816),#2819);
#2816 = B_SPLINE_CURVE_WITH_KNOTS('',1,(#2817,#2818),.UNSPECIFIED.,.F.,
  .F.,(2,2),(-5.999999999062E-07,10.0000006),.PIECEWISE_BEZIER_KNOTS.);
#2817 = CARTESIAN_POINT('',(24.4999994,-109.0615528128));
#2818 = CARTESIAN_POINT('',(34.5000006,-109.0615528128));
#2819 = ( GEOMETRIC_REPRESENTATION_CONTEXT(2) 
PARAMETRIC_REPRESENTATION_CONTEXT() REPRESENTATION_CONTEXT('2D SPACE',''
  ) );
#2820 = PCURVE('',#2644,#2821);
#2821 = DEFINITIONAL_REPRESENTATION('',(#2822),#2825);
#2822 = B_SPLINE_CURVE_WITH_KNOTS('',1,(#2823,#2824),.UNSPECIFIED.,.F.,
  .F.,(2,2),(-5.999999999062E-07,10.0000006),.PIECEWISE_BEZIER_KNOTS.);
#2823 = CARTESIAN_POINT('',(2.665710403929,-5.999999999062E-07));
#2824 = CARTESIAN_POINT('',(2.665710403929,10.0000006));
#2825 = ( GEOMETRIC_REPRESENTATION_CONTEXT(2) 
PARAMETRIC_REPRESENTATION_CONTEXT() REPRESENTATION_CONTEXT('2D SPACE',''
  ) );
#2826 = ORIENTED_EDGE('',*,*,#2827,.T.);
#2827 = EDGE_CURVE('',#2807,#2828,#2830,.T.);
#2828 = VERTEX_POINT('',#2829);
#2829 = CARTESIAN_POINT('',(87.5,-88.0615528128,15.));
#2830 = SURFACE_CURVE('',#2831,(#2835,#2841),.PCURVE_S1.);
#2831 = LINE('',#2832,#2833);
#2832 = CARTESIAN_POINT('',(87.5,-139.5,15.));
#2833 = VECTOR('',#2834,1.);
#2834 = DIRECTION('',(0.,-1.,0.));
#2835 = PCURVE('',#634,#2836);
#2836 = DEFINITIONAL_REPRESENTATION('',(#2837),#2840);
#2837 = B_SPLINE_CURVE_WITH_KNOTS('',1,(#2838,#2839),.UNSPECIFIED.,.F.,
  .F.,(2,2),(-57.5,-49.),.PIECEWISE_BEZIER_KNOTS.);
#2838 = CARTESIAN_POINT('',(24.5,-111.));
#2839 = CARTESIAN_POINT('',(24.5,-102.5));
#2840 = ( GEOMETRIC_REPRESENTATION_CONTEXT(2) 
PARAMETRIC_REPRESENTATION_CONTEXT() REPRESENTATION_CONTEXT('2D SPACE',''
  ) );
#2841 = PCURVE('',#2670,#2842);
#2842 = DEFINITIONAL_REPRESENTATION('',(#2843),#2846);
#2843 = B_SPLINE_CURVE_WITH_KNOTS('',1,(#2844,#2845),.UNSPECIFIED.,.F.,
  .F.,(2,2),(-57.5,-49.),.PIECEWISE_BEZIER_KNOTS.);
#2844 = CARTESIAN_POINT('',(-4.,4.));
#2845 = CARTESIAN_POINT('',(-4.,-4.5));
#2846 = ( GEOMETRIC_REPRESENTATION_CONTEXT(2) 
PARAMETRIC_REPRESENTATION_CONTEXT() REPRESENTATION_CONTEXT('2D SPACE',''
  ) );
#2847 = ORIENTED_EDGE('',*,*,#2848,.T.);
#2848 = EDGE_CURVE('',#2828,#675,#2849,.T.);
#2849 = SURFACE_CURVE('',#2850,(#2854,#2860),.PCURVE_S1.);
#2850 = LINE('',#2851,#2852);
#2851 = CARTESIAN_POINT('',(87.5,-88.0615528128,15.));
#2852 = VECTOR('',#2853,1.);
#2853 = DIRECTION('',(0.,0.,1.));
#2854 = PCURVE('',#634,#2855);
#2855 = DEFINITIONAL_REPRESENTATION('',(#2856),#2859);
#2856 = B_SPLINE_CURVE_WITH_KNOTS('',1,(#2857,#2858),.UNSPECIFIED.,.F.,
  .F.,(2,2),(-5.999999999062E-07,10.0000006),.PIECEWISE_BEZIER_KNOTS.);
#2857 = CARTESIAN_POINT('',(24.4999994,-104.9384471871));
#2858 = CARTESIAN_POINT('',(34.5000006,-104.9384471871));
#2859 = ( GEOMETRIC_REPRESENTATION_CONTEXT(2) 
PARAMETRIC_REPRESENTATION_CONTEXT() REPRESENTATION_CONTEXT('2D SPACE',''
  ) );
#2860 = PCURVE('',#2861,#2866);
#2861 = CYLINDRICAL_SURFACE('',#2862,4.5);
#2862 = AXIS2_PLACEMENT_3D('',#2863,#2864,#2865);
#2863 = CARTESIAN_POINT('',(91.5,-86.,15.));
#2864 = DIRECTION('',(0.,0.,1.));
#2865 = DIRECTION('',(1.,0.,-0.));
#2866 = DEFINITIONAL_REPRESENTATION('',(#2867),#2870);
#2867 = B_SPLINE_CURVE_WITH_KNOTS('',1,(#2868,#2869),.UNSPECIFIED.,.F.,
  .F.,(2,2),(-5.999999999062E-07,10.0000006),.PIECEWISE_BEZIER_KNOTS.);
#2868 = CARTESIAN_POINT('',(3.61747490325,-5.999999999062E-07));
#2869 = CARTESIAN_POINT('',(3.61747490325,10.0000006));
#2870 = ( GEOMETRIC_REPRESENTATION_CONTEXT(2) 
PARAMETRIC_REPRESENTATION_CONTEXT() REPRESENTATION_CONTEXT('2D SPACE',''
  ) );
#2871 = ORIENTED_EDGE('',*,*,#674,.F.);
#2872 = ORIENTED_EDGE('',*,*,#2873,.F.);
#2873 = EDGE_CURVE('',#2874,#646,#2876,.T.);
#2874 = VERTEX_POINT('',#2875);
#2875 = CARTESIAN_POINT('',(87.5,-186.9384471871,15.));
#2876 = SURFACE_CURVE('',#2877,(#2881,#2887),.PCURVE_S1.);
#2877 = LINE('',#2878,#2879);
#2878 = CARTESIAN_POINT('',(87.5,-186.9384471871,15.));
#2879 = VECTOR('',#2880,1.);
#2880 = DIRECTION('',(0.,0.,1.));
#2881 = PCURVE('',#634,#2882);
#2882 = DEFINITIONAL_REPRESENTATION('',(#2883),#2886);
#2883 = B_SPLINE_CURVE_WITH_KNOTS('',1,(#2884,#2885),.UNSPECIFIED.,.F.,
  .F.,(2,2),(-5.999999999062E-07,10.0000006),.PIECEWISE_BEZIER_KNOTS.);
#2884 = CARTESIAN_POINT('',(24.4999994,-6.061552812809));
#2885 = CARTESIAN_POINT('',(34.5000006,-6.061552812809));
#2886 = ( GEOMETRIC_REPRESENTATION_CONTEXT(2) 
PARAMETRIC_REPRESENTATION_CONTEXT() REPRESENTATION_CONTEXT('2D SPACE',''
  ) );
#2887 = PCURVE('',#2888,#2893);
#2888 = CYLINDRICAL_SURFACE('',#2889,4.5);
#2889 = AXIS2_PLACEMENT_3D('',#2890,#2891,#2892);
#2890 = CARTESIAN_POINT('',(91.5,-189.,15.));
#2891 = DIRECTION('',(0.,0.,1.));
#2892 = DIRECTION('',(1.,0.,-0.));
#2893 = DEFINITIONAL_REPRESENTATION('',(#2894),#2897);
#2894 = B_SPLINE_CURVE_WITH_KNOTS('',1,(#2895,#2896),.UNSPECIFIED.,.F.,
  .F.,(2,2),(-5.999999999062E-07,10.0000006),.PIECEWISE_BEZIER_KNOTS.);
#2895 = CARTESIAN_POINT('',(2.665710403929,-5.999999999062E-07));
#2896 = CARTESIAN_POINT('',(2.665710403929,10.0000006));
#2897 = ( GEOMETRIC_REPRESENTATION_CONTEXT(2) 
PARAMETRIC_REPRESENTATION_CONTEXT() REPRESENTATION_CONTEXT('2D SPACE',''
  ) );
#2898 = ORIENTED_EDGE('',*,*,#2899,.T.);
#2899 = EDGE_CURVE('',#2874,#2900,#2902,.T.);
#2900 = VERTEX_POINT('',#2901);
#2901 = CARTESIAN_POINT('',(87.5,-191.0615528128,15.));
#2902 = SURFACE_CURVE('',#2903,(#2907,#2913),.PCURVE_S1.);
#2903 = LINE('',#2904,#2905);
#2904 = CARTESIAN_POINT('',(87.5,-191.,15.));
#2905 = VECTOR('',#2906,1.);
#2906 = DIRECTION('',(0.,-1.,0.));
#2907 = PCURVE('',#634,#2908);
#2908 = DEFINITIONAL_REPRESENTATION('',(#2909),#2912);
#2909 = B_SPLINE_CURVE_WITH_KNOTS('',1,(#2910,#2911),.UNSPECIFIED.,.F.,
  .F.,(2,2),(-6.5,2.),.PIECEWISE_BEZIER_KNOTS.);
#2910 = CARTESIAN_POINT('',(24.5,-8.5));
#2911 = CARTESIAN_POINT('',(24.5,0.));
#2912 = ( GEOMETRIC_REPRESENTATION_CONTEXT(2) 
PARAMETRIC_REPRESENTATION_CONTEXT() REPRESENTATION_CONTEXT('2D SPACE',''
  ) );
#2913 = PCURVE('',#2914,#2919);
#2914 = PLANE('',#2915);
#2915 = AXIS2_PLACEMENT_3D('',#2916,#2917,#2918);
#2916 = CARTESIAN_POINT('',(91.5,-189.,15.));
#2917 = DIRECTION('',(0.,0.,1.));
#2918 = DIRECTION('',(1.,0.,-0.));
#2919 = DEFINITIONAL_REPRESENTATION('',(#2920),#2923);
#2920 = B_SPLINE_CURVE_WITH_KNOTS('',1,(#2921,#2922),.UNSPECIFIED.,.F.,
  .F.,(2,2),(-6.5,2.),.PIECEWISE_BEZIER_KNOTS.);
#2921 = CARTESIAN_POINT('',(-4.,4.5));
#2922 = CARTESIAN_POINT('',(-4.,-4.));
#2923 = ( GEOMETRIC_REPRESENTATION_CONTEXT(2) 
PARAMETRIC_REPRESENTATION_CONTEXT() REPRESENTATION_CONTEXT('2D SPACE',''
  ) );
#2924 = ORIENTED_EDGE('',*,*,#2925,.T.);
#2925 = EDGE_CURVE('',#2900,#620,#2926,.T.);
#2926 = SURFACE_CURVE('',#2927,(#2931,#2937),.PCURVE_S1.);
#2927 = LINE('',#2928,#2929);
#2928 = CARTESIAN_POINT('',(87.5,-191.0615528128,15.));
#2929 = VECTOR('',#2930,1.);
#2930 = DIRECTION('',(0.,0.,1.));
#2931 = PCURVE('',#634,#2932);
#2932 = DEFINITIONAL_REPRESENTATION('',(#2933),#2936);
#2933 = B_SPLINE_CURVE_WITH_KNOTS('',1,(#2934,#2935),.UNSPECIFIED.,.F.,
  .F.,(2,2),(-5.999999999062E-07,10.0000006),.PIECEWISE_BEZIER_KNOTS.);
#2934 = CARTESIAN_POINT('',(24.4999994,-1.938447187191));
#2935 = CARTESIAN_POINT('',(34.5000006,-1.938447187191));
#2936 = ( GEOMETRIC_REPRESENTATION_CONTEXT(2) 
PARAMETRIC_REPRESENTATION_CONTEXT() REPRESENTATION_CONTEXT('2D SPACE',''
  ) );
#2937 = PCURVE('',#2938,#2943);
#2938 = CYLINDRICAL_SURFACE('',#2939,4.5);
#2939 = AXIS2_PLACEMENT_3D('',#2940,#2941,#2942);
#2940 = CARTESIAN_POINT('',(91.5,-189.,15.));
#2941 = DIRECTION('',(0.,0.,1.));
#2942 = DIRECTION('',(1.,0.,-0.));
#2943 = DEFINITIONAL_REPRESENTATION('',(#2944),#2947);
#2944 = B_SPLINE_CURVE_WITH_KNOTS('',1,(#2945,#2946),.UNSPECIFIED.,.F.,
  .F.,(2,2),(-5.999999999062E-07,10.0000006),.PIECEWISE_BEZIER_KNOTS.);
#2945 = CARTESIAN_POINT('',(3.61747490325,-5.999999999062E-07));
#2946 = CARTESIAN_POINT('',(3.61747490325,10.0000006));
#2947 = ( GEOMETRIC_REPRESENTATION_CONTEXT(2) 
PARAMETRIC_REPRESENTATION_CONTEXT() REPRESENTATION_CONTEXT('2D SPACE',''
  ) );
#2948 = ORIENTED_EDGE('',*,*,#619,.F.);
#2949 = ADVANCED_FACE('',(#2950),#712,.T.);
#2950 = FACE_BOUND('',#2951,.T.);
#2951 = EDGE_LOOP('',(#2952,#2972));
#2952 = ORIENTED_EDGE('',*,*,#2953,.T.);
#2953 = EDGE_CURVE('',#675,#696,#2954,.T.);
#2954 = SURFACE_CURVE('',#2955,(#2959,#2965),.PCURVE_S1.);
#2955 = LINE('',#2956,#2957);
#2956 = CARTESIAN_POINT('',(87.5,-194.5,25.));
#2957 = VECTOR('',#2958,1.);
#2958 = DIRECTION('',(-0.,1.,0.));
#2959 = PCURVE('',#712,#2960);
#2960 = DEFINITIONAL_REPRESENTATION('',(#2961),#2964);
#2961 = B_SPLINE_CURVE_WITH_KNOTS('',1,(#2962,#2963),.UNSPECIFIED.,.F.,
  .F.,(2,2),(1.5,112.5),.PIECEWISE_BEZIER_KNOTS.);
#2962 = CARTESIAN_POINT('',(3.,3.));
#2963 = CARTESIAN_POINT('',(3.,114.));
#2964 = ( GEOMETRIC_REPRESENTATION_CONTEXT(2) 
PARAMETRIC_REPRESENTATION_CONTEXT() REPRESENTATION_CONTEXT('2D SPACE',''
  ) );
#2965 = PCURVE('',#2744,#2966);
#2966 = DEFINITIONAL_REPRESENTATION('',(#2967),#2971);
#2967 = LINE('',#2968,#2969);
#2968 = CARTESIAN_POINT('',(-4.,-108.5));
#2969 = VECTOR('',#2970,1.);
#2970 = DIRECTION('',(0.,1.));
#2971 = ( GEOMETRIC_REPRESENTATION_CONTEXT(2) 
PARAMETRIC_REPRESENTATION_CONTEXT() REPRESENTATION_CONTEXT('2D SPACE',''
  ) );
#2972 = ORIENTED_EDGE('',*,*,#695,.T.);
#2973 = ADVANCED_FACE('',(#2974),#662,.T.);
#2974 = FACE_BOUND('',#2975,.T.);
#2975 = EDGE_LOOP('',(#2976,#3001));
#2976 = ORIENTED_EDGE('',*,*,#2977,.T.);
#2977 = EDGE_CURVE('',#620,#646,#2978,.T.);
#2978 = SURFACE_CURVE('',#2979,(#2983,#2989),.PCURVE_S1.);
#2979 = LINE('',#2980,#2981);
#2980 = CARTESIAN_POINT('',(87.5,-194.5,25.));
#2981 = VECTOR('',#2982,1.);
#2982 = DIRECTION('',(-0.,1.,0.));
#2983 = PCURVE('',#662,#2984);
#2984 = DEFINITIONAL_REPRESENTATION('',(#2985),#2988);
#2985 = B_SPLINE_CURVE_WITH_KNOTS('',1,(#2986,#2987),.UNSPECIFIED.,.F.,
  .F.,(2,2),(1.5,112.5),.PIECEWISE_BEZIER_KNOTS.);
#2986 = CARTESIAN_POINT('',(3.,3.));
#2987 = CARTESIAN_POINT('',(3.,114.));
#2988 = ( GEOMETRIC_REPRESENTATION_CONTEXT(2) 
PARAMETRIC_REPRESENTATION_CONTEXT() REPRESENTATION_CONTEXT('2D SPACE',''
  ) );
#2989 = PCURVE('',#2990,#2995);
#2990 = PLANE('',#2991);
#2991 = AXIS2_PLACEMENT_3D('',#2992,#2993,#2994);
#2992 = CARTESIAN_POINT('',(91.5,-189.,25.));
#2993 = DIRECTION('',(0.,0.,1.));
#2994 = DIRECTION('',(1.,0.,-0.));
#2995 = DEFINITIONAL_REPRESENTATION('',(#2996),#3000);
#2996 = LINE('',#2997,#2998);
#2997 = CARTESIAN_POINT('',(-4.,-5.5));
#2998 = VECTOR('',#2999,1.);
#2999 = DIRECTION('',(0.,1.));
#3000 = ( GEOMETRIC_REPRESENTATION_CONTEXT(2) 
PARAMETRIC_REPRESENTATION_CONTEXT() REPRESENTATION_CONTEXT('2D SPACE',''
  ) );
#3001 = ORIENTED_EDGE('',*,*,#645,.T.);
#3002 = ADVANCED_FACE('',(#3003,#3158),#508,.T.);
#3003 = FACE_BOUND('',#3004,.T.);
#3004 = EDGE_LOOP('',(#3005,#3006,#3027,#3028,#3029,#3050,#3071,#3095,
    #3096,#3117,#3138,#3157));
#3005 = ORIENTED_EDGE('',*,*,#2143,.F.);
#3006 = ORIENTED_EDGE('',*,*,#3007,.F.);
#3007 = EDGE_CURVE('',#2761,#2144,#3008,.T.);
#3008 = SURFACE_CURVE('',#3009,(#3013,#3020),.PCURVE_S1.);
#3009 = LINE('',#3010,#3011);
#3010 = CARTESIAN_POINT('',(87.5,-193.,-9.5));
#3011 = VECTOR('',#3012,1.);
#3012 = DIRECTION('',(1.,0.,-0.));
#3013 = PCURVE('',#508,#3014);
#3014 = DEFINITIONAL_REPRESENTATION('',(#3015),#3019);
#3015 = LINE('',#3016,#3017);
#3016 = CARTESIAN_POINT('',(0.,0.));
#3017 = VECTOR('',#3018,1.);
#3018 = DIRECTION('',(0.,1.));
#3019 = ( GEOMETRIC_REPRESENTATION_CONTEXT(2) 
PARAMETRIC_REPRESENTATION_CONTEXT() REPRESENTATION_CONTEXT('2D SPACE',''
  ) );
#3020 = PCURVE('',#2182,#3021);
#3021 = DEFINITIONAL_REPRESENTATION('',(#3022),#3026);
#3022 = LINE('',#3023,#3024);
#3023 = CARTESIAN_POINT('',(0.,0.));
#3024 = VECTOR('',#3025,1.);
#3025 = DIRECTION('',(1.,0.));
#3026 = ( GEOMETRIC_REPRESENTATION_CONTEXT(2) 
PARAMETRIC_REPRESENTATION_CONTEXT() REPRESENTATION_CONTEXT('2D SPACE',''
  ) );
#3027 = ORIENTED_EDGE('',*,*,#2760,.T.);
#3028 = ORIENTED_EDGE('',*,*,#598,.F.);
#3029 = ORIENTED_EDGE('',*,*,#3030,.F.);
#3030 = EDGE_CURVE('',#3031,#570,#3033,.T.);
#3031 = VERTEX_POINT('',#3032);
#3032 = CARTESIAN_POINT('',(89.438447187191,-193.,15.));
#3033 = SURFACE_CURVE('',#3034,(#3038,#3044),.PCURVE_S1.);
#3034 = LINE('',#3035,#3036);
#3035 = CARTESIAN_POINT('',(89.438447187191,-193.,15.));
#3036 = VECTOR('',#3037,1.);
#3037 = DIRECTION('',(0.,0.,1.));
#3038 = PCURVE('',#508,#3039);
#3039 = DEFINITIONAL_REPRESENTATION('',(#3040),#3043);
#3040 = B_SPLINE_CURVE_WITH_KNOTS('',1,(#3041,#3042),.UNSPECIFIED.,.F.,
  .F.,(2,2),(-5.999999999062E-07,10.0000006),.PIECEWISE_BEZIER_KNOTS.);
#3041 = CARTESIAN_POINT('',(24.4999994,1.938447187191));
#3042 = CARTESIAN_POINT('',(34.5000006,1.938447187191));
#3043 = ( GEOMETRIC_REPRESENTATION_CONTEXT(2) 
PARAMETRIC_REPRESENTATION_CONTEXT() REPRESENTATION_CONTEXT('2D SPACE',''
  ) );
#3044 = PCURVE('',#2938,#3045);
#3045 = DEFINITIONAL_REPRESENTATION('',(#3046),#3049);
#3046 = B_SPLINE_CURVE_WITH_KNOTS('',1,(#3047,#3048),.UNSPECIFIED.,.F.,
  .F.,(2,2),(-5.999999999062E-07,10.0000006),.PIECEWISE_BEZIER_KNOTS.);
#3047 = CARTESIAN_POINT('',(4.236506730724,-5.999999999062E-07));
#3048 = CARTESIAN_POINT('',(4.236506730724,10.0000006));
#3049 = ( GEOMETRIC_REPRESENTATION_CONTEXT(2) 
PARAMETRIC_REPRESENTATION_CONTEXT() REPRESENTATION_CONTEXT('2D SPACE',''
  ) );
#3050 = ORIENTED_EDGE('',*,*,#3051,.T.);
#3051 = EDGE_CURVE('',#3031,#3052,#3054,.T.);
#3052 = VERTEX_POINT('',#3053);
#3053 = CARTESIAN_POINT('',(93.561552812809,-193.,15.));
#3054 = SURFACE_CURVE('',#3055,(#3059,#3065),.PCURVE_S1.);
#3055 = LINE('',#3056,#3057);
#3056 = CARTESIAN_POINT('',(89.5,-193.,15.));
#3057 = VECTOR('',#3058,1.);
#3058 = DIRECTION('',(1.,0.,-0.));
#3059 = PCURVE('',#508,#3060);
#3060 = DEFINITIONAL_REPRESENTATION('',(#3061),#3064);
#3061 = B_SPLINE_CURVE_WITH_KNOTS('',1,(#3062,#3063),.UNSPECIFIED.,.F.,
  .F.,(2,2),(-2.,6.5),.PIECEWISE_BEZIER_KNOTS.);
#3062 = CARTESIAN_POINT('',(24.5,0.));
#3063 = CARTESIAN_POINT('',(24.5,8.5));
#3064 = ( GEOMETRIC_REPRESENTATION_CONTEXT(2) 
PARAMETRIC_REPRESENTATION_CONTEXT() REPRESENTATION_CONTEXT('2D SPACE',''
  ) );
#3065 = PCURVE('',#2914,#3066);
#3066 = DEFINITIONAL_REPRESENTATION('',(#3067),#3070);
#3067 = B_SPLINE_CURVE_WITH_KNOTS('',1,(#3068,#3069),.UNSPECIFIED.,.F.,
  .F.,(2,2),(-2.,6.5),.PIECEWISE_BEZIER_KNOTS.);
#3068 = CARTESIAN_POINT('',(-4.,-4.));
#3069 = CARTESIAN_POINT('',(4.5,-4.));
#3070 = ( GEOMETRIC_REPRESENTATION_CONTEXT(2) 
PARAMETRIC_REPRESENTATION_CONTEXT() REPRESENTATION_CONTEXT('2D SPACE',''
  ) );
#3071 = ORIENTED_EDGE('',*,*,#3072,.T.);
#3072 = EDGE_CURVE('',#3052,#549,#3073,.T.);
#3073 = SURFACE_CURVE('',#3074,(#3078,#3084),.PCURVE_S1.);
#3074 = LINE('',#3075,#3076);
#3075 = CARTESIAN_POINT('',(93.561552812809,-193.,15.));
#3076 = VECTOR('',#3077,1.);
#3077 = DIRECTION('',(0.,0.,1.));
#3078 = PCURVE('',#508,#3079);
#3079 = DEFINITIONAL_REPRESENTATION('',(#3080),#3083);
#3080 = B_SPLINE_CURVE_WITH_KNOTS('',1,(#3081,#3082),.UNSPECIFIED.,.F.,
  .F.,(2,2),(-5.999999999062E-07,10.0000006),.PIECEWISE_BEZIER_KNOTS.);
#3081 = CARTESIAN_POINT('',(24.4999994,6.061552812809));
#3082 = CARTESIAN_POINT('',(34.5000006,6.061552812809));
#3083 = ( GEOMETRIC_REPRESENTATION_CONTEXT(2) 
PARAMETRIC_REPRESENTATION_CONTEXT() REPRESENTATION_CONTEXT('2D SPACE',''
  ) );
#3084 = PCURVE('',#3085,#3090);
#3085 = CYLINDRICAL_SURFACE('',#3086,4.5);
#3086 = AXIS2_PLACEMENT_3D('',#3087,#3088,#3089);
#3087 = CARTESIAN_POINT('',(91.5,-189.,15.));
#3088 = DIRECTION('',(0.,0.,1.));
#3089 = DIRECTION('',(1.,0.,-0.));
#3090 = DEFINITIONAL_REPRESENTATION('',(#3091),#3094);
#3091 = B_SPLINE_CURVE_WITH_KNOTS('',1,(#3092,#3093),.UNSPECIFIED.,.F.,
  .F.,(2,2),(-5.999999999062E-07,10.0000006),.PIECEWISE_BEZIER_KNOTS.);
#3092 = CARTESIAN_POINT('',(5.188271230045,-5.999999999062E-07));
#3093 = CARTESIAN_POINT('',(5.188271230045,10.0000006));
#3094 = ( GEOMETRIC_REPRESENTATION_CONTEXT(2) 
PARAMETRIC_REPRESENTATION_CONTEXT() REPRESENTATION_CONTEXT('2D SPACE',''
  ) );
#3095 = ORIENTED_EDGE('',*,*,#548,.F.);
#3096 = ORIENTED_EDGE('',*,*,#3097,.F.);
#3097 = EDGE_CURVE('',#3098,#520,#3100,.T.);
#3098 = VERTEX_POINT('',#3099);
#3099 = CARTESIAN_POINT('',(140.58844718719,-193.,15.));
#3100 = SURFACE_CURVE('',#3101,(#3105,#3111),.PCURVE_S1.);
#3101 = LINE('',#3102,#3103);
#3102 = CARTESIAN_POINT('',(140.58844718719,-193.,15.));
#3103 = VECTOR('',#3104,1.);
#3104 = DIRECTION('',(0.,0.,1.));
#3105 = PCURVE('',#508,#3106);
#3106 = DEFINITIONAL_REPRESENTATION('',(#3107),#3110);
#3107 = B_SPLINE_CURVE_WITH_KNOTS('',1,(#3108,#3109),.UNSPECIFIED.,.F.,
  .F.,(2,2),(-5.999999999062E-07,10.0000006),.PIECEWISE_BEZIER_KNOTS.);
#3108 = CARTESIAN_POINT('',(24.4999994,53.088447187191));
#3109 = CARTESIAN_POINT('',(34.5000006,53.088447187191));
#3110 = ( GEOMETRIC_REPRESENTATION_CONTEXT(2) 
PARAMETRIC_REPRESENTATION_CONTEXT() REPRESENTATION_CONTEXT('2D SPACE',''
  ) );
#3111 = PCURVE('',#2253,#3112);
#3112 = DEFINITIONAL_REPRESENTATION('',(#3113),#3116);
#3113 = B_SPLINE_CURVE_WITH_KNOTS('',1,(#3114,#3115),.UNSPECIFIED.,.F.,
  .F.,(2,2),(-5.999999999062E-07,10.0000006),.PIECEWISE_BEZIER_KNOTS.);
#3114 = CARTESIAN_POINT('',(4.236506730724,-5.999999999062E-07));
#3115 = CARTESIAN_POINT('',(4.236506730724,10.0000006));
#3116 = ( GEOMETRIC_REPRESENTATION_CONTEXT(2) 
PARAMETRIC_REPRESENTATION_CONTEXT() REPRESENTATION_CONTEXT('2D SPACE',''
  ) );
#3117 = ORIENTED_EDGE('',*,*,#3118,.T.);
#3118 = EDGE_CURVE('',#3098,#3119,#3121,.T.);
#3119 = VERTEX_POINT('',#3120);
#3120 = CARTESIAN_POINT('',(144.7115528128,-193.,15.));
#3121 = SURFACE_CURVE('',#3122,(#3126,#3132),.PCURVE_S1.);
#3122 = LINE('',#3123,#3124);
#3123 = CARTESIAN_POINT('',(115.075,-193.,15.));
#3124 = VECTOR('',#3125,1.);
#3125 = DIRECTION('',(1.,0.,-0.));
#3126 = PCURVE('',#508,#3127);
#3127 = DEFINITIONAL_REPRESENTATION('',(#3128),#3131);
#3128 = B_SPLINE_CURVE_WITH_KNOTS('',1,(#3129,#3130),.UNSPECIFIED.,.F.,
  .F.,(2,2),(23.075,31.575),.PIECEWISE_BEZIER_KNOTS.);
#3129 = CARTESIAN_POINT('',(24.5,50.65));
#3130 = CARTESIAN_POINT('',(24.5,59.15));
#3131 = ( GEOMETRIC_REPRESENTATION_CONTEXT(2) 
PARAMETRIC_REPRESENTATION_CONTEXT() REPRESENTATION_CONTEXT('2D SPACE',''
  ) );
#3132 = PCURVE('',#2279,#3133);
#3133 = DEFINITIONAL_REPRESENTATION('',(#3134),#3137);
#3134 = B_SPLINE_CURVE_WITH_KNOTS('',1,(#3135,#3136),.UNSPECIFIED.,.F.,
  .F.,(2,2),(23.075,31.575),.PIECEWISE_BEZIER_KNOTS.);
#3135 = CARTESIAN_POINT('',(-4.5,-4.));
#3136 = CARTESIAN_POINT('',(4.,-4.));
#3137 = ( GEOMETRIC_REPRESENTATION_CONTEXT(2) 
PARAMETRIC_REPRESENTATION_CONTEXT() REPRESENTATION_CONTEXT('2D SPACE',''
  ) );
#3138 = ORIENTED_EDGE('',*,*,#3139,.T.);
#3139 = EDGE_CURVE('',#3119,#494,#3140,.T.);
#3140 = SURFACE_CURVE('',#3141,(#3145,#3151),.PCURVE_S1.);
#3141 = LINE('',#3142,#3143);
#3142 = CARTESIAN_POINT('',(144.7115528128,-193.,15.));
#3143 = VECTOR('',#3144,1.);
#3144 = DIRECTION('',(0.,0.,1.));
#3145 = PCURVE('',#508,#3146);
#3146 = DEFINITIONAL_REPRESENTATION('',(#3147),#3150);
#3147 = B_SPLINE_CURVE_WITH_KNOTS('',1,(#3148,#3149),.UNSPECIFIED.,.F.,
  .F.,(2,2),(-5.999999999062E-07,10.0000006),.PIECEWISE_BEZIER_KNOTS.);
#3148 = CARTESIAN_POINT('',(24.4999994,57.211552812809));
#3149 = CARTESIAN_POINT('',(34.5000006,57.211552812809));
#3150 = ( GEOMETRIC_REPRESENTATION_CONTEXT(2) 
PARAMETRIC_REPRESENTATION_CONTEXT() REPRESENTATION_CONTEXT('2D SPACE',''
  ) );
#3151 = PCURVE('',#2303,#3152);
#3152 = DEFINITIONAL_REPRESENTATION('',(#3153),#3156);
#3153 = B_SPLINE_CURVE_WITH_KNOTS('',1,(#3154,#3155),.UNSPECIFIED.,.F.,
  .F.,(2,2),(-5.999999999062E-07,10.0000006),.PIECEWISE_BEZIER_KNOTS.);
#3154 = CARTESIAN_POINT('',(5.188271230045,-5.999999999062E-07));
#3155 = CARTESIAN_POINT('',(5.188271230045,10.0000006));
#3156 = ( GEOMETRIC_REPRESENTATION_CONTEXT(2) 
PARAMETRIC_REPRESENTATION_CONTEXT() REPRESENTATION_CONTEXT('2D SPACE',''
  ) );
#3157 = ORIENTED_EDGE('',*,*,#493,.F.);
#3158 = FACE_BOUND('',#3159,.T.);
#3159 = EDGE_LOOP('',(#3160,#3183,#3204,#3230,#3256,#3282,#3303,#3324,
    #3345,#3371,#3397,#3423,#3444,#3465,#3491,#3517));
#3160 = ORIENTED_EDGE('',*,*,#3161,.F.);
#3161 = EDGE_CURVE('',#3162,#3164,#3166,.T.);
#3162 = VERTEX_POINT('',#3163);
#3163 = CARTESIAN_POINT('',(100.76,-193.,15.));
#3164 = VERTEX_POINT('',#3165);
#3165 = CARTESIAN_POINT('',(104.5,-193.,15.));
#3166 = SURFACE_CURVE('',#3167,(#3171,#3177),.PCURVE_S1.);
#3167 = LINE('',#3168,#3169);
#3168 = CARTESIAN_POINT('',(94.13,-193.,15.));
#3169 = VECTOR('',#3170,1.);
#3170 = DIRECTION('',(1.,0.,-0.));
#3171 = PCURVE('',#508,#3172);
#3172 = DEFINITIONAL_REPRESENTATION('',(#3173),#3176);
#3173 = B_SPLINE_CURVE_WITH_KNOTS('',1,(#3174,#3175),.UNSPECIFIED.,.F.,
  .F.,(2,2),(6.63,23.51),.PIECEWISE_BEZIER_KNOTS.);
#3174 = CARTESIAN_POINT('',(24.5,13.26));
#3175 = CARTESIAN_POINT('',(24.5,30.14));
#3176 = ( GEOMETRIC_REPRESENTATION_CONTEXT(2) 
PARAMETRIC_REPRESENTATION_CONTEXT() REPRESENTATION_CONTEXT('2D SPACE',''
  ) );
#3177 = PCURVE('',#1506,#3178);
#3178 = DEFINITIONAL_REPRESENTATION('',(#3179),#3182);
#3179 = B_SPLINE_CURVE_WITH_KNOTS('',1,(#3180,#3181),.UNSPECIFIED.,.F.,
  .F.,(2,2),(6.63,23.51),.PIECEWISE_BEZIER_KNOTS.);
#3180 = CARTESIAN_POINT('',(0.,4.));
#3181 = CARTESIAN_POINT('',(16.88,4.));
#3182 = ( GEOMETRIC_REPRESENTATION_CONTEXT(2) 
PARAMETRIC_REPRESENTATION_CONTEXT() REPRESENTATION_CONTEXT('2D SPACE',''
  ) );
#3183 = ORIENTED_EDGE('',*,*,#3184,.T.);
#3184 = EDGE_CURVE('',#3162,#3185,#3187,.T.);
#3185 = VERTEX_POINT('',#3186);
#3186 = CARTESIAN_POINT('',(100.76,-193.,11.8));
#3187 = SURFACE_CURVE('',#3188,(#3192,#3198),.PCURVE_S1.);
#3188 = LINE('',#3189,#3190);
#3189 = CARTESIAN_POINT('',(100.76,-193.,-4.62));
#3190 = VECTOR('',#3191,1.);
#3191 = DIRECTION('',(-0.,0.,-1.));
#3192 = PCURVE('',#508,#3193);
#3193 = DEFINITIONAL_REPRESENTATION('',(#3194),#3197);
#3194 = B_SPLINE_CURVE_WITH_KNOTS('',1,(#3195,#3196),.UNSPECIFIED.,.F.,
  .F.,(2,2),(-19.62,-4.88),.PIECEWISE_BEZIER_KNOTS.);
#3195 = CARTESIAN_POINT('',(24.5,13.26));
#3196 = CARTESIAN_POINT('',(9.76,13.26));
#3197 = ( GEOMETRIC_REPRESENTATION_CONTEXT(2) 
PARAMETRIC_REPRESENTATION_CONTEXT() REPRESENTATION_CONTEXT('2D SPACE',''
  ) );
#3198 = PCURVE('',#1532,#3199);
#3199 = DEFINITIONAL_REPRESENTATION('',(#3200),#3203);
#3200 = B_SPLINE_CURVE_WITH_KNOTS('',1,(#3201,#3202),.UNSPECIFIED.,.F.,
  .F.,(2,2),(-19.62,-4.88),.PIECEWISE_BEZIER_KNOTS.);
#3201 = CARTESIAN_POINT('',(14.74,-4.));
#3202 = CARTESIAN_POINT('',(0.,-4.));
#3203 = ( GEOMETRIC_REPRESENTATION_CONTEXT(2) 
PARAMETRIC_REPRESENTATION_CONTEXT() REPRESENTATION_CONTEXT('2D SPACE',''
  ) );
#3204 = ORIENTED_EDGE('',*,*,#3205,.F.);
#3205 = EDGE_CURVE('',#3206,#3185,#3208,.T.);
#3206 = VERTEX_POINT('',#3207);
#3207 = CARTESIAN_POINT('',(98.4,-193.,11.8));
#3208 = SURFACE_CURVE('',#3209,(#3213,#3219),.PCURVE_S1.);
#3209 = LINE('',#3210,#3211);
#3210 = CARTESIAN_POINT('',(92.95,-193.,11.8));
#3211 = VECTOR('',#3212,1.);
#3212 = DIRECTION('',(1.,0.,-0.));
#3213 = PCURVE('',#508,#3214);
#3214 = DEFINITIONAL_REPRESENTATION('',(#3215),#3218);
#3215 = B_SPLINE_CURVE_WITH_KNOTS('',1,(#3216,#3217),.UNSPECIFIED.,.F.,
  .F.,(2,2),(5.45,26.95),.PIECEWISE_BEZIER_KNOTS.);
#3216 = CARTESIAN_POINT('',(21.3,10.9));
#3217 = CARTESIAN_POINT('',(21.3,32.4));
#3218 = ( GEOMETRIC_REPRESENTATION_CONTEXT(2) 
PARAMETRIC_REPRESENTATION_CONTEXT() REPRESENTATION_CONTEXT('2D SPACE',''
  ) );
#3219 = PCURVE('',#3220,#3225);
#3220 = PLANE('',#3221);
#3221 = AXIS2_PLACEMENT_3D('',#3222,#3223,#3224);
#3222 = CARTESIAN_POINT('',(98.4,-194.5,11.8));
#3223 = DIRECTION('',(0.,0.,1.));
#3224 = DIRECTION('',(1.,0.,-0.));
#3225 = DEFINITIONAL_REPRESENTATION('',(#3226),#3229);
#3226 = B_SPLINE_CURVE_WITH_KNOTS('',1,(#3227,#3228),.UNSPECIFIED.,.F.,
  .F.,(2,2),(5.45,26.95),.PIECEWISE_BEZIER_KNOTS.);
#3227 = CARTESIAN_POINT('',(0.,1.5));
#3228 = CARTESIAN_POINT('',(21.5,1.5));
#3229 = ( GEOMETRIC_REPRESENTATION_CONTEXT(2) 
PARAMETRIC_REPRESENTATION_CONTEXT() REPRESENTATION_CONTEXT('2D SPACE',''
  ) );
#3230 = ORIENTED_EDGE('',*,*,#3231,.T.);
#3231 = EDGE_CURVE('',#3206,#3232,#3234,.T.);
#3232 = VERTEX_POINT('',#3233);
#3233 = CARTESIAN_POINT('',(98.4,-193.,3.5));
#3234 = SURFACE_CURVE('',#3235,(#3239,#3245),.PCURVE_S1.);
#3235 = LINE('',#3236,#3237);
#3236 = CARTESIAN_POINT('',(98.4,-193.,-3.));
#3237 = VECTOR('',#3238,1.);
#3238 = DIRECTION('',(-0.,0.,-1.));
#3239 = PCURVE('',#508,#3240);
#3240 = DEFINITIONAL_REPRESENTATION('',(#3241),#3244);
#3241 = B_SPLINE_CURVE_WITH_KNOTS('',1,(#3242,#3243),.UNSPECIFIED.,.F.,
  .F.,(2,2),(-14.8,-6.5),.PIECEWISE_BEZIER_KNOTS.);
#3242 = CARTESIAN_POINT('',(21.3,10.9));
#3243 = CARTESIAN_POINT('',(13.,10.9));
#3244 = ( GEOMETRIC_REPRESENTATION_CONTEXT(2) 
PARAMETRIC_REPRESENTATION_CONTEXT() REPRESENTATION_CONTEXT('2D SPACE',''
  ) );
#3245 = PCURVE('',#3246,#3251);
#3246 = PLANE('',#3247);
#3247 = AXIS2_PLACEMENT_3D('',#3248,#3249,#3250);
#3248 = CARTESIAN_POINT('',(98.4,-194.5,3.5));
#3249 = DIRECTION('',(1.,0.,-0.));
#3250 = DIRECTION('',(0.,0.,1.));
#3251 = DEFINITIONAL_REPRESENTATION('',(#3252),#3255);
#3252 = B_SPLINE_CURVE_WITH_KNOTS('',1,(#3253,#3254),.UNSPECIFIED.,.F.,
  .F.,(2,2),(-14.8,-6.5),.PIECEWISE_BEZIER_KNOTS.);
#3253 = CARTESIAN_POINT('',(8.3,-1.5));
#3254 = CARTESIAN_POINT('',(0.,-1.5));
#3255 = ( GEOMETRIC_REPRESENTATION_CONTEXT(2) 
PARAMETRIC_REPRESENTATION_CONTEXT() REPRESENTATION_CONTEXT('2D SPACE',''
  ) );
#3256 = ORIENTED_EDGE('',*,*,#3257,.T.);
#3257 = EDGE_CURVE('',#3232,#3258,#3260,.T.);
#3258 = VERTEX_POINT('',#3259);
#3259 = CARTESIAN_POINT('',(100.76,-193.,3.5));
#3260 = SURFACE_CURVE('',#3261,(#3265,#3271),.PCURVE_S1.);
#3261 = LINE('',#3262,#3263);
#3262 = CARTESIAN_POINT('',(92.95,-193.,3.5));
#3263 = VECTOR('',#3264,1.);
#3264 = DIRECTION('',(1.,0.,-0.));
#3265 = PCURVE('',#508,#3266);
#3266 = DEFINITIONAL_REPRESENTATION('',(#3267),#3270);
#3267 = B_SPLINE_CURVE_WITH_KNOTS('',1,(#3268,#3269),.UNSPECIFIED.,.F.,
  .F.,(2,2),(5.45,26.95),.PIECEWISE_BEZIER_KNOTS.);
#3268 = CARTESIAN_POINT('',(13.,10.9));
#3269 = CARTESIAN_POINT('',(13.,32.4));
#3270 = ( GEOMETRIC_REPRESENTATION_CONTEXT(2) 
PARAMETRIC_REPRESENTATION_CONTEXT() REPRESENTATION_CONTEXT('2D SPACE',''
  ) );
#3271 = PCURVE('',#3272,#3277);
#3272 = PLANE('',#3273);
#3273 = AXIS2_PLACEMENT_3D('',#3274,#3275,#3276);
#3274 = CARTESIAN_POINT('',(98.4,-194.5,3.5));
#3275 = DIRECTION('',(0.,0.,1.));
#3276 = DIRECTION('',(1.,0.,-0.));
#3277 = DEFINITIONAL_REPRESENTATION('',(#3278),#3281);
#3278 = B_SPLINE_CURVE_WITH_KNOTS('',1,(#3279,#3280),.UNSPECIFIED.,.F.,
  .F.,(2,2),(5.45,26.95),.PIECEWISE_BEZIER_KNOTS.);
#3279 = CARTESIAN_POINT('',(0.,1.5));
#3280 = CARTESIAN_POINT('',(21.5,1.5));
#3281 = ( GEOMETRIC_REPRESENTATION_CONTEXT(2) 
PARAMETRIC_REPRESENTATION_CONTEXT() REPRESENTATION_CONTEXT('2D SPACE',''
  ) );
#3282 = ORIENTED_EDGE('',*,*,#3283,.T.);
#3283 = EDGE_CURVE('',#3258,#3284,#3286,.T.);
#3284 = VERTEX_POINT('',#3285);
#3285 = CARTESIAN_POINT('',(100.76,-193.,0.26));
#3286 = SURFACE_CURVE('',#3287,(#3291,#3297),.PCURVE_S1.);
#3287 = LINE('',#3288,#3289);
#3288 = CARTESIAN_POINT('',(100.76,-193.,-4.62));
#3289 = VECTOR('',#3290,1.);
#3290 = DIRECTION('',(-0.,0.,-1.));
#3291 = PCURVE('',#508,#3292);
#3292 = DEFINITIONAL_REPRESENTATION('',(#3293),#3296);
#3293 = B_SPLINE_CURVE_WITH_KNOTS('',1,(#3294,#3295),.UNSPECIFIED.,.F.,
  .F.,(2,2),(-19.62,-4.88),.PIECEWISE_BEZIER_KNOTS.);
#3294 = CARTESIAN_POINT('',(24.5,13.26));
#3295 = CARTESIAN_POINT('',(9.76,13.26));
#3296 = ( GEOMETRIC_REPRESENTATION_CONTEXT(2) 
PARAMETRIC_REPRESENTATION_CONTEXT() REPRESENTATION_CONTEXT('2D SPACE',''
  ) );
#3297 = PCURVE('',#1532,#3298);
#3298 = DEFINITIONAL_REPRESENTATION('',(#3299),#3302);
#3299 = B_SPLINE_CURVE_WITH_KNOTS('',1,(#3300,#3301),.UNSPECIFIED.,.F.,
  .F.,(2,2),(-19.62,-4.88),.PIECEWISE_BEZIER_KNOTS.);
#3300 = CARTESIAN_POINT('',(14.74,-4.));
#3301 = CARTESIAN_POINT('',(0.,-4.));
#3302 = ( GEOMETRIC_REPRESENTATION_CONTEXT(2) 
PARAMETRIC_REPRESENTATION_CONTEXT() REPRESENTATION_CONTEXT('2D SPACE',''
  ) );
#3303 = ORIENTED_EDGE('',*,*,#3304,.T.);
#3304 = EDGE_CURVE('',#3284,#3305,#3307,.T.);
#3305 = VERTEX_POINT('',#3306);
#3306 = CARTESIAN_POINT('',(117.64,-193.,0.26));
#3307 = SURFACE_CURVE('',#3308,(#3312,#3318),.PCURVE_S1.);
#3308 = LINE('',#3309,#3310);
#3309 = CARTESIAN_POINT('',(94.13,-193.,0.26));
#3310 = VECTOR('',#3311,1.);
#3311 = DIRECTION('',(1.,0.,-0.));
#3312 = PCURVE('',#508,#3313);
#3313 = DEFINITIONAL_REPRESENTATION('',(#3314),#3317);
#3314 = B_SPLINE_CURVE_WITH_KNOTS('',1,(#3315,#3316),.UNSPECIFIED.,.F.,
  .F.,(2,2),(6.63,23.51),.PIECEWISE_BEZIER_KNOTS.);
#3315 = CARTESIAN_POINT('',(9.76,13.26));
#3316 = CARTESIAN_POINT('',(9.76,30.14));
#3317 = ( GEOMETRIC_REPRESENTATION_CONTEXT(2) 
PARAMETRIC_REPRESENTATION_CONTEXT() REPRESENTATION_CONTEXT('2D SPACE',''
  ) );
#3318 = PCURVE('',#1558,#3319);
#3319 = DEFINITIONAL_REPRESENTATION('',(#3320),#3323);
#3320 = B_SPLINE_CURVE_WITH_KNOTS('',1,(#3321,#3322),.UNSPECIFIED.,.F.,
  .F.,(2,2),(6.63,23.51),.PIECEWISE_BEZIER_KNOTS.);
#3321 = CARTESIAN_POINT('',(0.,4.));
#3322 = CARTESIAN_POINT('',(16.88,4.));
#3323 = ( GEOMETRIC_REPRESENTATION_CONTEXT(2) 
PARAMETRIC_REPRESENTATION_CONTEXT() REPRESENTATION_CONTEXT('2D SPACE',''
  ) );
#3324 = ORIENTED_EDGE('',*,*,#3325,.F.);
#3325 = EDGE_CURVE('',#3326,#3305,#3328,.T.);
#3326 = VERTEX_POINT('',#3327);
#3327 = CARTESIAN_POINT('',(117.64,-193.,3.5));
#3328 = SURFACE_CURVE('',#3329,(#3333,#3339),.PCURVE_S1.);
#3329 = LINE('',#3330,#3331);
#3330 = CARTESIAN_POINT('',(117.64,-193.,-4.62));
#3331 = VECTOR('',#3332,1.);
#3332 = DIRECTION('',(-0.,0.,-1.));
#3333 = PCURVE('',#508,#3334);
#3334 = DEFINITIONAL_REPRESENTATION('',(#3335),#3338);
#3335 = B_SPLINE_CURVE_WITH_KNOTS('',1,(#3336,#3337),.UNSPECIFIED.,.F.,
  .F.,(2,2),(-19.62,-4.88),.PIECEWISE_BEZIER_KNOTS.);
#3336 = CARTESIAN_POINT('',(24.5,30.14));
#3337 = CARTESIAN_POINT('',(9.76,30.14));
#3338 = ( GEOMETRIC_REPRESENTATION_CONTEXT(2) 
PARAMETRIC_REPRESENTATION_CONTEXT() REPRESENTATION_CONTEXT('2D SPACE',''
  ) );
#3339 = PCURVE('',#1582,#3340);
#3340 = DEFINITIONAL_REPRESENTATION('',(#3341),#3344);
#3341 = B_SPLINE_CURVE_WITH_KNOTS('',1,(#3342,#3343),.UNSPECIFIED.,.F.,
  .F.,(2,2),(-19.62,-4.88),.PIECEWISE_BEZIER_KNOTS.);
#3342 = CARTESIAN_POINT('',(14.74,-4.));
#3343 = CARTESIAN_POINT('',(0.,-4.));
#3344 = ( GEOMETRIC_REPRESENTATION_CONTEXT(2) 
PARAMETRIC_REPRESENTATION_CONTEXT() REPRESENTATION_CONTEXT('2D SPACE',''
  ) );
#3345 = ORIENTED_EDGE('',*,*,#3346,.T.);
#3346 = EDGE_CURVE('',#3326,#3347,#3349,.T.);
#3347 = VERTEX_POINT('',#3348);
#3348 = CARTESIAN_POINT('',(119.9,-193.,3.5));
#3349 = SURFACE_CURVE('',#3350,(#3354,#3360),.PCURVE_S1.);
#3350 = LINE('',#3351,#3352);
#3351 = CARTESIAN_POINT('',(92.95,-193.,3.5));
#3352 = VECTOR('',#3353,1.);
#3353 = DIRECTION('',(1.,0.,-0.));
#3354 = PCURVE('',#508,#3355);
#3355 = DEFINITIONAL_REPRESENTATION('',(#3356),#3359);
#3356 = B_SPLINE_CURVE_WITH_KNOTS('',1,(#3357,#3358),.UNSPECIFIED.,.F.,
  .F.,(2,2),(5.45,26.95),.PIECEWISE_BEZIER_KNOTS.);
#3357 = CARTESIAN_POINT('',(13.,10.9));
#3358 = CARTESIAN_POINT('',(13.,32.4));
#3359 = ( GEOMETRIC_REPRESENTATION_CONTEXT(2) 
PARAMETRIC_REPRESENTATION_CONTEXT() REPRESENTATION_CONTEXT('2D SPACE',''
  ) );
#3360 = PCURVE('',#3361,#3366);
#3361 = PLANE('',#3362);
#3362 = AXIS2_PLACEMENT_3D('',#3363,#3364,#3365);
#3363 = CARTESIAN_POINT('',(98.4,-194.5,3.5));
#3364 = DIRECTION('',(0.,0.,1.));
#3365 = DIRECTION('',(1.,0.,-0.));
#3366 = DEFINITIONAL_REPRESENTATION('',(#3367),#3370);
#3367 = B_SPLINE_CURVE_WITH_KNOTS('',1,(#3368,#3369),.UNSPECIFIED.,.F.,
  .F.,(2,2),(5.45,26.95),.PIECEWISE_BEZIER_KNOTS.);
#3368 = CARTESIAN_POINT('',(0.,1.5));
#3369 = CARTESIAN_POINT('',(21.5,1.5));
#3370 = ( GEOMETRIC_REPRESENTATION_CONTEXT(2) 
PARAMETRIC_REPRESENTATION_CONTEXT() REPRESENTATION_CONTEXT('2D SPACE',''
  ) );
#3371 = ORIENTED_EDGE('',*,*,#3372,.F.);
#3372 = EDGE_CURVE('',#3373,#3347,#3375,.T.);
#3373 = VERTEX_POINT('',#3374);
#3374 = CARTESIAN_POINT('',(119.9,-193.,11.8));
#3375 = SURFACE_CURVE('',#3376,(#3380,#3386),.PCURVE_S1.);
#3376 = LINE('',#3377,#3378);
#3377 = CARTESIAN_POINT('',(119.9,-193.,-3.));
#3378 = VECTOR('',#3379,1.);
#3379 = DIRECTION('',(-0.,0.,-1.));
#3380 = PCURVE('',#508,#3381);
#3381 = DEFINITIONAL_REPRESENTATION('',(#3382),#3385);
#3382 = B_SPLINE_CURVE_WITH_KNOTS('',1,(#3383,#3384),.UNSPECIFIED.,.F.,
  .F.,(2,2),(-14.8,-6.5),.PIECEWISE_BEZIER_KNOTS.);
#3383 = CARTESIAN_POINT('',(21.3,32.4));
#3384 = CARTESIAN_POINT('',(13.,32.4));
#3385 = ( GEOMETRIC_REPRESENTATION_CONTEXT(2) 
PARAMETRIC_REPRESENTATION_CONTEXT() REPRESENTATION_CONTEXT('2D SPACE',''
  ) );
#3386 = PCURVE('',#3387,#3392);
#3387 = PLANE('',#3388);
#3388 = AXIS2_PLACEMENT_3D('',#3389,#3390,#3391);
#3389 = CARTESIAN_POINT('',(119.9,-194.5,3.5));
#3390 = DIRECTION('',(1.,0.,-0.));
#3391 = DIRECTION('',(0.,0.,1.));
#3392 = DEFINITIONAL_REPRESENTATION('',(#3393),#3396);
#3393 = B_SPLINE_CURVE_WITH_KNOTS('',1,(#3394,#3395),.UNSPECIFIED.,.F.,
  .F.,(2,2),(-14.8,-6.5),.PIECEWISE_BEZIER_KNOTS.);
#3394 = CARTESIAN_POINT('',(8.3,-1.5));
#3395 = CARTESIAN_POINT('',(0.,-1.5));
#3396 = ( GEOMETRIC_REPRESENTATION_CONTEXT(2) 
PARAMETRIC_REPRESENTATION_CONTEXT() REPRESENTATION_CONTEXT('2D SPACE',''
  ) );
#3397 = ORIENTED_EDGE('',*,*,#3398,.F.);
#3398 = EDGE_CURVE('',#3399,#3373,#3401,.T.);
#3399 = VERTEX_POINT('',#3400);
#3400 = CARTESIAN_POINT('',(117.64,-193.,11.8));
#3401 = SURFACE_CURVE('',#3402,(#3406,#3412),.PCURVE_S1.);
#3402 = LINE('',#3403,#3404);
#3403 = CARTESIAN_POINT('',(92.95,-193.,11.8));
#3404 = VECTOR('',#3405,1.);
#3405 = DIRECTION('',(1.,0.,-0.));
#3406 = PCURVE('',#508,#3407);
#3407 = DEFINITIONAL_REPRESENTATION('',(#3408),#3411);
#3408 = B_SPLINE_CURVE_WITH_KNOTS('',1,(#3409,#3410),.UNSPECIFIED.,.F.,
  .F.,(2,2),(5.45,26.95),.PIECEWISE_BEZIER_KNOTS.);
#3409 = CARTESIAN_POINT('',(21.3,10.9));
#3410 = CARTESIAN_POINT('',(21.3,32.4));
#3411 = ( GEOMETRIC_REPRESENTATION_CONTEXT(2) 
PARAMETRIC_REPRESENTATION_CONTEXT() REPRESENTATION_CONTEXT('2D SPACE',''
  ) );
#3412 = PCURVE('',#3413,#3418);
#3413 = PLANE('',#3414);
#3414 = AXIS2_PLACEMENT_3D('',#3415,#3416,#3417);
#3415 = CARTESIAN_POINT('',(98.4,-194.5,11.8));
#3416 = DIRECTION('',(0.,0.,1.));
#3417 = DIRECTION('',(1.,0.,-0.));
#3418 = DEFINITIONAL_REPRESENTATION('',(#3419),#3422);
#3419 = B_SPLINE_CURVE_WITH_KNOTS('',1,(#3420,#3421),.UNSPECIFIED.,.F.,
  .F.,(2,2),(5.45,26.95),.PIECEWISE_BEZIER_KNOTS.);
#3420 = CARTESIAN_POINT('',(0.,1.5));
#3421 = CARTESIAN_POINT('',(21.5,1.5));
#3422 = ( GEOMETRIC_REPRESENTATION_CONTEXT(2) 
PARAMETRIC_REPRESENTATION_CONTEXT() REPRESENTATION_CONTEXT('2D SPACE',''
  ) );
#3423 = ORIENTED_EDGE('',*,*,#3424,.F.);
#3424 = EDGE_CURVE('',#3425,#3399,#3427,.T.);
#3425 = VERTEX_POINT('',#3426);
#3426 = CARTESIAN_POINT('',(117.64,-193.,15.));
#3427 = SURFACE_CURVE('',#3428,(#3432,#3438),.PCURVE_S1.);
#3428 = LINE('',#3429,#3430);
#3429 = CARTESIAN_POINT('',(117.64,-193.,-4.62));
#3430 = VECTOR('',#3431,1.);
#3431 = DIRECTION('',(-0.,0.,-1.));
#3432 = PCURVE('',#508,#3433);
#3433 = DEFINITIONAL_REPRESENTATION('',(#3434),#3437);
#3434 = B_SPLINE_CURVE_WITH_KNOTS('',1,(#3435,#3436),.UNSPECIFIED.,.F.,
  .F.,(2,2),(-19.62,-4.88),.PIECEWISE_BEZIER_KNOTS.);
#3435 = CARTESIAN_POINT('',(24.5,30.14));
#3436 = CARTESIAN_POINT('',(9.76,30.14));
#3437 = ( GEOMETRIC_REPRESENTATION_CONTEXT(2) 
PARAMETRIC_REPRESENTATION_CONTEXT() REPRESENTATION_CONTEXT('2D SPACE',''
  ) );
#3438 = PCURVE('',#1582,#3439);
#3439 = DEFINITIONAL_REPRESENTATION('',(#3440),#3443);
#3440 = B_SPLINE_CURVE_WITH_KNOTS('',1,(#3441,#3442),.UNSPECIFIED.,.F.,
  .F.,(2,2),(-19.62,-4.88),.PIECEWISE_BEZIER_KNOTS.);
#3441 = CARTESIAN_POINT('',(14.74,-4.));
#3442 = CARTESIAN_POINT('',(0.,-4.));
#3443 = ( GEOMETRIC_REPRESENTATION_CONTEXT(2) 
PARAMETRIC_REPRESENTATION_CONTEXT() REPRESENTATION_CONTEXT('2D SPACE',''
  ) );
#3444 = ORIENTED_EDGE('',*,*,#3445,.F.);
#3445 = EDGE_CURVE('',#3446,#3425,#3448,.T.);
#3446 = VERTEX_POINT('',#3447);
#3447 = CARTESIAN_POINT('',(113.9,-193.,15.));
#3448 = SURFACE_CURVE('',#3449,(#3453,#3459),.PCURVE_S1.);
#3449 = LINE('',#3450,#3451);
#3450 = CARTESIAN_POINT('',(94.13,-193.,15.));
#3451 = VECTOR('',#3452,1.);
#3452 = DIRECTION('',(1.,0.,-0.));
#3453 = PCURVE('',#508,#3454);
#3454 = DEFINITIONAL_REPRESENTATION('',(#3455),#3458);
#3455 = B_SPLINE_CURVE_WITH_KNOTS('',1,(#3456,#3457),.UNSPECIFIED.,.F.,
  .F.,(2,2),(6.63,23.51),.PIECEWISE_BEZIER_KNOTS.);
#3456 = CARTESIAN_POINT('',(24.5,13.26));
#3457 = CARTESIAN_POINT('',(24.5,30.14));
#3458 = ( GEOMETRIC_REPRESENTATION_CONTEXT(2) 
PARAMETRIC_REPRESENTATION_CONTEXT() REPRESENTATION_CONTEXT('2D SPACE',''
  ) );
#3459 = PCURVE('',#1506,#3460);
#3460 = DEFINITIONAL_REPRESENTATION('',(#3461),#3464);
#3461 = B_SPLINE_CURVE_WITH_KNOTS('',1,(#3462,#3463),.UNSPECIFIED.,.F.,
  .F.,(2,2),(6.63,23.51),.PIECEWISE_BEZIER_KNOTS.);
#3462 = CARTESIAN_POINT('',(0.,4.));
#3463 = CARTESIAN_POINT('',(16.88,4.));
#3464 = ( GEOMETRIC_REPRESENTATION_CONTEXT(2) 
PARAMETRIC_REPRESENTATION_CONTEXT() REPRESENTATION_CONTEXT('2D SPACE',''
  ) );
#3465 = ORIENTED_EDGE('',*,*,#3466,.F.);
#3466 = EDGE_CURVE('',#3467,#3446,#3469,.T.);
#3467 = VERTEX_POINT('',#3468);
#3468 = CARTESIAN_POINT('',(113.9,-193.,17.));
#3469 = SURFACE_CURVE('',#3470,(#3474,#3480),.PCURVE_S1.);
#3470 = LINE('',#3471,#3472);
#3471 = CARTESIAN_POINT('',(113.9,-193.,2.65));
#3472 = VECTOR('',#3473,1.);
#3473 = DIRECTION('',(-0.,0.,-1.));
#3474 = PCURVE('',#508,#3475);
#3475 = DEFINITIONAL_REPRESENTATION('',(#3476),#3479);
#3476 = B_SPLINE_CURVE_WITH_KNOTS('',1,(#3477,#3478),.UNSPECIFIED.,.F.,
  .F.,(2,2),(-14.35,-12.15),.PIECEWISE_BEZIER_KNOTS.);
#3477 = CARTESIAN_POINT('',(26.5,26.4));
#3478 = CARTESIAN_POINT('',(24.3,26.4));
#3479 = ( GEOMETRIC_REPRESENTATION_CONTEXT(2) 
PARAMETRIC_REPRESENTATION_CONTEXT() REPRESENTATION_CONTEXT('2D SPACE',''
  ) );
#3480 = PCURVE('',#3481,#3486);
#3481 = PLANE('',#3482);
#3482 = AXIS2_PLACEMENT_3D('',#3483,#3484,#3485);
#3483 = CARTESIAN_POINT('',(113.9,-194.5,14.8));
#3484 = DIRECTION('',(1.,0.,-0.));
#3485 = DIRECTION('',(0.,0.,1.));
#3486 = DEFINITIONAL_REPRESENTATION('',(#3487),#3490);
#3487 = B_SPLINE_CURVE_WITH_KNOTS('',1,(#3488,#3489),.UNSPECIFIED.,.F.,
  .F.,(2,2),(-14.35,-12.15),.PIECEWISE_BEZIER_KNOTS.);
#3488 = CARTESIAN_POINT('',(2.2,-1.5));
#3489 = CARTESIAN_POINT('',(0.,-1.5));
#3490 = ( GEOMETRIC_REPRESENTATION_CONTEXT(2) 
PARAMETRIC_REPRESENTATION_CONTEXT() REPRESENTATION_CONTEXT('2D SPACE',''
  ) );
#3491 = ORIENTED_EDGE('',*,*,#3492,.F.);
#3492 = EDGE_CURVE('',#3493,#3467,#3495,.T.);
#3493 = VERTEX_POINT('',#3494);
#3494 = CARTESIAN_POINT('',(104.5,-193.,17.));
#3495 = SURFACE_CURVE('',#3496,(#3500,#3506),.PCURVE_S1.);
#3496 = LINE('',#3497,#3498);
#3497 = CARTESIAN_POINT('',(96.,-193.,17.));
#3498 = VECTOR('',#3499,1.);
#3499 = DIRECTION('',(1.,0.,-0.));
#3500 = PCURVE('',#508,#3501);
#3501 = DEFINITIONAL_REPRESENTATION('',(#3502),#3505);
#3502 = B_SPLINE_CURVE_WITH_KNOTS('',1,(#3503,#3504),.UNSPECIFIED.,.F.,
  .F.,(2,2),(8.5,17.9),.PIECEWISE_BEZIER_KNOTS.);
#3503 = CARTESIAN_POINT('',(26.5,17.));
#3504 = CARTESIAN_POINT('',(26.5,26.4));
#3505 = ( GEOMETRIC_REPRESENTATION_CONTEXT(2) 
PARAMETRIC_REPRESENTATION_CONTEXT() REPRESENTATION_CONTEXT('2D SPACE',''
  ) );
#3506 = PCURVE('',#3507,#3512);
#3507 = PLANE('',#3508);
#3508 = AXIS2_PLACEMENT_3D('',#3509,#3510,#3511);
#3509 = CARTESIAN_POINT('',(104.5,-194.5,17.));
#3510 = DIRECTION('',(0.,0.,1.));
#3511 = DIRECTION('',(1.,0.,-0.));
#3512 = DEFINITIONAL_REPRESENTATION('',(#3513),#3516);
#3513 = B_SPLINE_CURVE_WITH_KNOTS('',1,(#3514,#3515),.UNSPECIFIED.,.F.,
  .F.,(2,2),(8.5,17.9),.PIECEWISE_BEZIER_KNOTS.);
#3514 = CARTESIAN_POINT('',(0.,1.5));
#3515 = CARTESIAN_POINT('',(9.4,1.5));
#3516 = ( GEOMETRIC_REPRESENTATION_CONTEXT(2) 
PARAMETRIC_REPRESENTATION_CONTEXT() REPRESENTATION_CONTEXT('2D SPACE',''
  ) );
#3517 = ORIENTED_EDGE('',*,*,#3518,.T.);
#3518 = EDGE_CURVE('',#3493,#3164,#3519,.T.);
#3519 = SURFACE_CURVE('',#3520,(#3524,#3530),.PCURVE_S1.);
#3520 = LINE('',#3521,#3522);
#3521 = CARTESIAN_POINT('',(104.5,-193.,2.65));
#3522 = VECTOR('',#3523,1.);
#3523 = DIRECTION('',(-0.,0.,-1.));
#3524 = PCURVE('',#508,#3525);
#3525 = DEFINITIONAL_REPRESENTATION('',(#3526),#3529);
#3526 = B_SPLINE_CURVE_WITH_KNOTS('',1,(#3527,#3528),.UNSPECIFIED.,.F.,
  .F.,(2,2),(-14.35,-12.15),.PIECEWISE_BEZIER_KNOTS.);
#3527 = CARTESIAN_POINT('',(26.5,17.));
#3528 = CARTESIAN_POINT('',(24.3,17.));
#3529 = ( GEOMETRIC_REPRESENTATION_CONTEXT(2) 
PARAMETRIC_REPRESENTATION_CONTEXT() REPRESENTATION_CONTEXT('2D SPACE',''
  ) );
#3530 = PCURVE('',#3531,#3536);
#3531 = PLANE('',#3532);
#3532 = AXIS2_PLACEMENT_3D('',#3533,#3534,#3535);
#3533 = CARTESIAN_POINT('',(104.5,-194.5,14.8));
#3534 = DIRECTION('',(1.,0.,-0.));
#3535 = DIRECTION('',(0.,0.,1.));
#3536 = DEFINITIONAL_REPRESENTATION('',(#3537),#3540);
#3537 = B_SPLINE_CURVE_WITH_KNOTS('',1,(#3538,#3539),.UNSPECIFIED.,.F.,
  .F.,(2,2),(-14.35,-12.15),.PIECEWISE_BEZIER_KNOTS.);
#3538 = CARTESIAN_POINT('',(2.2,-1.5));
#3539 = CARTESIAN_POINT('',(0.,-1.5));
#3540 = ( GEOMETRIC_REPRESENTATION_CONTEXT(2) 
PARAMETRIC_REPRESENTATION_CONTEXT() REPRESENTATION_CONTEXT('2D SPACE',''
  ) );
#3541 = ADVANCED_FACE('',(#3542),#586,.T.);
#3542 = FACE_BOUND('',#3543,.T.);
#3543 = EDGE_LOOP('',(#3544,#3545));
#3544 = ORIENTED_EDGE('',*,*,#569,.T.);
#3545 = ORIENTED_EDGE('',*,*,#3546,.T.);
#3546 = EDGE_CURVE('',#549,#570,#3547,.T.);
#3547 = SURFACE_CURVE('',#3548,(#3552,#3558),.PCURVE_S1.);
#3548 = LINE('',#3549,#3550);
#3549 = CARTESIAN_POINT('',(86.,-193.,25.));
#3550 = VECTOR('',#3551,1.);
#3551 = DIRECTION('',(-1.,-0.,0.));
#3552 = PCURVE('',#586,#3553);
#3553 = DEFINITIONAL_REPRESENTATION('',(#3554),#3557);
#3554 = B_SPLINE_CURVE_WITH_KNOTS('',1,(#3555,#3556),.UNSPECIFIED.,.F.,
  .F.,(2,2),(-60.65,-1.5),.PIECEWISE_BEZIER_KNOTS.);
#3555 = CARTESIAN_POINT('',(62.15,3.));
#3556 = CARTESIAN_POINT('',(3.,3.));
#3557 = ( GEOMETRIC_REPRESENTATION_CONTEXT(2) 
PARAMETRIC_REPRESENTATION_CONTEXT() REPRESENTATION_CONTEXT('2D SPACE',''
  ) );
#3558 = PCURVE('',#2990,#3559);
#3559 = DEFINITIONAL_REPRESENTATION('',(#3560),#3564);
#3560 = LINE('',#3561,#3562);
#3561 = CARTESIAN_POINT('',(-5.5,-4.));
#3562 = VECTOR('',#3563,1.);
#3563 = DIRECTION('',(-1.,0.));
#3564 = ( GEOMETRIC_REPRESENTATION_CONTEXT(2) 
PARAMETRIC_REPRESENTATION_CONTEXT() REPRESENTATION_CONTEXT('2D SPACE',''
  ) );
#3565 = ADVANCED_FACE('',(#3566),#536,.T.);
#3566 = FACE_BOUND('',#3567,.T.);
#3567 = EDGE_LOOP('',(#3568,#3569));
#3568 = ORIENTED_EDGE('',*,*,#519,.T.);
#3569 = ORIENTED_EDGE('',*,*,#3570,.T.);
#3570 = EDGE_CURVE('',#494,#520,#3571,.T.);
#3571 = SURFACE_CURVE('',#3572,(#3576,#3582),.PCURVE_S1.);
#3572 = LINE('',#3573,#3574);
#3573 = CARTESIAN_POINT('',(86.,-193.,25.));
#3574 = VECTOR('',#3575,1.);
#3575 = DIRECTION('',(-1.,-0.,0.));
#3576 = PCURVE('',#536,#3577);
#3577 = DEFINITIONAL_REPRESENTATION('',(#3578),#3581);
#3578 = B_SPLINE_CURVE_WITH_KNOTS('',1,(#3579,#3580),.UNSPECIFIED.,.F.,
  .F.,(2,2),(-60.65,-1.5),.PIECEWISE_BEZIER_KNOTS.);
#3579 = CARTESIAN_POINT('',(62.15,3.));
#3580 = CARTESIAN_POINT('',(3.,3.));
#3581 = ( GEOMETRIC_REPRESENTATION_CONTEXT(2) 
PARAMETRIC_REPRESENTATION_CONTEXT() REPRESENTATION_CONTEXT('2D SPACE',''
  ) );
#3582 = PCURVE('',#2566,#3583);
#3583 = DEFINITIONAL_REPRESENTATION('',(#3584),#3588);
#3584 = LINE('',#3585,#3586);
#3585 = CARTESIAN_POINT('',(-56.65,-4.));
#3586 = VECTOR('',#3587,1.);
#3587 = DIRECTION('',(-1.,0.));
#3588 = ( GEOMETRIC_REPRESENTATION_CONTEXT(2) 
PARAMETRIC_REPRESENTATION_CONTEXT() REPRESENTATION_CONTEXT('2D SPACE',''
  ) );
#3589 = ADVANCED_FACE('',(#3590,#3596),#1016,.F.);
#3590 = FACE_BOUND('',#3591,.F.);
#3591 = EDGE_LOOP('',(#3592,#3593,#3594,#3595));
#3592 = ORIENTED_EDGE('',*,*,#2217,.F.);
#3593 = ORIENTED_EDGE('',*,*,#1053,.T.);
#3594 = ORIENTED_EDGE('',*,*,#2707,.F.);
#3595 = ORIENTED_EDGE('',*,*,#1001,.T.);
#3596 = FACE_BOUND('',#3597,.F.);
#3597 = EDGE_LOOP('',(#3598));
#3598 = ORIENTED_EDGE('',*,*,#1128,.F.);
#3599 = ADVANCED_FACE('',(#3600),#1194,.F.);
#3600 = FACE_BOUND('',#3601,.F.);
#3601 = EDGE_LOOP('',(#3602,#3603,#3604,#3605,#3606,#3607,#3633,#3634,
    #3635,#3636,#3637,#3638));
#3602 = ORIENTED_EDGE('',*,*,#1178,.F.);
#3603 = ORIENTED_EDGE('',*,*,#1337,.T.);
#3604 = ORIENTED_EDGE('',*,*,#1441,.T.);
#3605 = ORIENTED_EDGE('',*,*,#1645,.F.);
#3606 = ORIENTED_EDGE('',*,*,#1751,.T.);
#3607 = ORIENTED_EDGE('',*,*,#3608,.T.);
#3608 = EDGE_CURVE('',#1752,#1831,#3609,.T.);
#3609 = SURFACE_CURVE('',#3610,(#3614,#3621),.PCURVE_S1.);
#3610 = LINE('',#3611,#3612);
#3611 = CARTESIAN_POINT('',(149.65,-145.5,-11.9));
#3612 = VECTOR('',#3613,1.);
#3613 = DIRECTION('',(-0.,1.,0.));
#3614 = PCURVE('',#1194,#3615);
#3615 = DEFINITIONAL_REPRESENTATION('',(#3616),#3620);
#3616 = LINE('',#3617,#3618);
#3617 = CARTESIAN_POINT('',(65.15,50.5));
#3618 = VECTOR('',#3619,1.);
#3619 = DIRECTION('',(0.,1.));
#3620 = ( GEOMETRIC_REPRESENTATION_CONTEXT(2) 
PARAMETRIC_REPRESENTATION_CONTEXT() REPRESENTATION_CONTEXT('2D SPACE',''
  ) );
#3621 = PCURVE('',#3622,#3627);
#3622 = PLANE('',#3623);
#3623 = AXIS2_PLACEMENT_3D('',#3624,#3625,#3626);
#3624 = CARTESIAN_POINT('',(149.65,-145.5,-11.9));
#3625 = DIRECTION('',(0.,0.,1.));
#3626 = DIRECTION('',(1.,0.,-0.));
#3627 = DEFINITIONAL_REPRESENTATION('',(#3628),#3632);
#3628 = LINE('',#3629,#3630);
#3629 = CARTESIAN_POINT('',(0.,0.));
#3630 = VECTOR('',#3631,1.);
#3631 = DIRECTION('',(0.,1.));
#3632 = ( GEOMETRIC_REPRESENTATION_CONTEXT(2) 
PARAMETRIC_REPRESENTATION_CONTEXT() REPRESENTATION_CONTEXT('2D SPACE',''
  ) );
#3633 = ORIENTED_EDGE('',*,*,#1858,.T.);
#3634 = ORIENTED_EDGE('',*,*,#1699,.T.);
#3635 = ORIENTED_EDGE('',*,*,#1596,.F.);
#3636 = ORIENTED_EDGE('',*,*,#1387,.F.);
#3637 = ORIENTED_EDGE('',*,*,#1290,.F.);
#3638 = ORIENTED_EDGE('',*,*,#3639,.F.);
#3639 = EDGE_CURVE('',#1179,#1263,#3640,.T.);
#3640 = SURFACE_CURVE('',#3641,(#3645,#3652),.PCURVE_S1.);
#3641 = LINE('',#3642,#3643);
#3642 = CARTESIAN_POINT('',(84.5,-145.5,-11.9));
#3643 = VECTOR('',#3644,1.);
#3644 = DIRECTION('',(-0.,1.,0.));
#3645 = PCURVE('',#1194,#3646);
#3646 = DEFINITIONAL_REPRESENTATION('',(#3647),#3651);
#3647 = LINE('',#3648,#3649);
#3648 = CARTESIAN_POINT('',(0.,50.5));
#3649 = VECTOR('',#3650,1.);
#3650 = DIRECTION('',(0.,1.));
#3651 = ( GEOMETRIC_REPRESENTATION_CONTEXT(2) 
PARAMETRIC_REPRESENTATION_CONTEXT() REPRESENTATION_CONTEXT('2D SPACE',''
  ) );
#3652 = PCURVE('',#3653,#3658);
#3653 = PLANE('',#3654);
#3654 = AXIS2_PLACEMENT_3D('',#3655,#3656,#3657);
#3655 = CARTESIAN_POINT('',(72.5,-145.5,-11.9));
#3656 = DIRECTION('',(0.,0.,1.));
#3657 = DIRECTION('',(1.,0.,-0.));
#3658 = DEFINITIONAL_REPRESENTATION('',(#3659),#3663);
#3659 = LINE('',#3660,#3661);
#3660 = CARTESIAN_POINT('',(12.,0.));
#3661 = VECTOR('',#3662,1.);
#3662 = DIRECTION('',(0.,1.));
#3663 = ( GEOMETRIC_REPRESENTATION_CONTEXT(2) 
PARAMETRIC_REPRESENTATION_CONTEXT() REPRESENTATION_CONTEXT('2D SPACE',''
  ) );
#3664 = ADVANCED_FACE('',(#3665),#1278,.T.);
#3665 = FACE_BOUND('',#3666,.T.);
#3666 = EDGE_LOOP('',(#3667,#3690,#3718,#3739));
#3667 = ORIENTED_EDGE('',*,*,#3668,.F.);
#3668 = EDGE_CURVE('',#3669,#1263,#3671,.T.);
#3669 = VERTEX_POINT('',#3670);
#3670 = CARTESIAN_POINT('',(72.5,-129.5,-11.9));
#3671 = SURFACE_CURVE('',#3672,(#3676,#3683),.PCURVE_S1.);
#3672 = LINE('',#3673,#3674);
#3673 = CARTESIAN_POINT('',(72.5,-129.5,-11.9));
#3674 = VECTOR('',#3675,1.);
#3675 = DIRECTION('',(1.,0.,-0.));
#3676 = PCURVE('',#1278,#3677);
#3677 = DEFINITIONAL_REPRESENTATION('',(#3678),#3682);
#3678 = LINE('',#3679,#3680);
#3679 = CARTESIAN_POINT('',(0.,0.));
#3680 = VECTOR('',#3681,1.);
#3681 = DIRECTION('',(0.,1.));
#3682 = ( GEOMETRIC_REPRESENTATION_CONTEXT(2) 
PARAMETRIC_REPRESENTATION_CONTEXT() REPRESENTATION_CONTEXT('2D SPACE',''
  ) );
#3683 = PCURVE('',#3653,#3684);
#3684 = DEFINITIONAL_REPRESENTATION('',(#3685),#3689);
#3685 = LINE('',#3686,#3687);
#3686 = CARTESIAN_POINT('',(0.,16.));
#3687 = VECTOR('',#3688,1.);
#3688 = DIRECTION('',(1.,0.));
#3689 = ( GEOMETRIC_REPRESENTATION_CONTEXT(2) 
PARAMETRIC_REPRESENTATION_CONTEXT() REPRESENTATION_CONTEXT('2D SPACE',''
  ) );
#3690 = ORIENTED_EDGE('',*,*,#3691,.T.);
#3691 = EDGE_CURVE('',#3669,#3692,#3694,.T.);
#3692 = VERTEX_POINT('',#3693);
#3693 = CARTESIAN_POINT('',(72.5,-129.5,-7.9));
#3694 = SURFACE_CURVE('',#3695,(#3699,#3706),.PCURVE_S1.);
#3695 = LINE('',#3696,#3697);
#3696 = CARTESIAN_POINT('',(72.5,-129.5,-11.9));
#3697 = VECTOR('',#3698,1.);
#3698 = DIRECTION('',(0.,0.,1.));
#3699 = PCURVE('',#1278,#3700);
#3700 = DEFINITIONAL_REPRESENTATION('',(#3701),#3705);
#3701 = LINE('',#3702,#3703);
#3702 = CARTESIAN_POINT('',(0.,0.));
#3703 = VECTOR('',#3704,1.);
#3704 = DIRECTION('',(1.,0.));
#3705 = ( GEOMETRIC_REPRESENTATION_CONTEXT(2) 
PARAMETRIC_REPRESENTATION_CONTEXT() REPRESENTATION_CONTEXT('2D SPACE',''
  ) );
#3706 = PCURVE('',#3707,#3712);
#3707 = PLANE('',#3708);
#3708 = AXIS2_PLACEMENT_3D('',#3709,#3710,#3711);
#3709 = CARTESIAN_POINT('',(72.5,-145.5,-11.9));
#3710 = DIRECTION('',(1.,0.,-0.));
#3711 = DIRECTION('',(0.,0.,1.));
#3712 = DEFINITIONAL_REPRESENTATION('',(#3713),#3717);
#3713 = LINE('',#3714,#3715);
#3714 = CARTESIAN_POINT('',(0.,-16.));
#3715 = VECTOR('',#3716,1.);
#3716 = DIRECTION('',(1.,0.));
#3717 = ( GEOMETRIC_REPRESENTATION_CONTEXT(2) 
PARAMETRIC_REPRESENTATION_CONTEXT() REPRESENTATION_CONTEXT('2D SPACE',''
  ) );
#3718 = ORIENTED_EDGE('',*,*,#3719,.T.);
#3719 = EDGE_CURVE('',#3692,#1235,#3720,.T.);
#3720 = SURFACE_CURVE('',#3721,(#3725,#3732),.PCURVE_S1.);
#3721 = LINE('',#3722,#3723);
#3722 = CARTESIAN_POINT('',(72.5,-129.5,-7.9));
#3723 = VECTOR('',#3724,1.);
#3724 = DIRECTION('',(1.,0.,-0.));
#3725 = PCURVE('',#1278,#3726);
#3726 = DEFINITIONAL_REPRESENTATION('',(#3727),#3731);
#3727 = LINE('',#3728,#3729);
#3728 = CARTESIAN_POINT('',(4.,0.));
#3729 = VECTOR('',#3730,1.);
#3730 = DIRECTION('',(0.,1.));
#3731 = ( GEOMETRIC_REPRESENTATION_CONTEXT(2) 
PARAMETRIC_REPRESENTATION_CONTEXT() REPRESENTATION_CONTEXT('2D SPACE',''
  ) );
#3732 = PCURVE('',#1250,#3733);
#3733 = DEFINITIONAL_REPRESENTATION('',(#3734),#3738);
#3734 = LINE('',#3735,#3736);
#3735 = CARTESIAN_POINT('',(0.,16.));
#3736 = VECTOR('',#3737,1.);
#3737 = DIRECTION('',(1.,0.));
#3738 = ( GEOMETRIC_REPRESENTATION_CONTEXT(2) 
PARAMETRIC_REPRESENTATION_CONTEXT() REPRESENTATION_CONTEXT('2D SPACE',''
  ) );
#3739 = ORIENTED_EDGE('',*,*,#1262,.F.);
#3740 = ADVANCED_FACE('',(#3741,#3789),#1250,.T.);
#3741 = FACE_BOUND('',#3742,.T.);
#3742 = EDGE_LOOP('',(#3743,#3766,#3787,#3788));
#3743 = ORIENTED_EDGE('',*,*,#3744,.F.);
#3744 = EDGE_CURVE('',#3745,#3692,#3747,.T.);
#3745 = VERTEX_POINT('',#3746);
#3746 = CARTESIAN_POINT('',(72.5,-145.5,-7.9));
#3747 = SURFACE_CURVE('',#3748,(#3752,#3759),.PCURVE_S1.);
#3748 = LINE('',#3749,#3750);
#3749 = CARTESIAN_POINT('',(72.5,-145.5,-7.9));
#3750 = VECTOR('',#3751,1.);
#3751 = DIRECTION('',(-0.,1.,0.));
#3752 = PCURVE('',#1250,#3753);
#3753 = DEFINITIONAL_REPRESENTATION('',(#3754),#3758);
#3754 = LINE('',#3755,#3756);
#3755 = CARTESIAN_POINT('',(0.,0.));
#3756 = VECTOR('',#3757,1.);
#3757 = DIRECTION('',(0.,1.));
#3758 = ( GEOMETRIC_REPRESENTATION_CONTEXT(2) 
PARAMETRIC_REPRESENTATION_CONTEXT() REPRESENTATION_CONTEXT('2D SPACE',''
  ) );
#3759 = PCURVE('',#3707,#3760);
#3760 = DEFINITIONAL_REPRESENTATION('',(#3761),#3765);
#3761 = LINE('',#3762,#3763);
#3762 = CARTESIAN_POINT('',(4.,0.));
#3763 = VECTOR('',#3764,1.);
#3764 = DIRECTION('',(0.,-1.));
#3765 = ( GEOMETRIC_REPRESENTATION_CONTEXT(2) 
PARAMETRIC_REPRESENTATION_CONTEXT() REPRESENTATION_CONTEXT('2D SPACE',''
  ) );
#3766 = ORIENTED_EDGE('',*,*,#3767,.T.);
#3767 = EDGE_CURVE('',#3745,#1207,#3768,.T.);
#3768 = SURFACE_CURVE('',#3769,(#3773,#3780),.PCURVE_S1.);
#3769 = LINE('',#3770,#3771);
#3770 = CARTESIAN_POINT('',(72.5,-145.5,-7.9));
#3771 = VECTOR('',#3772,1.);
#3772 = DIRECTION('',(1.,0.,-0.));
#3773 = PCURVE('',#1250,#3774);
#3774 = DEFINITIONAL_REPRESENTATION('',(#3775),#3779);
#3775 = LINE('',#3776,#3777);
#3776 = CARTESIAN_POINT('',(0.,0.));
#3777 = VECTOR('',#3778,1.);
#3778 = DIRECTION('',(1.,0.));
#3779 = ( GEOMETRIC_REPRESENTATION_CONTEXT(2) 
PARAMETRIC_REPRESENTATION_CONTEXT() REPRESENTATION_CONTEXT('2D SPACE',''
  ) );
#3780 = PCURVE('',#1222,#3781);
#3781 = DEFINITIONAL_REPRESENTATION('',(#3782),#3786);
#3782 = LINE('',#3783,#3784);
#3783 = CARTESIAN_POINT('',(4.,0.));
#3784 = VECTOR('',#3785,1.);
#3785 = DIRECTION('',(0.,1.));
#3786 = ( GEOMETRIC_REPRESENTATION_CONTEXT(2) 
PARAMETRIC_REPRESENTATION_CONTEXT() REPRESENTATION_CONTEXT('2D SPACE',''
  ) );
#3787 = ORIENTED_EDGE('',*,*,#1234,.T.);
#3788 = ORIENTED_EDGE('',*,*,#3719,.F.);
#3789 = FACE_BOUND('',#3790,.T.);
#3790 = EDGE_LOOP('',(#3791));
#3791 = ORIENTED_EDGE('',*,*,#3792,.F.);
#3792 = EDGE_CURVE('',#3793,#3793,#3795,.T.);
#3793 = VERTEX_POINT('',#3794);
#3794 = CARTESIAN_POINT('',(80.25,-137.5,-7.9));
#3795 = SURFACE_CURVE('',#3796,(#3801,#3808),.PCURVE_S1.);
#3796 = CIRCLE('',#3797,2.25);
#3797 = AXIS2_PLACEMENT_3D('',#3798,#3799,#3800);
#3798 = CARTESIAN_POINT('',(78.,-137.5,-7.9));
#3799 = DIRECTION('',(0.,0.,1.));
#3800 = DIRECTION('',(1.,0.,-0.));
#3801 = PCURVE('',#1250,#3802);
#3802 = DEFINITIONAL_REPRESENTATION('',(#3803),#3807);
#3803 = CIRCLE('',#3804,2.25);
#3804 = AXIS2_PLACEMENT_2D('',#3805,#3806);
#3805 = CARTESIAN_POINT('',(5.5,8.));
#3806 = DIRECTION('',(1.,0.));
#3807 = ( GEOMETRIC_REPRESENTATION_CONTEXT(2) 
PARAMETRIC_REPRESENTATION_CONTEXT() REPRESENTATION_CONTEXT('2D SPACE',''
  ) );
#3808 = PCURVE('',#3809,#3814);
#3809 = CYLINDRICAL_SURFACE('',#3810,2.25);
#3810 = AXIS2_PLACEMENT_3D('',#3811,#3812,#3813);
#3811 = CARTESIAN_POINT('',(78.,-137.5,-11.91));
#3812 = DIRECTION('',(0.,0.,1.));
#3813 = DIRECTION('',(1.,0.,-0.));
#3814 = DEFINITIONAL_REPRESENTATION('',(#3815),#3819);
#3815 = LINE('',#3816,#3817);
#3816 = CARTESIAN_POINT('',(0.,4.01));
#3817 = VECTOR('',#3818,1.);
#3818 = DIRECTION('',(1.,0.));
#3819 = ( GEOMETRIC_REPRESENTATION_CONTEXT(2) 
PARAMETRIC_REPRESENTATION_CONTEXT() REPRESENTATION_CONTEXT('2D SPACE',''
  ) );
#3820 = ADVANCED_FACE('',(#3821),#1222,.F.);
#3821 = FACE_BOUND('',#3822,.F.);
#3822 = EDGE_LOOP('',(#3823,#3846,#3867,#3868));
#3823 = ORIENTED_EDGE('',*,*,#3824,.F.);
#3824 = EDGE_CURVE('',#3825,#1179,#3827,.T.);
#3825 = VERTEX_POINT('',#3826);
#3826 = CARTESIAN_POINT('',(72.5,-145.5,-11.9));
#3827 = SURFACE_CURVE('',#3828,(#3832,#3839),.PCURVE_S1.);
#3828 = LINE('',#3829,#3830);
#3829 = CARTESIAN_POINT('',(72.5,-145.5,-11.9));
#3830 = VECTOR('',#3831,1.);
#3831 = DIRECTION('',(1.,0.,-0.));
#3832 = PCURVE('',#1222,#3833);
#3833 = DEFINITIONAL_REPRESENTATION('',(#3834),#3838);
#3834 = LINE('',#3835,#3836);
#3835 = CARTESIAN_POINT('',(0.,0.));
#3836 = VECTOR('',#3837,1.);
#3837 = DIRECTION('',(0.,1.));
#3838 = ( GEOMETRIC_REPRESENTATION_CONTEXT(2) 
PARAMETRIC_REPRESENTATION_CONTEXT() REPRESENTATION_CONTEXT('2D SPACE',''
  ) );
#3839 = PCURVE('',#3653,#3840);
#3840 = DEFINITIONAL_REPRESENTATION('',(#3841),#3845);
#3841 = LINE('',#3842,#3843);
#3842 = CARTESIAN_POINT('',(0.,0.));
#3843 = VECTOR('',#3844,1.);
#3844 = DIRECTION('',(1.,0.));
#3845 = ( GEOMETRIC_REPRESENTATION_CONTEXT(2) 
PARAMETRIC_REPRESENTATION_CONTEXT() REPRESENTATION_CONTEXT('2D SPACE',''
  ) );
#3846 = ORIENTED_EDGE('',*,*,#3847,.T.);
#3847 = EDGE_CURVE('',#3825,#3745,#3848,.T.);
#3848 = SURFACE_CURVE('',#3849,(#3853,#3860),.PCURVE_S1.);
#3849 = LINE('',#3850,#3851);
#3850 = CARTESIAN_POINT('',(72.5,-145.5,-11.9));
#3851 = VECTOR('',#3852,1.);
#3852 = DIRECTION('',(0.,0.,1.));
#3853 = PCURVE('',#1222,#3854);
#3854 = DEFINITIONAL_REPRESENTATION('',(#3855),#3859);
#3855 = LINE('',#3856,#3857);
#3856 = CARTESIAN_POINT('',(0.,0.));
#3857 = VECTOR('',#3858,1.);
#3858 = DIRECTION('',(1.,0.));
#3859 = ( GEOMETRIC_REPRESENTATION_CONTEXT(2) 
PARAMETRIC_REPRESENTATION_CONTEXT() REPRESENTATION_CONTEXT('2D SPACE',''
  ) );
#3860 = PCURVE('',#3707,#3861);
#3861 = DEFINITIONAL_REPRESENTATION('',(#3862),#3866);
#3862 = LINE('',#3863,#3864);
#3863 = CARTESIAN_POINT('',(0.,0.));
#3864 = VECTOR('',#3865,1.);
#3865 = DIRECTION('',(1.,0.));
#3866 = ( GEOMETRIC_REPRESENTATION_CONTEXT(2) 
PARAMETRIC_REPRESENTATION_CONTEXT() REPRESENTATION_CONTEXT('2D SPACE',''
  ) );
#3867 = ORIENTED_EDGE('',*,*,#3767,.T.);
#3868 = ORIENTED_EDGE('',*,*,#1206,.F.);
#3869 = ADVANCED_FACE('',(#3870),#1506,.F.);
#3870 = FACE_BOUND('',#3871,.F.);
#3871 = EDGE_LOOP('',(#3872,#3893,#3894,#3915,#3916,#3937,#3963,#3982));
#3872 = ORIENTED_EDGE('',*,*,#3873,.F.);
#3873 = EDGE_CURVE('',#1490,#3162,#3874,.T.);
#3874 = SURFACE_CURVE('',#3875,(#3879,#3886),.PCURVE_S1.);
#3875 = LINE('',#3876,#3877);
#3876 = CARTESIAN_POINT('',(100.76,-197.,15.));
#3877 = VECTOR('',#3878,1.);
#3878 = DIRECTION('',(-0.,1.,0.));
#3879 = PCURVE('',#1506,#3880);
#3880 = DEFINITIONAL_REPRESENTATION('',(#3881),#3885);
#3881 = LINE('',#3882,#3883);
#3882 = CARTESIAN_POINT('',(0.,0.));
#3883 = VECTOR('',#3884,1.);
#3884 = DIRECTION('',(0.,1.));
#3885 = ( GEOMETRIC_REPRESENTATION_CONTEXT(2) 
PARAMETRIC_REPRESENTATION_CONTEXT() REPRESENTATION_CONTEXT('2D SPACE',''
  ) );
#3886 = PCURVE('',#1532,#3887);
#3887 = DEFINITIONAL_REPRESENTATION('',(#3888),#3892);
#3888 = LINE('',#3889,#3890);
#3889 = CARTESIAN_POINT('',(14.74,0.));
#3890 = VECTOR('',#3891,1.);
#3891 = DIRECTION('',(0.,-1.));
#3892 = ( GEOMETRIC_REPRESENTATION_CONTEXT(2) 
PARAMETRIC_REPRESENTATION_CONTEXT() REPRESENTATION_CONTEXT('2D SPACE',''
  ) );
#3893 = ORIENTED_EDGE('',*,*,#1489,.T.);
#3894 = ORIENTED_EDGE('',*,*,#3895,.T.);
#3895 = EDGE_CURVE('',#1492,#3425,#3896,.T.);
#3896 = SURFACE_CURVE('',#3897,(#3901,#3908),.PCURVE_S1.);
#3897 = LINE('',#3898,#3899);
#3898 = CARTESIAN_POINT('',(117.64,-197.,15.));
#3899 = VECTOR('',#3900,1.);
#3900 = DIRECTION('',(-0.,1.,0.));
#3901 = PCURVE('',#1506,#3902);
#3902 = DEFINITIONAL_REPRESENTATION('',(#3903),#3907);
#3903 = LINE('',#3904,#3905);
#3904 = CARTESIAN_POINT('',(16.88,0.));
#3905 = VECTOR('',#3906,1.);
#3906 = DIRECTION('',(0.,1.));
#3907 = ( GEOMETRIC_REPRESENTATION_CONTEXT(2) 
PARAMETRIC_REPRESENTATION_CONTEXT() REPRESENTATION_CONTEXT('2D SPACE',''
  ) );
#3908 = PCURVE('',#1582,#3909);
#3909 = DEFINITIONAL_REPRESENTATION('',(#3910),#3914);
#3910 = LINE('',#3911,#3912);
#3911 = CARTESIAN_POINT('',(14.74,0.));
#3912 = VECTOR('',#3913,1.);
#3913 = DIRECTION('',(0.,-1.));
#3914 = ( GEOMETRIC_REPRESENTATION_CONTEXT(2) 
PARAMETRIC_REPRESENTATION_CONTEXT() REPRESENTATION_CONTEXT('2D SPACE',''
  ) );
#3915 = ORIENTED_EDGE('',*,*,#3445,.F.);
#3916 = ORIENTED_EDGE('',*,*,#3917,.F.);
#3917 = EDGE_CURVE('',#3918,#3446,#3920,.T.);
#3918 = VERTEX_POINT('',#3919);
#3919 = CARTESIAN_POINT('',(113.9,-194.5,15.));
#3920 = SURFACE_CURVE('',#3921,(#3925,#3931),.PCURVE_S1.);
#3921 = LINE('',#3922,#3923);
#3922 = CARTESIAN_POINT('',(113.9,-195.75,15.));
#3923 = VECTOR('',#3924,1.);
#3924 = DIRECTION('',(-0.,1.,0.));
#3925 = PCURVE('',#1506,#3926);
#3926 = DEFINITIONAL_REPRESENTATION('',(#3927),#3930);
#3927 = B_SPLINE_CURVE_WITH_KNOTS('',1,(#3928,#3929),.UNSPECIFIED.,.F.,
  .F.,(2,2),(1.25,2.75),.PIECEWISE_BEZIER_KNOTS.);
#3928 = CARTESIAN_POINT('',(13.14,2.5));
#3929 = CARTESIAN_POINT('',(13.14,4.));
#3930 = ( GEOMETRIC_REPRESENTATION_CONTEXT(2) 
PARAMETRIC_REPRESENTATION_CONTEXT() REPRESENTATION_CONTEXT('2D SPACE',''
  ) );
#3931 = PCURVE('',#3481,#3932);
#3932 = DEFINITIONAL_REPRESENTATION('',(#3933),#3936);
#3933 = B_SPLINE_CURVE_WITH_KNOTS('',1,(#3934,#3935),.UNSPECIFIED.,.F.,
  .F.,(2,2),(1.25,2.75),.PIECEWISE_BEZIER_KNOTS.);
#3934 = CARTESIAN_POINT('',(0.2,0.));
#3935 = CARTESIAN_POINT('',(0.2,-1.5));
#3936 = ( GEOMETRIC_REPRESENTATION_CONTEXT(2) 
PARAMETRIC_REPRESENTATION_CONTEXT() REPRESENTATION_CONTEXT('2D SPACE',''
  ) );
#3937 = ORIENTED_EDGE('',*,*,#3938,.T.);
#3938 = EDGE_CURVE('',#3918,#3939,#3941,.T.);
#3939 = VERTEX_POINT('',#3940);
#3940 = CARTESIAN_POINT('',(104.5,-194.5,15.));
#3941 = SURFACE_CURVE('',#3942,(#3946,#3952),.PCURVE_S1.);
#3942 = LINE('',#3943,#3944);
#3943 = CARTESIAN_POINT('',(102.63,-194.5,15.));
#3944 = VECTOR('',#3945,1.);
#3945 = DIRECTION('',(-1.,-0.,0.));
#3946 = PCURVE('',#1506,#3947);
#3947 = DEFINITIONAL_REPRESENTATION('',(#3948),#3951);
#3948 = B_SPLINE_CURVE_WITH_KNOTS('',1,(#3949,#3950),.UNSPECIFIED.,.F.,
  .F.,(2,2),(-11.27,-1.87),.PIECEWISE_BEZIER_KNOTS.);
#3949 = CARTESIAN_POINT('',(13.14,2.5));
#3950 = CARTESIAN_POINT('',(3.74,2.5));
#3951 = ( GEOMETRIC_REPRESENTATION_CONTEXT(2) 
PARAMETRIC_REPRESENTATION_CONTEXT() REPRESENTATION_CONTEXT('2D SPACE',''
  ) );
#3952 = PCURVE('',#3953,#3958);
#3953 = PLANE('',#3954);
#3954 = AXIS2_PLACEMENT_3D('',#3955,#3956,#3957);
#3955 = CARTESIAN_POINT('',(104.5,-194.5,14.8));
#3956 = DIRECTION('',(-0.,1.,0.));
#3957 = DIRECTION('',(0.,0.,1.));
#3958 = DEFINITIONAL_REPRESENTATION('',(#3959),#3962);
#3959 = B_SPLINE_CURVE_WITH_KNOTS('',1,(#3960,#3961),.UNSPECIFIED.,.F.,
  .F.,(2,2),(-11.27,-1.87),.PIECEWISE_BEZIER_KNOTS.);
#3960 = CARTESIAN_POINT('',(0.2,9.4));
#3961 = CARTESIAN_POINT('',(0.2,0.));
#3962 = ( GEOMETRIC_REPRESENTATION_CONTEXT(2) 
PARAMETRIC_REPRESENTATION_CONTEXT() REPRESENTATION_CONTEXT('2D SPACE',''
  ) );
#3963 = ORIENTED_EDGE('',*,*,#3964,.T.);
#3964 = EDGE_CURVE('',#3939,#3164,#3965,.T.);
#3965 = SURFACE_CURVE('',#3966,(#3970,#3976),.PCURVE_S1.);
#3966 = LINE('',#3967,#3968);
#3967 = CARTESIAN_POINT('',(104.5,-195.75,15.));
#3968 = VECTOR('',#3969,1.);
#3969 = DIRECTION('',(-0.,1.,0.));
#3970 = PCURVE('',#1506,#3971);
#3971 = DEFINITIONAL_REPRESENTATION('',(#3972),#3975);
#3972 = B_SPLINE_CURVE_WITH_KNOTS('',1,(#3973,#3974),.UNSPECIFIED.,.F.,
  .F.,(2,2),(1.25,2.75),.PIECEWISE_BEZIER_KNOTS.);
#3973 = CARTESIAN_POINT('',(3.74,2.5));
#3974 = CARTESIAN_POINT('',(3.74,4.));
#3975 = ( GEOMETRIC_REPRESENTATION_CONTEXT(2) 
PARAMETRIC_REPRESENTATION_CONTEXT() REPRESENTATION_CONTEXT('2D SPACE',''
  ) );
#3976 = PCURVE('',#3531,#3977);
#3977 = DEFINITIONAL_REPRESENTATION('',(#3978),#3981);
#3978 = B_SPLINE_CURVE_WITH_KNOTS('',1,(#3979,#3980),.UNSPECIFIED.,.F.,
  .F.,(2,2),(1.25,2.75),.PIECEWISE_BEZIER_KNOTS.);
#3979 = CARTESIAN_POINT('',(0.2,0.));
#3980 = CARTESIAN_POINT('',(0.2,-1.5));
#3981 = ( GEOMETRIC_REPRESENTATION_CONTEXT(2) 
PARAMETRIC_REPRESENTATION_CONTEXT() REPRESENTATION_CONTEXT('2D SPACE',''
  ) );
#3982 = ORIENTED_EDGE('',*,*,#3161,.F.);
#3983 = ADVANCED_FACE('',(#3984),#1582,.F.);
#3984 = FACE_BOUND('',#3985,.F.);
#3985 = EDGE_LOOP('',(#3986,#3987,#3988,#4009,#4010,#4031,#4057,#4076));
#3986 = ORIENTED_EDGE('',*,*,#3895,.F.);
#3987 = ORIENTED_EDGE('',*,*,#1569,.T.);
#3988 = ORIENTED_EDGE('',*,*,#3989,.T.);
#3989 = EDGE_CURVE('',#1544,#3305,#3990,.T.);
#3990 = SURFACE_CURVE('',#3991,(#3995,#4002),.PCURVE_S1.);
#3991 = LINE('',#3992,#3993);
#3992 = CARTESIAN_POINT('',(117.64,-197.,0.26));
#3993 = VECTOR('',#3994,1.);
#3994 = DIRECTION('',(-0.,1.,0.));
#3995 = PCURVE('',#1582,#3996);
#3996 = DEFINITIONAL_REPRESENTATION('',(#3997),#4001);
#3997 = LINE('',#3998,#3999);
#3998 = CARTESIAN_POINT('',(0.,0.));
#3999 = VECTOR('',#4000,1.);
#4000 = DIRECTION('',(0.,-1.));
#4001 = ( GEOMETRIC_REPRESENTATION_CONTEXT(2) 
PARAMETRIC_REPRESENTATION_CONTEXT() REPRESENTATION_CONTEXT('2D SPACE',''
  ) );
#4002 = PCURVE('',#1558,#4003);
#4003 = DEFINITIONAL_REPRESENTATION('',(#4004),#4008);
#4004 = LINE('',#4005,#4006);
#4005 = CARTESIAN_POINT('',(16.88,0.));
#4006 = VECTOR('',#4007,1.);
#4007 = DIRECTION('',(0.,1.));
#4008 = ( GEOMETRIC_REPRESENTATION_CONTEXT(2) 
PARAMETRIC_REPRESENTATION_CONTEXT() REPRESENTATION_CONTEXT('2D SPACE',''
  ) );
#4009 = ORIENTED_EDGE('',*,*,#3325,.F.);
#4010 = ORIENTED_EDGE('',*,*,#4011,.T.);
#4011 = EDGE_CURVE('',#3326,#4012,#4014,.T.);
#4012 = VERTEX_POINT('',#4013);
#4013 = CARTESIAN_POINT('',(117.64,-194.5,3.5));
#4014 = SURFACE_CURVE('',#4015,(#4019,#4025),.PCURVE_S1.);
#4015 = LINE('',#4016,#4017);
#4016 = CARTESIAN_POINT('',(117.64,-195.75,3.5));
#4017 = VECTOR('',#4018,1.);
#4018 = DIRECTION('',(0.,-1.,0.));
#4019 = PCURVE('',#1582,#4020);
#4020 = DEFINITIONAL_REPRESENTATION('',(#4021),#4024);
#4021 = B_SPLINE_CURVE_WITH_KNOTS('',1,(#4022,#4023),.UNSPECIFIED.,.F.,
  .F.,(2,2),(-2.75,-1.25),.PIECEWISE_BEZIER_KNOTS.);
#4022 = CARTESIAN_POINT('',(3.24,-4.));
#4023 = CARTESIAN_POINT('',(3.24,-2.5));
#4024 = ( GEOMETRIC_REPRESENTATION_CONTEXT(2) 
PARAMETRIC_REPRESENTATION_CONTEXT() REPRESENTATION_CONTEXT('2D SPACE',''
  ) );
#4025 = PCURVE('',#3361,#4026);
#4026 = DEFINITIONAL_REPRESENTATION('',(#4027),#4030);
#4027 = B_SPLINE_CURVE_WITH_KNOTS('',1,(#4028,#4029),.UNSPECIFIED.,.F.,
  .F.,(2,2),(-2.75,-1.25),.PIECEWISE_BEZIER_KNOTS.);
#4028 = CARTESIAN_POINT('',(19.24,1.5));
#4029 = CARTESIAN_POINT('',(19.24,0.));
#4030 = ( GEOMETRIC_REPRESENTATION_CONTEXT(2) 
PARAMETRIC_REPRESENTATION_CONTEXT() REPRESENTATION_CONTEXT('2D SPACE',''
  ) );
#4031 = ORIENTED_EDGE('',*,*,#4032,.T.);
#4032 = EDGE_CURVE('',#4012,#4033,#4035,.T.);
#4033 = VERTEX_POINT('',#4034);
#4034 = CARTESIAN_POINT('',(117.64,-194.5,11.8));
#4035 = SURFACE_CURVE('',#4036,(#4040,#4046),.PCURVE_S1.);
#4036 = LINE('',#4037,#4038);
#4037 = CARTESIAN_POINT('',(117.64,-194.5,1.88));
#4038 = VECTOR('',#4039,1.);
#4039 = DIRECTION('',(0.,0.,1.));
#4040 = PCURVE('',#1582,#4041);
#4041 = DEFINITIONAL_REPRESENTATION('',(#4042),#4045);
#4042 = B_SPLINE_CURVE_WITH_KNOTS('',1,(#4043,#4044),.UNSPECIFIED.,.F.,
  .F.,(2,2),(1.62,9.92),.PIECEWISE_BEZIER_KNOTS.);
#4043 = CARTESIAN_POINT('',(3.24,-2.5));
#4044 = CARTESIAN_POINT('',(11.54,-2.5));
#4045 = ( GEOMETRIC_REPRESENTATION_CONTEXT(2) 
PARAMETRIC_REPRESENTATION_CONTEXT() REPRESENTATION_CONTEXT('2D SPACE',''
  ) );
#4046 = PCURVE('',#4047,#4052);
#4047 = PLANE('',#4048);
#4048 = AXIS2_PLACEMENT_3D('',#4049,#4050,#4051);
#4049 = CARTESIAN_POINT('',(98.4,-194.5,3.5));
#4050 = DIRECTION('',(-0.,1.,0.));
#4051 = DIRECTION('',(0.,0.,1.));
#4052 = DEFINITIONAL_REPRESENTATION('',(#4053),#4056);
#4053 = B_SPLINE_CURVE_WITH_KNOTS('',1,(#4054,#4055),.UNSPECIFIED.,.F.,
  .F.,(2,2),(1.62,9.92),.PIECEWISE_BEZIER_KNOTS.);
#4054 = CARTESIAN_POINT('',(0.,19.24));
#4055 = CARTESIAN_POINT('',(8.3,19.24));
#4056 = ( GEOMETRIC_REPRESENTATION_CONTEXT(2) 
PARAMETRIC_REPRESENTATION_CONTEXT() REPRESENTATION_CONTEXT('2D SPACE',''
  ) );
#4057 = ORIENTED_EDGE('',*,*,#4058,.F.);
#4058 = EDGE_CURVE('',#3399,#4033,#4059,.T.);
#4059 = SURFACE_CURVE('',#4060,(#4064,#4070),.PCURVE_S1.);
#4060 = LINE('',#4061,#4062);
#4061 = CARTESIAN_POINT('',(117.64,-195.75,11.8));
#4062 = VECTOR('',#4063,1.);
#4063 = DIRECTION('',(0.,-1.,0.));
#4064 = PCURVE('',#1582,#4065);
#4065 = DEFINITIONAL_REPRESENTATION('',(#4066),#4069);
#4066 = B_SPLINE_CURVE_WITH_KNOTS('',1,(#4067,#4068),.UNSPECIFIED.,.F.,
  .F.,(2,2),(-2.75,-1.25),.PIECEWISE_BEZIER_KNOTS.);
#4067 = CARTESIAN_POINT('',(11.54,-4.));
#4068 = CARTESIAN_POINT('',(11.54,-2.5));
#4069 = ( GEOMETRIC_REPRESENTATION_CONTEXT(2) 
PARAMETRIC_REPRESENTATION_CONTEXT() REPRESENTATION_CONTEXT('2D SPACE',''
  ) );
#4070 = PCURVE('',#3413,#4071);
#4071 = DEFINITIONAL_REPRESENTATION('',(#4072),#4075);
#4072 = B_SPLINE_CURVE_WITH_KNOTS('',1,(#4073,#4074),.UNSPECIFIED.,.F.,
  .F.,(2,2),(-2.75,-1.25),.PIECEWISE_BEZIER_KNOTS.);
#4073 = CARTESIAN_POINT('',(19.24,1.5));
#4074 = CARTESIAN_POINT('',(19.24,0.));
#4075 = ( GEOMETRIC_REPRESENTATION_CONTEXT(2) 
PARAMETRIC_REPRESENTATION_CONTEXT() REPRESENTATION_CONTEXT('2D SPACE',''
  ) );
#4076 = ORIENTED_EDGE('',*,*,#3424,.F.);
#4077 = ADVANCED_FACE('',(#4078),#1558,.T.);
#4078 = FACE_BOUND('',#4079,.T.);
#4079 = EDGE_LOOP('',(#4080,#4101,#4102,#4103));
#4080 = ORIENTED_EDGE('',*,*,#4081,.F.);
#4081 = EDGE_CURVE('',#1518,#3284,#4082,.T.);
#4082 = SURFACE_CURVE('',#4083,(#4087,#4094),.PCURVE_S1.);
#4083 = LINE('',#4084,#4085);
#4084 = CARTESIAN_POINT('',(100.76,-197.,0.26));
#4085 = VECTOR('',#4086,1.);
#4086 = DIRECTION('',(-0.,1.,0.));
#4087 = PCURVE('',#1558,#4088);
#4088 = DEFINITIONAL_REPRESENTATION('',(#4089),#4093);
#4089 = LINE('',#4090,#4091);
#4090 = CARTESIAN_POINT('',(0.,0.));
#4091 = VECTOR('',#4092,1.);
#4092 = DIRECTION('',(0.,1.));
#4093 = ( GEOMETRIC_REPRESENTATION_CONTEXT(2) 
PARAMETRIC_REPRESENTATION_CONTEXT() REPRESENTATION_CONTEXT('2D SPACE',''
  ) );
#4094 = PCURVE('',#1532,#4095);
#4095 = DEFINITIONAL_REPRESENTATION('',(#4096),#4100);
#4096 = LINE('',#4097,#4098);
#4097 = CARTESIAN_POINT('',(0.,0.));
#4098 = VECTOR('',#4099,1.);
#4099 = DIRECTION('',(0.,-1.));
#4100 = ( GEOMETRIC_REPRESENTATION_CONTEXT(2) 
PARAMETRIC_REPRESENTATION_CONTEXT() REPRESENTATION_CONTEXT('2D SPACE',''
  ) );
#4101 = ORIENTED_EDGE('',*,*,#1543,.T.);
#4102 = ORIENTED_EDGE('',*,*,#3989,.T.);
#4103 = ORIENTED_EDGE('',*,*,#3304,.F.);
#4104 = ADVANCED_FACE('',(#4105),#1532,.T.);
#4105 = FACE_BOUND('',#4106,.T.);
#4106 = EDGE_LOOP('',(#4107,#4108,#4109,#4110,#4111,#4132,#4158,#4177));
#4107 = ORIENTED_EDGE('',*,*,#3873,.F.);
#4108 = ORIENTED_EDGE('',*,*,#1517,.T.);
#4109 = ORIENTED_EDGE('',*,*,#4081,.T.);
#4110 = ORIENTED_EDGE('',*,*,#3283,.F.);
#4111 = ORIENTED_EDGE('',*,*,#4112,.T.);
#4112 = EDGE_CURVE('',#3258,#4113,#4115,.T.);
#4113 = VERTEX_POINT('',#4114);
#4114 = CARTESIAN_POINT('',(100.76,-194.5,3.5));
#4115 = SURFACE_CURVE('',#4116,(#4120,#4126),.PCURVE_S1.);
#4116 = LINE('',#4117,#4118);
#4117 = CARTESIAN_POINT('',(100.76,-195.75,3.5));
#4118 = VECTOR('',#4119,1.);
#4119 = DIRECTION('',(0.,-1.,0.));
#4120 = PCURVE('',#1532,#4121);
#4121 = DEFINITIONAL_REPRESENTATION('',(#4122),#4125);
#4122 = B_SPLINE_CURVE_WITH_KNOTS('',1,(#4123,#4124),.UNSPECIFIED.,.F.,
  .F.,(2,2),(-2.75,-1.25),.PIECEWISE_BEZIER_KNOTS.);
#4123 = CARTESIAN_POINT('',(3.24,-4.));
#4124 = CARTESIAN_POINT('',(3.24,-2.5));
#4125 = ( GEOMETRIC_REPRESENTATION_CONTEXT(2) 
PARAMETRIC_REPRESENTATION_CONTEXT() REPRESENTATION_CONTEXT('2D SPACE',''
  ) );
#4126 = PCURVE('',#3272,#4127);
#4127 = DEFINITIONAL_REPRESENTATION('',(#4128),#4131);
#4128 = B_SPLINE_CURVE_WITH_KNOTS('',1,(#4129,#4130),.UNSPECIFIED.,.F.,
  .F.,(2,2),(-2.75,-1.25),.PIECEWISE_BEZIER_KNOTS.);
#4129 = CARTESIAN_POINT('',(2.36,1.5));
#4130 = CARTESIAN_POINT('',(2.36,0.));
#4131 = ( GEOMETRIC_REPRESENTATION_CONTEXT(2) 
PARAMETRIC_REPRESENTATION_CONTEXT() REPRESENTATION_CONTEXT('2D SPACE',''
  ) );
#4132 = ORIENTED_EDGE('',*,*,#4133,.T.);
#4133 = EDGE_CURVE('',#4113,#4134,#4136,.T.);
#4134 = VERTEX_POINT('',#4135);
#4135 = CARTESIAN_POINT('',(100.76,-194.5,11.8));
#4136 = SURFACE_CURVE('',#4137,(#4141,#4147),.PCURVE_S1.);
#4137 = LINE('',#4138,#4139);
#4138 = CARTESIAN_POINT('',(100.76,-194.5,1.88));
#4139 = VECTOR('',#4140,1.);
#4140 = DIRECTION('',(0.,0.,1.));
#4141 = PCURVE('',#1532,#4142);
#4142 = DEFINITIONAL_REPRESENTATION('',(#4143),#4146);
#4143 = B_SPLINE_CURVE_WITH_KNOTS('',1,(#4144,#4145),.UNSPECIFIED.,.F.,
  .F.,(2,2),(1.62,9.92),.PIECEWISE_BEZIER_KNOTS.);
#4144 = CARTESIAN_POINT('',(3.24,-2.5));
#4145 = CARTESIAN_POINT('',(11.54,-2.5));
#4146 = ( GEOMETRIC_REPRESENTATION_CONTEXT(2) 
PARAMETRIC_REPRESENTATION_CONTEXT() REPRESENTATION_CONTEXT('2D SPACE',''
  ) );
#4147 = PCURVE('',#4148,#4153);
#4148 = PLANE('',#4149);
#4149 = AXIS2_PLACEMENT_3D('',#4150,#4151,#4152);
#4150 = CARTESIAN_POINT('',(98.4,-194.5,3.5));
#4151 = DIRECTION('',(-0.,1.,0.));
#4152 = DIRECTION('',(0.,0.,1.));
#4153 = DEFINITIONAL_REPRESENTATION('',(#4154),#4157);
#4154 = B_SPLINE_CURVE_WITH_KNOTS('',1,(#4155,#4156),.UNSPECIFIED.,.F.,
  .F.,(2,2),(1.62,9.92),.PIECEWISE_BEZIER_KNOTS.);
#4155 = CARTESIAN_POINT('',(0.,2.36));
#4156 = CARTESIAN_POINT('',(8.3,2.36));
#4157 = ( GEOMETRIC_REPRESENTATION_CONTEXT(2) 
PARAMETRIC_REPRESENTATION_CONTEXT() REPRESENTATION_CONTEXT('2D SPACE',''
  ) );
#4158 = ORIENTED_EDGE('',*,*,#4159,.F.);
#4159 = EDGE_CURVE('',#3185,#4134,#4160,.T.);
#4160 = SURFACE_CURVE('',#4161,(#4165,#4171),.PCURVE_S1.);
#4161 = LINE('',#4162,#4163);
#4162 = CARTESIAN_POINT('',(100.76,-195.75,11.8));
#4163 = VECTOR('',#4164,1.);
#4164 = DIRECTION('',(0.,-1.,0.));
#4165 = PCURVE('',#1532,#4166);
#4166 = DEFINITIONAL_REPRESENTATION('',(#4167),#4170);
#4167 = B_SPLINE_CURVE_WITH_KNOTS('',1,(#4168,#4169),.UNSPECIFIED.,.F.,
  .F.,(2,2),(-2.75,-1.25),.PIECEWISE_BEZIER_KNOTS.);
#4168 = CARTESIAN_POINT('',(11.54,-4.));
#4169 = CARTESIAN_POINT('',(11.54,-2.5));
#4170 = ( GEOMETRIC_REPRESENTATION_CONTEXT(2) 
PARAMETRIC_REPRESENTATION_CONTEXT() REPRESENTATION_CONTEXT('2D SPACE',''
  ) );
#4171 = PCURVE('',#3220,#4172);
#4172 = DEFINITIONAL_REPRESENTATION('',(#4173),#4176);
#4173 = B_SPLINE_CURVE_WITH_KNOTS('',1,(#4174,#4175),.UNSPECIFIED.,.F.,
  .F.,(2,2),(-2.75,-1.25),.PIECEWISE_BEZIER_KNOTS.);
#4174 = CARTESIAN_POINT('',(2.36,1.5));
#4175 = CARTESIAN_POINT('',(2.36,0.));
#4176 = ( GEOMETRIC_REPRESENTATION_CONTEXT(2) 
PARAMETRIC_REPRESENTATION_CONTEXT() REPRESENTATION_CONTEXT('2D SPACE',''
  ) );
#4177 = ORIENTED_EDGE('',*,*,#3184,.F.);
#4178 = ADVANCED_FACE('',(#4179),#1846,.T.);
#4179 = FACE_BOUND('',#4180,.T.);
#4180 = EDGE_LOOP('',(#4181,#4204,#4205,#4228));
#4181 = ORIENTED_EDGE('',*,*,#4182,.F.);
#4182 = EDGE_CURVE('',#1831,#4183,#4185,.T.);
#4183 = VERTEX_POINT('',#4184);
#4184 = CARTESIAN_POINT('',(161.65,-129.5,-11.9));
#4185 = SURFACE_CURVE('',#4186,(#4190,#4197),.PCURVE_S1.);
#4186 = LINE('',#4187,#4188);
#4187 = CARTESIAN_POINT('',(149.65,-129.5,-11.9));
#4188 = VECTOR('',#4189,1.);
#4189 = DIRECTION('',(1.,0.,-0.));
#4190 = PCURVE('',#1846,#4191);
#4191 = DEFINITIONAL_REPRESENTATION('',(#4192),#4196);
#4192 = LINE('',#4193,#4194);
#4193 = CARTESIAN_POINT('',(0.,0.));
#4194 = VECTOR('',#4195,1.);
#4195 = DIRECTION('',(0.,1.));
#4196 = ( GEOMETRIC_REPRESENTATION_CONTEXT(2) 
PARAMETRIC_REPRESENTATION_CONTEXT() REPRESENTATION_CONTEXT('2D SPACE',''
  ) );
#4197 = PCURVE('',#3622,#4198);
#4198 = DEFINITIONAL_REPRESENTATION('',(#4199),#4203);
#4199 = LINE('',#4200,#4201);
#4200 = CARTESIAN_POINT('',(0.,16.));
#4201 = VECTOR('',#4202,1.);
#4202 = DIRECTION('',(1.,0.));
#4203 = ( GEOMETRIC_REPRESENTATION_CONTEXT(2) 
PARAMETRIC_REPRESENTATION_CONTEXT() REPRESENTATION_CONTEXT('2D SPACE',''
  ) );
#4204 = ORIENTED_EDGE('',*,*,#1830,.T.);
#4205 = ORIENTED_EDGE('',*,*,#4206,.T.);
#4206 = EDGE_CURVE('',#1803,#4207,#4209,.T.);
#4207 = VERTEX_POINT('',#4208);
#4208 = CARTESIAN_POINT('',(161.65,-129.5,-7.9));
#4209 = SURFACE_CURVE('',#4210,(#4214,#4221),.PCURVE_S1.);
#4210 = LINE('',#4211,#4212);
#4211 = CARTESIAN_POINT('',(149.65,-129.5,-7.9));
#4212 = VECTOR('',#4213,1.);
#4213 = DIRECTION('',(1.,0.,-0.));
#4214 = PCURVE('',#1846,#4215);
#4215 = DEFINITIONAL_REPRESENTATION('',(#4216),#4220);
#4216 = LINE('',#4217,#4218);
#4217 = CARTESIAN_POINT('',(4.,0.));
#4218 = VECTOR('',#4219,1.);
#4219 = DIRECTION('',(0.,1.));
#4220 = ( GEOMETRIC_REPRESENTATION_CONTEXT(2) 
PARAMETRIC_REPRESENTATION_CONTEXT() REPRESENTATION_CONTEXT('2D SPACE',''
  ) );
#4221 = PCURVE('',#1818,#4222);
#4222 = DEFINITIONAL_REPRESENTATION('',(#4223),#4227);
#4223 = LINE('',#4224,#4225);
#4224 = CARTESIAN_POINT('',(0.,16.));
#4225 = VECTOR('',#4226,1.);
#4226 = DIRECTION('',(1.,0.));
#4227 = ( GEOMETRIC_REPRESENTATION_CONTEXT(2) 
PARAMETRIC_REPRESENTATION_CONTEXT() REPRESENTATION_CONTEXT('2D SPACE',''
  ) );
#4228 = ORIENTED_EDGE('',*,*,#4229,.F.);
#4229 = EDGE_CURVE('',#4183,#4207,#4230,.T.);
#4230 = SURFACE_CURVE('',#4231,(#4235,#4242),.PCURVE_S1.);
#4231 = LINE('',#4232,#4233);
#4232 = CARTESIAN_POINT('',(161.65,-129.5,-11.9));
#4233 = VECTOR('',#4234,1.);
#4234 = DIRECTION('',(0.,0.,1.));
#4235 = PCURVE('',#1846,#4236);
#4236 = DEFINITIONAL_REPRESENTATION('',(#4237),#4241);
#4237 = LINE('',#4238,#4239);
#4238 = CARTESIAN_POINT('',(0.,12.));
#4239 = VECTOR('',#4240,1.);
#4240 = DIRECTION('',(1.,0.));
#4241 = ( GEOMETRIC_REPRESENTATION_CONTEXT(2) 
PARAMETRIC_REPRESENTATION_CONTEXT() REPRESENTATION_CONTEXT('2D SPACE',''
  ) );
#4242 = PCURVE('',#4243,#4248);
#4243 = PLANE('',#4244);
#4244 = AXIS2_PLACEMENT_3D('',#4245,#4246,#4247);
#4245 = CARTESIAN_POINT('',(161.65,-145.5,-11.9));
#4246 = DIRECTION('',(1.,0.,-0.));
#4247 = DIRECTION('',(0.,0.,1.));
#4248 = DEFINITIONAL_REPRESENTATION('',(#4249),#4253);
#4249 = LINE('',#4250,#4251);
#4250 = CARTESIAN_POINT('',(0.,-16.));
#4251 = VECTOR('',#4252,1.);
#4252 = DIRECTION('',(1.,0.));
#4253 = ( GEOMETRIC_REPRESENTATION_CONTEXT(2) 
PARAMETRIC_REPRESENTATION_CONTEXT() REPRESENTATION_CONTEXT('2D SPACE',''
  ) );
#4254 = ADVANCED_FACE('',(#4255,#4303),#1818,.T.);
#4255 = FACE_BOUND('',#4256,.T.);
#4256 = EDGE_LOOP('',(#4257,#4258,#4281,#4302));
#4257 = ORIENTED_EDGE('',*,*,#1802,.F.);
#4258 = ORIENTED_EDGE('',*,*,#4259,.T.);
#4259 = EDGE_CURVE('',#1775,#4260,#4262,.T.);
#4260 = VERTEX_POINT('',#4261);
#4261 = CARTESIAN_POINT('',(161.65,-145.5,-7.9));
#4262 = SURFACE_CURVE('',#4263,(#4267,#4274),.PCURVE_S1.);
#4263 = LINE('',#4264,#4265);
#4264 = CARTESIAN_POINT('',(149.65,-145.5,-7.9));
#4265 = VECTOR('',#4266,1.);
#4266 = DIRECTION('',(1.,0.,-0.));
#4267 = PCURVE('',#1818,#4268);
#4268 = DEFINITIONAL_REPRESENTATION('',(#4269),#4273);
#4269 = LINE('',#4270,#4271);
#4270 = CARTESIAN_POINT('',(0.,0.));
#4271 = VECTOR('',#4272,1.);
#4272 = DIRECTION('',(1.,0.));
#4273 = ( GEOMETRIC_REPRESENTATION_CONTEXT(2) 
PARAMETRIC_REPRESENTATION_CONTEXT() REPRESENTATION_CONTEXT('2D SPACE',''
  ) );
#4274 = PCURVE('',#1790,#4275);
#4275 = DEFINITIONAL_REPRESENTATION('',(#4276),#4280);
#4276 = LINE('',#4277,#4278);
#4277 = CARTESIAN_POINT('',(4.,0.));
#4278 = VECTOR('',#4279,1.);
#4279 = DIRECTION('',(0.,1.));
#4280 = ( GEOMETRIC_REPRESENTATION_CONTEXT(2) 
PARAMETRIC_REPRESENTATION_CONTEXT() REPRESENTATION_CONTEXT('2D SPACE',''
  ) );
#4281 = ORIENTED_EDGE('',*,*,#4282,.T.);
#4282 = EDGE_CURVE('',#4260,#4207,#4283,.T.);
#4283 = SURFACE_CURVE('',#4284,(#4288,#4295),.PCURVE_S1.);
#4284 = LINE('',#4285,#4286);
#4285 = CARTESIAN_POINT('',(161.65,-145.5,-7.9));
#4286 = VECTOR('',#4287,1.);
#4287 = DIRECTION('',(-0.,1.,0.));
#4288 = PCURVE('',#1818,#4289);
#4289 = DEFINITIONAL_REPRESENTATION('',(#4290),#4294);
#4290 = LINE('',#4291,#4292);
#4291 = CARTESIAN_POINT('',(12.,0.));
#4292 = VECTOR('',#4293,1.);
#4293 = DIRECTION('',(0.,1.));
#4294 = ( GEOMETRIC_REPRESENTATION_CONTEXT(2) 
PARAMETRIC_REPRESENTATION_CONTEXT() REPRESENTATION_CONTEXT('2D SPACE',''
  ) );
#4295 = PCURVE('',#4243,#4296);
#4296 = DEFINITIONAL_REPRESENTATION('',(#4297),#4301);
#4297 = LINE('',#4298,#4299);
#4298 = CARTESIAN_POINT('',(4.,0.));
#4299 = VECTOR('',#4300,1.);
#4300 = DIRECTION('',(0.,-1.));
#4301 = ( GEOMETRIC_REPRESENTATION_CONTEXT(2) 
PARAMETRIC_REPRESENTATION_CONTEXT() REPRESENTATION_CONTEXT('2D SPACE',''
  ) );
#4302 = ORIENTED_EDGE('',*,*,#4206,.F.);
#4303 = FACE_BOUND('',#4304,.T.);
#4304 = EDGE_LOOP('',(#4305));
#4305 = ORIENTED_EDGE('',*,*,#4306,.F.);
#4306 = EDGE_CURVE('',#4307,#4307,#4309,.T.);
#4307 = VERTEX_POINT('',#4308);
#4308 = CARTESIAN_POINT('',(158.4,-137.5,-7.9));
#4309 = SURFACE_CURVE('',#4310,(#4315,#4322),.PCURVE_S1.);
#4310 = CIRCLE('',#4311,2.25);
#4311 = AXIS2_PLACEMENT_3D('',#4312,#4313,#4314);
#4312 = CARTESIAN_POINT('',(156.15,-137.5,-7.9));
#4313 = DIRECTION('',(0.,0.,1.));
#4314 = DIRECTION('',(1.,0.,-0.));
#4315 = PCURVE('',#1818,#4316);
#4316 = DEFINITIONAL_REPRESENTATION('',(#4317),#4321);
#4317 = CIRCLE('',#4318,2.25);
#4318 = AXIS2_PLACEMENT_2D('',#4319,#4320);
#4319 = CARTESIAN_POINT('',(6.5,8.));
#4320 = DIRECTION('',(1.,0.));
#4321 = ( GEOMETRIC_REPRESENTATION_CONTEXT(2) 
PARAMETRIC_REPRESENTATION_CONTEXT() REPRESENTATION_CONTEXT('2D SPACE',''
  ) );
#4322 = PCURVE('',#4323,#4328);
#4323 = CYLINDRICAL_SURFACE('',#4324,2.25);
#4324 = AXIS2_PLACEMENT_3D('',#4325,#4326,#4327);
#4325 = CARTESIAN_POINT('',(156.15,-137.5,-11.91));
#4326 = DIRECTION('',(0.,0.,1.));
#4327 = DIRECTION('',(1.,0.,-0.));
#4328 = DEFINITIONAL_REPRESENTATION('',(#4329),#4333);
#4329 = LINE('',#4330,#4331);
#4330 = CARTESIAN_POINT('',(0.,4.01));
#4331 = VECTOR('',#4332,1.);
#4332 = DIRECTION('',(1.,0.));
#4333 = ( GEOMETRIC_REPRESENTATION_CONTEXT(2) 
PARAMETRIC_REPRESENTATION_CONTEXT() REPRESENTATION_CONTEXT('2D SPACE',''
  ) );
#4334 = ADVANCED_FACE('',(#4335),#1790,.F.);
#4335 = FACE_BOUND('',#4336,.F.);
#4336 = EDGE_LOOP('',(#4337,#4360,#4361,#4362));
#4337 = ORIENTED_EDGE('',*,*,#4338,.F.);
#4338 = EDGE_CURVE('',#1752,#4339,#4341,.T.);
#4339 = VERTEX_POINT('',#4340);
#4340 = CARTESIAN_POINT('',(161.65,-145.5,-11.9));
#4341 = SURFACE_CURVE('',#4342,(#4346,#4353),.PCURVE_S1.);
#4342 = LINE('',#4343,#4344);
#4343 = CARTESIAN_POINT('',(149.65,-145.5,-11.9));
#4344 = VECTOR('',#4345,1.);
#4345 = DIRECTION('',(1.,0.,-0.));
#4346 = PCURVE('',#1790,#4347);
#4347 = DEFINITIONAL_REPRESENTATION('',(#4348),#4352);
#4348 = LINE('',#4349,#4350);
#4349 = CARTESIAN_POINT('',(0.,0.));
#4350 = VECTOR('',#4351,1.);
#4351 = DIRECTION('',(0.,1.));
#4352 = ( GEOMETRIC_REPRESENTATION_CONTEXT(2) 
PARAMETRIC_REPRESENTATION_CONTEXT() REPRESENTATION_CONTEXT('2D SPACE',''
  ) );
#4353 = PCURVE('',#3622,#4354);
#4354 = DEFINITIONAL_REPRESENTATION('',(#4355),#4359);
#4355 = LINE('',#4356,#4357);
#4356 = CARTESIAN_POINT('',(0.,0.));
#4357 = VECTOR('',#4358,1.);
#4358 = DIRECTION('',(1.,0.));
#4359 = ( GEOMETRIC_REPRESENTATION_CONTEXT(2) 
PARAMETRIC_REPRESENTATION_CONTEXT() REPRESENTATION_CONTEXT('2D SPACE',''
  ) );
#4360 = ORIENTED_EDGE('',*,*,#1774,.T.);
#4361 = ORIENTED_EDGE('',*,*,#4259,.T.);
#4362 = ORIENTED_EDGE('',*,*,#4363,.F.);
#4363 = EDGE_CURVE('',#4339,#4260,#4364,.T.);
#4364 = SURFACE_CURVE('',#4365,(#4369,#4376),.PCURVE_S1.);
#4365 = LINE('',#4366,#4367);
#4366 = CARTESIAN_POINT('',(161.65,-145.5,-11.9));
#4367 = VECTOR('',#4368,1.);
#4368 = DIRECTION('',(0.,0.,1.));
#4369 = PCURVE('',#1790,#4370);
#4370 = DEFINITIONAL_REPRESENTATION('',(#4371),#4375);
#4371 = LINE('',#4372,#4373);
#4372 = CARTESIAN_POINT('',(0.,12.));
#4373 = VECTOR('',#4374,1.);
#4374 = DIRECTION('',(1.,0.));
#4375 = ( GEOMETRIC_REPRESENTATION_CONTEXT(2) 
PARAMETRIC_REPRESENTATION_CONTEXT() REPRESENTATION_CONTEXT('2D SPACE',''
  ) );
#4376 = PCURVE('',#4243,#4377);
#4377 = DEFINITIONAL_REPRESENTATION('',(#4378),#4382);
#4378 = LINE('',#4379,#4380);
#4379 = CARTESIAN_POINT('',(0.,0.));
#4380 = VECTOR('',#4381,1.);
#4381 = DIRECTION('',(1.,0.));
#4382 = ( GEOMETRIC_REPRESENTATION_CONTEXT(2) 
PARAMETRIC_REPRESENTATION_CONTEXT() REPRESENTATION_CONTEXT('2D SPACE',''
  ) );
#4383 = ADVANCED_FACE('',(#4384),#1901,.F.);
#4384 = FACE_BOUND('',#4385,.F.);
#4385 = EDGE_LOOP('',(#4386,#4387,#4408,#4409));
#4386 = ORIENTED_EDGE('',*,*,#1882,.F.);
#4387 = ORIENTED_EDGE('',*,*,#4388,.F.);
#4388 = EDGE_CURVE('',#2318,#1883,#4389,.T.);
#4389 = SURFACE_CURVE('',#4390,(#4394,#4401),.PCURVE_S1.);
#4390 = LINE('',#4391,#4392);
#4391 = CARTESIAN_POINT('',(145.65,-150.8334523779,20.551452377916));
#4392 = VECTOR('',#4393,1.);
#4393 = DIRECTION('',(1.,0.,0.));
#4394 = PCURVE('',#1901,#4395);
#4395 = DEFINITIONAL_REPRESENTATION('',(#4396),#4400);
#4396 = LINE('',#4397,#4398);
#4397 = CARTESIAN_POINT('',(0.785398163397,0.));
#4398 = VECTOR('',#4399,1.);
#4399 = DIRECTION('',(0.,1.));
#4400 = ( GEOMETRIC_REPRESENTATION_CONTEXT(2) 
PARAMETRIC_REPRESENTATION_CONTEXT() REPRESENTATION_CONTEXT('2D SPACE',''
  ) );
#4401 = PCURVE('',#1928,#4402);
#4402 = DEFINITIONAL_REPRESENTATION('',(#4403),#4407);
#4403 = LINE('',#4404,#4405);
#4404 = CARTESIAN_POINT('',(4.145094638567,0.));
#4405 = VECTOR('',#4406,1.);
#4406 = DIRECTION('',(0.,-1.));
#4407 = ( GEOMETRIC_REPRESENTATION_CONTEXT(2) 
PARAMETRIC_REPRESENTATION_CONTEXT() REPRESENTATION_CONTEXT('2D SPACE',''
  ) );
#4408 = ORIENTED_EDGE('',*,*,#2317,.T.);
#4409 = ORIENTED_EDGE('',*,*,#4410,.T.);
#4410 = EDGE_CURVE('',#2320,#1885,#4411,.T.);
#4411 = SURFACE_CURVE('',#4412,(#4416,#4423),.PCURVE_S1.);
#4412 = LINE('',#4413,#4414);
#4413 = CARTESIAN_POINT('',(145.65,-146.166547622,20.551452377916));
#4414 = VECTOR('',#4415,1.);
#4415 = DIRECTION('',(1.,0.,0.));
#4416 = PCURVE('',#1901,#4417);
#4417 = DEFINITIONAL_REPRESENTATION('',(#4418),#4422);
#4418 = LINE('',#4419,#4420);
#4419 = CARTESIAN_POINT('',(5.497787143782,0.));
#4420 = VECTOR('',#4421,1.);
#4421 = DIRECTION('',(0.,1.));
#4422 = ( GEOMETRIC_REPRESENTATION_CONTEXT(2) 
PARAMETRIC_REPRESENTATION_CONTEXT() REPRESENTATION_CONTEXT('2D SPACE',''
  ) );
#4423 = PCURVE('',#1978,#4424);
#4424 = DEFINITIONAL_REPRESENTATION('',(#4425),#4429);
#4425 = LINE('',#4426,#4427);
#4426 = CARTESIAN_POINT('',(0.,0.));
#4427 = VECTOR('',#4428,1.);
#4428 = DIRECTION('',(0.,-1.));
#4429 = ( GEOMETRIC_REPRESENTATION_CONTEXT(2) 
PARAMETRIC_REPRESENTATION_CONTEXT() REPRESENTATION_CONTEXT('2D SPACE',''
  ) );
#4430 = ADVANCED_FACE('',(#4431),#1928,.T.);
#4431 = FACE_BOUND('',#4432,.T.);
#4432 = EDGE_LOOP('',(#4433,#4434,#4455,#4456));
#4433 = ORIENTED_EDGE('',*,*,#2343,.T.);
#4434 = ORIENTED_EDGE('',*,*,#4435,.T.);
#4435 = EDGE_CURVE('',#2344,#1914,#4436,.T.);
#4436 = SURFACE_CURVE('',#4437,(#4441,#4448),.PCURVE_S1.);
#4437 = LINE('',#4438,#4439);
#4438 = CARTESIAN_POINT('',(145.65,-148.9,24.218));
#4439 = VECTOR('',#4440,1.);
#4440 = DIRECTION('',(1.,0.,0.));
#4441 = PCURVE('',#1928,#4442);
#4442 = DEFINITIONAL_REPRESENTATION('',(#4443),#4447);
#4443 = LINE('',#4444,#4445);
#4444 = CARTESIAN_POINT('',(0.,0.));
#4445 = VECTOR('',#4446,1.);
#4446 = DIRECTION('',(0.,-1.));
#4447 = ( GEOMETRIC_REPRESENTATION_CONTEXT(2) 
PARAMETRIC_REPRESENTATION_CONTEXT() REPRESENTATION_CONTEXT('2D SPACE',''
  ) );
#4448 = PCURVE('',#1954,#4449);
#4449 = DEFINITIONAL_REPRESENTATION('',(#4450),#4454);
#4450 = LINE('',#4451,#4452);
#4451 = CARTESIAN_POINT('',(0.8,0.));
#4452 = VECTOR('',#4453,1.);
#4453 = DIRECTION('',(0.,-1.));
#4454 = ( GEOMETRIC_REPRESENTATION_CONTEXT(2) 
PARAMETRIC_REPRESENTATION_CONTEXT() REPRESENTATION_CONTEXT('2D SPACE',''
  ) );
#4455 = ORIENTED_EDGE('',*,*,#1913,.F.);
#4456 = ORIENTED_EDGE('',*,*,#4388,.F.);
#4457 = ADVANCED_FACE('',(#4458),#1978,.T.);
#4458 = FACE_BOUND('',#4459,.T.);
#4459 = EDGE_LOOP('',(#4460,#4461,#4462,#4463));
#4460 = ORIENTED_EDGE('',*,*,#2385,.T.);
#4461 = ORIENTED_EDGE('',*,*,#4410,.T.);
#4462 = ORIENTED_EDGE('',*,*,#1965,.F.);
#4463 = ORIENTED_EDGE('',*,*,#4464,.F.);
#4464 = EDGE_CURVE('',#2365,#1940,#4465,.T.);
#4465 = SURFACE_CURVE('',#4466,(#4470,#4477),.PCURVE_S1.);
#4466 = LINE('',#4467,#4468);
#4467 = CARTESIAN_POINT('',(145.65,-148.1,24.218));
#4468 = VECTOR('',#4469,1.);
#4469 = DIRECTION('',(1.,0.,0.));
#4470 = PCURVE('',#1978,#4471);
#4471 = DEFINITIONAL_REPRESENTATION('',(#4472),#4476);
#4472 = LINE('',#4473,#4474);
#4473 = CARTESIAN_POINT('',(4.145094638567,0.));
#4474 = VECTOR('',#4475,1.);
#4475 = DIRECTION('',(0.,-1.));
#4476 = ( GEOMETRIC_REPRESENTATION_CONTEXT(2) 
PARAMETRIC_REPRESENTATION_CONTEXT() REPRESENTATION_CONTEXT('2D SPACE',''
  ) );
#4477 = PCURVE('',#1954,#4478);
#4478 = DEFINITIONAL_REPRESENTATION('',(#4479),#4483);
#4479 = LINE('',#4480,#4481);
#4480 = CARTESIAN_POINT('',(0.,-0.));
#4481 = VECTOR('',#4482,1.);
#4482 = DIRECTION('',(0.,-1.));
#4483 = ( GEOMETRIC_REPRESENTATION_CONTEXT(2) 
PARAMETRIC_REPRESENTATION_CONTEXT() REPRESENTATION_CONTEXT('2D SPACE',''
  ) );
#4484 = ADVANCED_FACE('',(#4485),#1954,.T.);
#4485 = FACE_BOUND('',#4486,.T.);
#4486 = EDGE_LOOP('',(#4487,#4488,#4489,#4490));
#4487 = ORIENTED_EDGE('',*,*,#2364,.T.);
#4488 = ORIENTED_EDGE('',*,*,#4464,.T.);
#4489 = ORIENTED_EDGE('',*,*,#1939,.F.);
#4490 = ORIENTED_EDGE('',*,*,#4435,.F.);
#4491 = ADVANCED_FACE('',(#4492),#2010,.F.);
#4492 = FACE_BOUND('',#4493,.F.);
#4493 = EDGE_LOOP('',(#4494,#4495,#4519,#4520));
#4494 = ORIENTED_EDGE('',*,*,#1991,.F.);
#4495 = ORIENTED_EDGE('',*,*,#4496,.F.);
#4496 = EDGE_CURVE('',#2407,#1992,#4497,.T.);
#4497 = SURFACE_CURVE('',#4498,(#4502,#4508),.PCURVE_S1.);
#4498 = LINE('',#4499,#4500);
#4499 = CARTESIAN_POINT('',(145.65,-175.8015148038,10.95));
#4500 = VECTOR('',#4501,1.);
#4501 = DIRECTION('',(1.,0.,0.));
#4502 = PCURVE('',#2010,#4503);
#4503 = DEFINITIONAL_REPRESENTATION('',(#4504),#4507);
#4504 = B_SPLINE_CURVE_WITH_KNOTS('',1,(#4505,#4506),.UNSPECIFIED.,.F.,
  .F.,(2,2),(0.9999994,4.0000006),.PIECEWISE_BEZIER_KNOTS.);
#4505 = CARTESIAN_POINT('',(0.588214434303,0.9999994));
#4506 = CARTESIAN_POINT('',(0.588214434303,4.0000006));
#4507 = ( GEOMETRIC_REPRESENTATION_CONTEXT(2) 
PARAMETRIC_REPRESENTATION_CONTEXT() REPRESENTATION_CONTEXT('2D SPACE',''
  ) );
#4508 = PCURVE('',#4509,#4514);
#4509 = PLANE('',#4510);
#4510 = AXIS2_PLACEMENT_3D('',#4511,#4512,#4513);
#4511 = CARTESIAN_POINT('',(146.65,-178.95,10.95));
#4512 = DIRECTION('',(0.,0.,1.));
#4513 = DIRECTION('',(1.,0.,-0.));
#4514 = DEFINITIONAL_REPRESENTATION('',(#4515),#4518);
#4515 = B_SPLINE_CURVE_WITH_KNOTS('',1,(#4516,#4517),.UNSPECIFIED.,.F.,
  .F.,(2,2),(0.9999994,4.0000006),.PIECEWISE_BEZIER_KNOTS.);
#4516 = CARTESIAN_POINT('',(-5.999999928008E-07,3.148485196156));
#4517 = CARTESIAN_POINT('',(3.0000006,3.148485196156));
#4518 = ( GEOMETRIC_REPRESENTATION_CONTEXT(2) 
PARAMETRIC_REPRESENTATION_CONTEXT() REPRESENTATION_CONTEXT('2D SPACE',''
  ) );
#4519 = ORIENTED_EDGE('',*,*,#2406,.T.);
#4520 = ORIENTED_EDGE('',*,*,#4521,.T.);
#4521 = EDGE_CURVE('',#2409,#1994,#4522,.T.);
#4522 = SURFACE_CURVE('',#4523,(#4527,#4533),.PCURVE_S1.);
#4523 = LINE('',#4524,#4525);
#4524 = CARTESIAN_POINT('',(145.65,-169.1984851961,10.95));
#4525 = VECTOR('',#4526,1.);
#4526 = DIRECTION('',(1.,0.,0.));
#4527 = PCURVE('',#2010,#4528);
#4528 = DEFINITIONAL_REPRESENTATION('',(#4529),#4532);
#4529 = B_SPLINE_CURVE_WITH_KNOTS('',1,(#4530,#4531),.UNSPECIFIED.,.F.,
  .F.,(2,2),(0.9999994,4.0000006),.PIECEWISE_BEZIER_KNOTS.);
#4530 = CARTESIAN_POINT('',(5.694970872877,0.9999994));
#4531 = CARTESIAN_POINT('',(5.694970872877,4.0000006));
#4532 = ( GEOMETRIC_REPRESENTATION_CONTEXT(2) 
PARAMETRIC_REPRESENTATION_CONTEXT() REPRESENTATION_CONTEXT('2D SPACE',''
  ) );
#4533 = PCURVE('',#4509,#4534);
#4534 = DEFINITIONAL_REPRESENTATION('',(#4535),#4538);
#4535 = B_SPLINE_CURVE_WITH_KNOTS('',1,(#4536,#4537),.UNSPECIFIED.,.F.,
  .F.,(2,2),(0.9999994,4.0000006),.PIECEWISE_BEZIER_KNOTS.);
#4536 = CARTESIAN_POINT('',(-5.999999928008E-07,9.751514803844));
#4537 = CARTESIAN_POINT('',(3.0000006,9.751514803844));
#4538 = ( GEOMETRIC_REPRESENTATION_CONTEXT(2) 
PARAMETRIC_REPRESENTATION_CONTEXT() REPRESENTATION_CONTEXT('2D SPACE',''
  ) );
#4539 = ADVANCED_FACE('',(#4540),#2038,.T.);
#4540 = FACE_BOUND('',#4541,.T.);
#4541 = EDGE_LOOP('',(#4542,#4571,#4593,#4594,#4595,#4596,#4597));
#4542 = ORIENTED_EDGE('',*,*,#4543,.F.);
#4543 = EDGE_CURVE('',#4544,#1992,#4546,.T.);
#4544 = VERTEX_POINT('',#4545);
#4545 = CARTESIAN_POINT('',(149.65,-172.5,11.95));
#4546 = SURFACE_CURVE('',#4547,(#4552,#4559),.PCURVE_S1.);
#4547 = CIRCLE('',#4548,5.95);
#4548 = AXIS2_PLACEMENT_3D('',#4549,#4550,#4551);
#4549 = CARTESIAN_POINT('',(149.65,-172.5,6.));
#4550 = DIRECTION('',(1.,0.,0.));
#4551 = DIRECTION('',(-0.,0.,1.));
#4552 = PCURVE('',#2038,#4553);
#4553 = DEFINITIONAL_REPRESENTATION('',(#4554),#4558);
#4554 = CIRCLE('',#4555,5.95);
#4555 = AXIS2_PLACEMENT_2D('',#4556,#4557);
#4556 = CARTESIAN_POINT('',(17.9,-23.5));
#4557 = DIRECTION('',(1.,0.));
#4558 = ( GEOMETRIC_REPRESENTATION_CONTEXT(2) 
PARAMETRIC_REPRESENTATION_CONTEXT() REPRESENTATION_CONTEXT('2D SPACE',''
  ) );
#4559 = PCURVE('',#4560,#4565);
#4560 = PLANE('',#4561);
#4561 = AXIS2_PLACEMENT_3D('',#4562,#4563,#4564);
#4562 = CARTESIAN_POINT('',(149.65,-178.95,10.95));
#4563 = DIRECTION('',(1.,0.,-0.));
#4564 = DIRECTION('',(0.,0.,1.));
#4565 = DEFINITIONAL_REPRESENTATION('',(#4566),#4570);
#4566 = CIRCLE('',#4567,5.95);
#4567 = AXIS2_PLACEMENT_2D('',#4568,#4569);
#4568 = CARTESIAN_POINT('',(-4.95,-6.45));
#4569 = DIRECTION('',(1.,0.));
#4570 = ( GEOMETRIC_REPRESENTATION_CONTEXT(2) 
PARAMETRIC_REPRESENTATION_CONTEXT() REPRESENTATION_CONTEXT('2D SPACE',''
  ) );
#4571 = ORIENTED_EDGE('',*,*,#4572,.F.);
#4572 = EDGE_CURVE('',#1994,#4544,#4573,.T.);
#4573 = SURFACE_CURVE('',#4574,(#4579,#4586),.PCURVE_S1.);
#4574 = CIRCLE('',#4575,5.95);
#4575 = AXIS2_PLACEMENT_3D('',#4576,#4577,#4578);
#4576 = CARTESIAN_POINT('',(149.65,-172.5,6.));
#4577 = DIRECTION('',(1.,0.,0.));
#4578 = DIRECTION('',(-0.,0.,1.));
#4579 = PCURVE('',#2038,#4580);
#4580 = DEFINITIONAL_REPRESENTATION('',(#4581),#4585);
#4581 = CIRCLE('',#4582,5.95);
#4582 = AXIS2_PLACEMENT_2D('',#4583,#4584);
#4583 = CARTESIAN_POINT('',(17.9,-23.5));
#4584 = DIRECTION('',(1.,0.));
#4585 = ( GEOMETRIC_REPRESENTATION_CONTEXT(2) 
PARAMETRIC_REPRESENTATION_CONTEXT() REPRESENTATION_CONTEXT('2D SPACE',''
  ) );
#4586 = PCURVE('',#4560,#4587);
#4587 = DEFINITIONAL_REPRESENTATION('',(#4588),#4592);
#4588 = CIRCLE('',#4589,5.95);
#4589 = AXIS2_PLACEMENT_2D('',#4590,#4591);
#4590 = CARTESIAN_POINT('',(-4.95,-6.45));
#4591 = DIRECTION('',(1.,0.));
#4592 = ( GEOMETRIC_REPRESENTATION_CONTEXT(2) 
PARAMETRIC_REPRESENTATION_CONTEXT() REPRESENTATION_CONTEXT('2D SPACE',''
  ) );
#4593 = ORIENTED_EDGE('',*,*,#2119,.T.);
#4594 = ORIENTED_EDGE('',*,*,#2096,.T.);
#4595 = ORIENTED_EDGE('',*,*,#2073,.F.);
#4596 = ORIENTED_EDGE('',*,*,#2050,.F.);
#4597 = ORIENTED_EDGE('',*,*,#2022,.T.);
#4598 = ADVANCED_FACE('',(#4599),#2303,.T.);
#4599 = FACE_BOUND('',#4600,.T.);
#4600 = EDGE_LOOP('',(#4601,#4602,#4624,#4625));
#4601 = ORIENTED_EDGE('',*,*,#2290,.T.);
#4602 = ORIENTED_EDGE('',*,*,#4603,.F.);
#4603 = EDGE_CURVE('',#494,#468,#4604,.T.);
#4604 = SURFACE_CURVE('',#4605,(#4610,#4617),.PCURVE_S1.);
#4605 = CIRCLE('',#4606,4.5);
#4606 = AXIS2_PLACEMENT_3D('',#4607,#4608,#4609);
#4607 = CARTESIAN_POINT('',(142.65,-189.,25.));
#4608 = DIRECTION('',(0.,0.,1.));
#4609 = DIRECTION('',(1.,0.,-0.));
#4610 = PCURVE('',#2303,#4611);
#4611 = DEFINITIONAL_REPRESENTATION('',(#4612),#4616);
#4612 = LINE('',#4613,#4614);
#4613 = CARTESIAN_POINT('',(0.,10.));
#4614 = VECTOR('',#4615,1.);
#4615 = DIRECTION('',(1.,0.));
#4616 = ( GEOMETRIC_REPRESENTATION_CONTEXT(2) 
PARAMETRIC_REPRESENTATION_CONTEXT() REPRESENTATION_CONTEXT('2D SPACE',''
  ) );
#4617 = PCURVE('',#2566,#4618);
#4618 = DEFINITIONAL_REPRESENTATION('',(#4619),#4623);
#4619 = CIRCLE('',#4620,4.5);
#4620 = AXIS2_PLACEMENT_2D('',#4621,#4622);
#4621 = CARTESIAN_POINT('',(0.,0.));
#4622 = DIRECTION('',(1.,0.));
#4623 = ( GEOMETRIC_REPRESENTATION_CONTEXT(2) 
PARAMETRIC_REPRESENTATION_CONTEXT() REPRESENTATION_CONTEXT('2D SPACE',''
  ) );
#4624 = ORIENTED_EDGE('',*,*,#3139,.F.);
#4625 = ORIENTED_EDGE('',*,*,#4626,.T.);
#4626 = EDGE_CURVE('',#3119,#2265,#4627,.T.);
#4627 = SURFACE_CURVE('',#4628,(#4633,#4640),.PCURVE_S1.);
#4628 = CIRCLE('',#4629,4.5);
#4629 = AXIS2_PLACEMENT_3D('',#4630,#4631,#4632);
#4630 = CARTESIAN_POINT('',(142.65,-189.,15.));
#4631 = DIRECTION('',(0.,0.,1.));
#4632 = DIRECTION('',(1.,0.,-0.));
#4633 = PCURVE('',#2303,#4634);
#4634 = DEFINITIONAL_REPRESENTATION('',(#4635),#4639);
#4635 = LINE('',#4636,#4637);
#4636 = CARTESIAN_POINT('',(0.,0.));
#4637 = VECTOR('',#4638,1.);
#4638 = DIRECTION('',(1.,0.));
#4639 = ( GEOMETRIC_REPRESENTATION_CONTEXT(2) 
PARAMETRIC_REPRESENTATION_CONTEXT() REPRESENTATION_CONTEXT('2D SPACE',''
  ) );
#4640 = PCURVE('',#2279,#4641);
#4641 = DEFINITIONAL_REPRESENTATION('',(#4642),#4646);
#4642 = CIRCLE('',#4643,4.5);
#4643 = AXIS2_PLACEMENT_2D('',#4644,#4645);
#4644 = CARTESIAN_POINT('',(0.,0.));
#4645 = DIRECTION('',(1.,0.));
#4646 = ( GEOMETRIC_REPRESENTATION_CONTEXT(2) 
PARAMETRIC_REPRESENTATION_CONTEXT() REPRESENTATION_CONTEXT('2D SPACE',''
  ) );
#4647 = ADVANCED_FACE('',(#4648,#4675),#2279,.F.);
#4648 = FACE_BOUND('',#4649,.F.);
#4649 = EDGE_LOOP('',(#4650,#4651,#4673,#4674));
#4650 = ORIENTED_EDGE('',*,*,#2264,.F.);
#4651 = ORIENTED_EDGE('',*,*,#4652,.T.);
#4652 = EDGE_CURVE('',#2239,#3098,#4653,.T.);
#4653 = SURFACE_CURVE('',#4654,(#4659,#4666),.PCURVE_S1.);
#4654 = CIRCLE('',#4655,4.5);
#4655 = AXIS2_PLACEMENT_3D('',#4656,#4657,#4658);
#4656 = CARTESIAN_POINT('',(142.65,-189.,15.));
#4657 = DIRECTION('',(0.,0.,1.));
#4658 = DIRECTION('',(1.,0.,-0.));
#4659 = PCURVE('',#2279,#4660);
#4660 = DEFINITIONAL_REPRESENTATION('',(#4661),#4665);
#4661 = CIRCLE('',#4662,4.5);
#4662 = AXIS2_PLACEMENT_2D('',#4663,#4664);
#4663 = CARTESIAN_POINT('',(0.,0.));
#4664 = DIRECTION('',(1.,0.));
#4665 = ( GEOMETRIC_REPRESENTATION_CONTEXT(2) 
PARAMETRIC_REPRESENTATION_CONTEXT() REPRESENTATION_CONTEXT('2D SPACE',''
  ) );
#4666 = PCURVE('',#2253,#4667);
#4667 = DEFINITIONAL_REPRESENTATION('',(#4668),#4672);
#4668 = LINE('',#4669,#4670);
#4669 = CARTESIAN_POINT('',(0.,0.));
#4670 = VECTOR('',#4671,1.);
#4671 = DIRECTION('',(1.,0.));
#4672 = ( GEOMETRIC_REPRESENTATION_CONTEXT(2) 
PARAMETRIC_REPRESENTATION_CONTEXT() REPRESENTATION_CONTEXT('2D SPACE',''
  ) );
#4673 = ORIENTED_EDGE('',*,*,#3118,.T.);
#4674 = ORIENTED_EDGE('',*,*,#4626,.T.);
#4675 = FACE_BOUND('',#4676,.F.);
#4676 = EDGE_LOOP('',(#4677));
#4677 = ORIENTED_EDGE('',*,*,#4678,.F.);
#4678 = EDGE_CURVE('',#4679,#4679,#4681,.T.);
#4679 = VERTEX_POINT('',#4680);
#4680 = CARTESIAN_POINT('',(143.9,-189.,15.));
#4681 = SURFACE_CURVE('',#4682,(#4687,#4694),.PCURVE_S1.);
#4682 = CIRCLE('',#4683,1.25);
#4683 = AXIS2_PLACEMENT_3D('',#4684,#4685,#4686);
#4684 = CARTESIAN_POINT('',(142.65,-189.,15.));
#4685 = DIRECTION('',(0.,0.,1.));
#4686 = DIRECTION('',(1.,0.,-0.));
#4687 = PCURVE('',#2279,#4688);
#4688 = DEFINITIONAL_REPRESENTATION('',(#4689),#4693);
#4689 = CIRCLE('',#4690,1.25);
#4690 = AXIS2_PLACEMENT_2D('',#4691,#4692);
#4691 = CARTESIAN_POINT('',(0.,0.));
#4692 = DIRECTION('',(1.,0.));
#4693 = ( GEOMETRIC_REPRESENTATION_CONTEXT(2) 
PARAMETRIC_REPRESENTATION_CONTEXT() REPRESENTATION_CONTEXT('2D SPACE',''
  ) );
#4694 = PCURVE('',#4695,#4700);
#4695 = CYLINDRICAL_SURFACE('',#4696,1.25);
#4696 = AXIS2_PLACEMENT_3D('',#4697,#4698,#4699);
#4697 = CARTESIAN_POINT('',(142.65,-189.,14.99));
#4698 = DIRECTION('',(0.,0.,1.));
#4699 = DIRECTION('',(1.,0.,-0.));
#4700 = DEFINITIONAL_REPRESENTATION('',(#4701),#4705);
#4701 = LINE('',#4702,#4703);
#4702 = CARTESIAN_POINT('',(0.,1.E-02));
#4703 = VECTOR('',#4704,1.);
#4704 = DIRECTION('',(1.,0.));
#4705 = ( GEOMETRIC_REPRESENTATION_CONTEXT(2) 
PARAMETRIC_REPRESENTATION_CONTEXT() REPRESENTATION_CONTEXT('2D SPACE',''
  ) );
#4706 = ADVANCED_FACE('',(#4707),#2253,.T.);
#4707 = FACE_BOUND('',#4708,.T.);
#4708 = EDGE_LOOP('',(#4709,#4731,#4732,#4733));
#4709 = ORIENTED_EDGE('',*,*,#4710,.F.);
#4710 = EDGE_CURVE('',#884,#520,#4711,.T.);
#4711 = SURFACE_CURVE('',#4712,(#4717,#4724),.PCURVE_S1.);
#4712 = CIRCLE('',#4713,4.5);
#4713 = AXIS2_PLACEMENT_3D('',#4714,#4715,#4716);
#4714 = CARTESIAN_POINT('',(142.65,-189.,25.));
#4715 = DIRECTION('',(0.,0.,1.));
#4716 = DIRECTION('',(1.,0.,-0.));
#4717 = PCURVE('',#2253,#4718);
#4718 = DEFINITIONAL_REPRESENTATION('',(#4719),#4723);
#4719 = LINE('',#4720,#4721);
#4720 = CARTESIAN_POINT('',(0.,10.));
#4721 = VECTOR('',#4722,1.);
#4722 = DIRECTION('',(1.,0.));
#4723 = ( GEOMETRIC_REPRESENTATION_CONTEXT(2) 
PARAMETRIC_REPRESENTATION_CONTEXT() REPRESENTATION_CONTEXT('2D SPACE',''
  ) );
#4724 = PCURVE('',#2566,#4725);
#4725 = DEFINITIONAL_REPRESENTATION('',(#4726),#4730);
#4726 = CIRCLE('',#4727,4.5);
#4727 = AXIS2_PLACEMENT_2D('',#4728,#4729);
#4728 = CARTESIAN_POINT('',(0.,0.));
#4729 = DIRECTION('',(1.,0.));
#4730 = ( GEOMETRIC_REPRESENTATION_CONTEXT(2) 
PARAMETRIC_REPRESENTATION_CONTEXT() REPRESENTATION_CONTEXT('2D SPACE',''
  ) );
#4731 = ORIENTED_EDGE('',*,*,#2238,.F.);
#4732 = ORIENTED_EDGE('',*,*,#4652,.T.);
#4733 = ORIENTED_EDGE('',*,*,#3097,.T.);
#4734 = ADVANCED_FACE('',(#4735,#4741,#4772,#4886,#4917,#4948),#2182,.T.
  );
#4735 = FACE_BOUND('',#4736,.T.);
#4736 = EDGE_LOOP('',(#4737,#4738,#4739,#4740));
#4737 = ORIENTED_EDGE('',*,*,#2783,.F.);
#4738 = ORIENTED_EDGE('',*,*,#3007,.T.);
#4739 = ORIENTED_EDGE('',*,*,#2166,.T.);
#4740 = ORIENTED_EDGE('',*,*,#2584,.F.);
#4741 = FACE_BOUND('',#4742,.T.);
#4742 = EDGE_LOOP('',(#4743));
#4743 = ORIENTED_EDGE('',*,*,#4744,.F.);
#4744 = EDGE_CURVE('',#4745,#4745,#4747,.T.);
#4745 = VERTEX_POINT('',#4746);
#4746 = CARTESIAN_POINT('',(100.79,-185.42,-9.5));
#4747 = SURFACE_CURVE('',#4748,(#4753,#4760),.PCURVE_S1.);
#4748 = CIRCLE('',#4749,3.);
#4749 = AXIS2_PLACEMENT_3D('',#4750,#4751,#4752);
#4750 = CARTESIAN_POINT('',(97.79,-185.42,-9.5));
#4751 = DIRECTION('',(0.,0.,1.));
#4752 = DIRECTION('',(1.,0.,-0.));
#4753 = PCURVE('',#2182,#4754);
#4754 = DEFINITIONAL_REPRESENTATION('',(#4755),#4759);
#4755 = CIRCLE('',#4756,3.);
#4756 = AXIS2_PLACEMENT_2D('',#4757,#4758);
#4757 = CARTESIAN_POINT('',(10.29,7.58));
#4758 = DIRECTION('',(1.,0.));
#4759 = ( GEOMETRIC_REPRESENTATION_CONTEXT(2) 
PARAMETRIC_REPRESENTATION_CONTEXT() REPRESENTATION_CONTEXT('2D SPACE',''
  ) );
#4760 = PCURVE('',#4761,#4766);
#4761 = CYLINDRICAL_SURFACE('',#4762,3.);
#4762 = AXIS2_PLACEMENT_3D('',#4763,#4764,#4765);
#4763 = CARTESIAN_POINT('',(97.79,-185.42,-9.5));
#4764 = DIRECTION('',(0.,0.,1.));
#4765 = DIRECTION('',(1.,0.,-0.));
#4766 = DEFINITIONAL_REPRESENTATION('',(#4767),#4771);
#4767 = LINE('',#4768,#4769);
#4768 = CARTESIAN_POINT('',(0.,0.));
#4769 = VECTOR('',#4770,1.);
#4770 = DIRECTION('',(1.,0.));
#4771 = ( GEOMETRIC_REPRESENTATION_CONTEXT(2) 
PARAMETRIC_REPRESENTATION_CONTEXT() REPRESENTATION_CONTEXT('2D SPACE',''
  ) );
#4772 = FACE_BOUND('',#4773,.T.);
#4773 = EDGE_LOOP('',(#4774,#4804,#4832,#4860));
#4774 = ORIENTED_EDGE('',*,*,#4775,.T.);
#4775 = EDGE_CURVE('',#4776,#4778,#4780,.T.);
#4776 = VERTEX_POINT('',#4777);
#4777 = CARTESIAN_POINT('',(141.8,-165.,-9.5));
#4778 = VERTEX_POINT('',#4779);
#4779 = CARTESIAN_POINT('',(141.8,-158.,-9.5));
#4780 = SURFACE_CURVE('',#4781,(#4785,#4792),.PCURVE_S1.);
#4781 = LINE('',#4782,#4783);
#4782 = CARTESIAN_POINT('',(141.8,-165.,-9.5));
#4783 = VECTOR('',#4784,1.);
#4784 = DIRECTION('',(-0.,1.,0.));
#4785 = PCURVE('',#2182,#4786);
#4786 = DEFINITIONAL_REPRESENTATION('',(#4787),#4791);
#4787 = LINE('',#4788,#4789);
#4788 = CARTESIAN_POINT('',(54.3,28.));
#4789 = VECTOR('',#4790,1.);
#4790 = DIRECTION('',(0.,1.));
#4791 = ( GEOMETRIC_REPRESENTATION_CONTEXT(2) 
PARAMETRIC_REPRESENTATION_CONTEXT() REPRESENTATION_CONTEXT('2D SPACE',''
  ) );
#4792 = PCURVE('',#4793,#4798);
#4793 = PLANE('',#4794);
#4794 = AXIS2_PLACEMENT_3D('',#4795,#4796,#4797);
#4795 = CARTESIAN_POINT('',(141.8,-165.,-9.5));
#4796 = DIRECTION('',(1.,0.,-0.));
#4797 = DIRECTION('',(0.,0.,1.));
#4798 = DEFINITIONAL_REPRESENTATION('',(#4799),#4803);
#4799 = LINE('',#4800,#4801);
#4800 = CARTESIAN_POINT('',(0.,0.));
#4801 = VECTOR('',#4802,1.);
#4802 = DIRECTION('',(0.,-1.));
#4803 = ( GEOMETRIC_REPRESENTATION_CONTEXT(2) 
PARAMETRIC_REPRESENTATION_CONTEXT() REPRESENTATION_CONTEXT('2D SPACE',''
  ) );
#4804 = ORIENTED_EDGE('',*,*,#4805,.T.);
#4805 = EDGE_CURVE('',#4778,#4806,#4808,.T.);
#4806 = VERTEX_POINT('',#4807);
#4807 = CARTESIAN_POINT('',(144.2,-158.,-9.5));
#4808 = SURFACE_CURVE('',#4809,(#4813,#4820),.PCURVE_S1.);
#4809 = LINE('',#4810,#4811);
#4810 = CARTESIAN_POINT('',(141.8,-158.,-9.5));
#4811 = VECTOR('',#4812,1.);
#4812 = DIRECTION('',(1.,0.,-0.));
#4813 = PCURVE('',#2182,#4814);
#4814 = DEFINITIONAL_REPRESENTATION('',(#4815),#4819);
#4815 = LINE('',#4816,#4817);
#4816 = CARTESIAN_POINT('',(54.3,35.));
#4817 = VECTOR('',#4818,1.);
#4818 = DIRECTION('',(1.,0.));
#4819 = ( GEOMETRIC_REPRESENTATION_CONTEXT(2) 
PARAMETRIC_REPRESENTATION_CONTEXT() REPRESENTATION_CONTEXT('2D SPACE',''
  ) );
#4820 = PCURVE('',#4821,#4826);
#4821 = PLANE('',#4822);
#4822 = AXIS2_PLACEMENT_3D('',#4823,#4824,#4825);
#4823 = CARTESIAN_POINT('',(141.8,-158.,-9.5));
#4824 = DIRECTION('',(-0.,1.,0.));
#4825 = DIRECTION('',(0.,0.,1.));
#4826 = DEFINITIONAL_REPRESENTATION('',(#4827),#4831);
#4827 = LINE('',#4828,#4829);
#4828 = CARTESIAN_POINT('',(0.,0.));
#4829 = VECTOR('',#4830,1.);
#4830 = DIRECTION('',(0.,1.));
#4831 = ( GEOMETRIC_REPRESENTATION_CONTEXT(2) 
PARAMETRIC_REPRESENTATION_CONTEXT() REPRESENTATION_CONTEXT('2D SPACE',''
  ) );
#4832 = ORIENTED_EDGE('',*,*,#4833,.F.);
#4833 = EDGE_CURVE('',#4834,#4806,#4836,.T.);
#4834 = VERTEX_POINT('',#4835);
#4835 = CARTESIAN_POINT('',(144.2,-165.,-9.5));
#4836 = SURFACE_CURVE('',#4837,(#4841,#4848),.PCURVE_S1.);
#4837 = LINE('',#4838,#4839);
#4838 = CARTESIAN_POINT('',(144.2,-165.,-9.5));
#4839 = VECTOR('',#4840,1.);
#4840 = DIRECTION('',(-0.,1.,0.));
#4841 = PCURVE('',#2182,#4842);
#4842 = DEFINITIONAL_REPRESENTATION('',(#4843),#4847);
#4843 = LINE('',#4844,#4845);
#4844 = CARTESIAN_POINT('',(56.7,28.));
#4845 = VECTOR('',#4846,1.);
#4846 = DIRECTION('',(0.,1.));
#4847 = ( GEOMETRIC_REPRESENTATION_CONTEXT(2) 
PARAMETRIC_REPRESENTATION_CONTEXT() REPRESENTATION_CONTEXT('2D SPACE',''
  ) );
#4848 = PCURVE('',#4849,#4854);
#4849 = PLANE('',#4850);
#4850 = AXIS2_PLACEMENT_3D('',#4851,#4852,#4853);
#4851 = CARTESIAN_POINT('',(144.2,-165.,-9.5));
#4852 = DIRECTION('',(1.,0.,-0.));
#4853 = DIRECTION('',(0.,0.,1.));
#4854 = DEFINITIONAL_REPRESENTATION('',(#4855),#4859);
#4855 = LINE('',#4856,#4857);
#4856 = CARTESIAN_POINT('',(0.,0.));
#4857 = VECTOR('',#4858,1.);
#4858 = DIRECTION('',(0.,-1.));
#4859 = ( GEOMETRIC_REPRESENTATION_CONTEXT(2) 
PARAMETRIC_REPRESENTATION_CONTEXT() REPRESENTATION_CONTEXT('2D SPACE',''
  ) );
#4860 = ORIENTED_EDGE('',*,*,#4861,.F.);
#4861 = EDGE_CURVE('',#4776,#4834,#4862,.T.);
#4862 = SURFACE_CURVE('',#4863,(#4867,#4874),.PCURVE_S1.);
#4863 = LINE('',#4864,#4865);
#4864 = CARTESIAN_POINT('',(141.8,-165.,-9.5));
#4865 = VECTOR('',#4866,1.);
#4866 = DIRECTION('',(1.,0.,-0.));
#4867 = PCURVE('',#2182,#4868);
#4868 = DEFINITIONAL_REPRESENTATION('',(#4869),#4873);
#4869 = LINE('',#4870,#4871);
#4870 = CARTESIAN_POINT('',(54.3,28.));
#4871 = VECTOR('',#4872,1.);
#4872 = DIRECTION('',(1.,0.));
#4873 = ( GEOMETRIC_REPRESENTATION_CONTEXT(2) 
PARAMETRIC_REPRESENTATION_CONTEXT() REPRESENTATION_CONTEXT('2D SPACE',''
  ) );
#4874 = PCURVE('',#4875,#4880);
#4875 = PLANE('',#4876);
#4876 = AXIS2_PLACEMENT_3D('',#4877,#4878,#4879);
#4877 = CARTESIAN_POINT('',(141.8,-165.,-9.5));
#4878 = DIRECTION('',(-0.,1.,0.));
#4879 = DIRECTION('',(0.,0.,1.));
#4880 = DEFINITIONAL_REPRESENTATION('',(#4881),#4885);
#4881 = LINE('',#4882,#4883);
#4882 = CARTESIAN_POINT('',(0.,0.));
#4883 = VECTOR('',#4884,1.);
#4884 = DIRECTION('',(0.,1.));
#4885 = ( GEOMETRIC_REPRESENTATION_CONTEXT(2) 
PARAMETRIC_REPRESENTATION_CONTEXT() REPRESENTATION_CONTEXT('2D SPACE',''
  ) );
#4886 = FACE_BOUND('',#4887,.T.);
#4887 = EDGE_LOOP('',(#4888));
#4888 = ORIENTED_EDGE('',*,*,#4889,.F.);
#4889 = EDGE_CURVE('',#4890,#4890,#4892,.T.);
#4890 = VERTEX_POINT('',#4891);
#4891 = CARTESIAN_POINT('',(95.71,-117.47,-9.5));
#4892 = SURFACE_CURVE('',#4893,(#4898,#4905),.PCURVE_S1.);
#4893 = CIRCLE('',#4894,3.);
#4894 = AXIS2_PLACEMENT_3D('',#4895,#4896,#4897);
#4895 = CARTESIAN_POINT('',(92.71,-117.47,-9.5));
#4896 = DIRECTION('',(0.,0.,1.));
#4897 = DIRECTION('',(1.,0.,-0.));
#4898 = PCURVE('',#2182,#4899);
#4899 = DEFINITIONAL_REPRESENTATION('',(#4900),#4904);
#4900 = CIRCLE('',#4901,3.);
#4901 = AXIS2_PLACEMENT_2D('',#4902,#4903);
#4902 = CARTESIAN_POINT('',(5.21,75.53));
#4903 = DIRECTION('',(1.,0.));
#4904 = ( GEOMETRIC_REPRESENTATION_CONTEXT(2) 
PARAMETRIC_REPRESENTATION_CONTEXT() REPRESENTATION_CONTEXT('2D SPACE',''
  ) );
#4905 = PCURVE('',#4906,#4911);
#4906 = CYLINDRICAL_SURFACE('',#4907,3.);
#4907 = AXIS2_PLACEMENT_3D('',#4908,#4909,#4910);
#4908 = CARTESIAN_POINT('',(92.71,-117.47,-9.5));
#4909 = DIRECTION('',(0.,0.,1.));
#4910 = DIRECTION('',(1.,0.,-0.));
#4911 = DEFINITIONAL_REPRESENTATION('',(#4912),#4916);
#4912 = LINE('',#4913,#4914);
#4913 = CARTESIAN_POINT('',(0.,0.));
#4914 = VECTOR('',#4915,1.);
#4915 = DIRECTION('',(1.,0.));
#4916 = ( GEOMETRIC_REPRESENTATION_CONTEXT(2) 
PARAMETRIC_REPRESENTATION_CONTEXT() REPRESENTATION_CONTEXT('2D SPACE',''
  ) );
#4917 = FACE_BOUND('',#4918,.T.);
#4918 = EDGE_LOOP('',(#4919));
#4919 = ORIENTED_EDGE('',*,*,#4920,.F.);
#4920 = EDGE_CURVE('',#4921,#4921,#4923,.T.);
#4921 = VERTEX_POINT('',#4922);
#4922 = CARTESIAN_POINT('',(130.,-147.,-9.5));
#4923 = SURFACE_CURVE('',#4924,(#4929,#4936),.PCURVE_S1.);
#4924 = CIRCLE('',#4925,6.5);
#4925 = AXIS2_PLACEMENT_3D('',#4926,#4927,#4928);
#4926 = CARTESIAN_POINT('',(123.5,-147.,-9.5));
#4927 = DIRECTION('',(0.,0.,1.));
#4928 = DIRECTION('',(1.,0.,-0.));
#4929 = PCURVE('',#2182,#4930);
#4930 = DEFINITIONAL_REPRESENTATION('',(#4931),#4935);
#4931 = CIRCLE('',#4932,6.5);
#4932 = AXIS2_PLACEMENT_2D('',#4933,#4934);
#4933 = CARTESIAN_POINT('',(36.,46.));
#4934 = DIRECTION('',(1.,0.));
#4935 = ( GEOMETRIC_REPRESENTATION_CONTEXT(2) 
PARAMETRIC_REPRESENTATION_CONTEXT() REPRESENTATION_CONTEXT('2D SPACE',''
  ) );
#4936 = PCURVE('',#4937,#4942);
#4937 = CONICAL_SURFACE('',#4938,6.5,0.463647609001);
#4938 = AXIS2_PLACEMENT_3D('',#4939,#4940,#4941);
#4939 = CARTESIAN_POINT('',(123.5,-147.,-9.5));
#4940 = DIRECTION('',(-0.,-0.,-1.));
#4941 = DIRECTION('',(1.,0.,-0.));
#4942 = DEFINITIONAL_REPRESENTATION('',(#4943),#4947);
#4943 = LINE('',#4944,#4945);
#4944 = CARTESIAN_POINT('',(-0.,-0.));
#4945 = VECTOR('',#4946,1.);
#4946 = DIRECTION('',(-1.,-0.));
#4947 = ( GEOMETRIC_REPRESENTATION_CONTEXT(2) 
PARAMETRIC_REPRESENTATION_CONTEXT() REPRESENTATION_CONTEXT('2D SPACE',''
  ) );
#4948 = FACE_BOUND('',#4949,.T.);
#4949 = EDGE_LOOP('',(#4950,#4981,#5010));
#4950 = ORIENTED_EDGE('',*,*,#4951,.F.);
#4951 = EDGE_CURVE('',#4952,#4954,#4956,.T.);
#4952 = VERTEX_POINT('',#4953);
#4953 = CARTESIAN_POINT('',(117.24393926674,-114.980436317,-9.5));
#4954 = VERTEX_POINT('',#4955);
#4955 = CARTESIAN_POINT('',(116.87361524269,-120.1719598995,-9.5));
#4956 = SURFACE_CURVE('',#4957,(#4962,#4969),.PCURVE_S1.);
#4957 = CIRCLE('',#4958,3.);
#4958 = AXIS2_PLACEMENT_3D('',#4959,#4960,#4961);
#4959 = CARTESIAN_POINT('',(115.57,-117.47,-9.5));
#4960 = DIRECTION('',(0.,0.,1.));
#4961 = DIRECTION('',(1.,0.,-0.));
#4962 = PCURVE('',#2182,#4963);
#4963 = DEFINITIONAL_REPRESENTATION('',(#4964),#4968);
#4964 = CIRCLE('',#4965,3.);
#4965 = AXIS2_PLACEMENT_2D('',#4966,#4967);
#4966 = CARTESIAN_POINT('',(28.07,75.53));
#4967 = DIRECTION('',(1.,0.));
#4968 = ( GEOMETRIC_REPRESENTATION_CONTEXT(2) 
PARAMETRIC_REPRESENTATION_CONTEXT() REPRESENTATION_CONTEXT('2D SPACE',''
  ) );
#4969 = PCURVE('',#4970,#4975);
#4970 = CYLINDRICAL_SURFACE('',#4971,3.);
#4971 = AXIS2_PLACEMENT_3D('',#4972,#4973,#4974);
#4972 = CARTESIAN_POINT('',(115.57,-117.47,-9.5));
#4973 = DIRECTION('',(0.,0.,1.));
#4974 = DIRECTION('',(1.,0.,-0.));
#4975 = DEFINITIONAL_REPRESENTATION('',(#4976),#4980);
#4976 = LINE('',#4977,#4978);
#4977 = CARTESIAN_POINT('',(0.,0.));
#4978 = VECTOR('',#4979,1.);
#4979 = DIRECTION('',(1.,0.));
#4980 = ( GEOMETRIC_REPRESENTATION_CONTEXT(2) 
PARAMETRIC_REPRESENTATION_CONTEXT() REPRESENTATION_CONTEXT('2D SPACE',''
  ) );
#4981 = ORIENTED_EDGE('',*,*,#4982,.F.);
#4982 = EDGE_CURVE('',#4983,#4952,#4985,.T.);
#4983 = VERTEX_POINT('',#4984);
#4984 = CARTESIAN_POINT('',(129.5,-118.,-9.5));
#4985 = SURFACE_CURVE('',#4986,(#4991,#4998),.PCURVE_S1.);
#4986 = CIRCLE('',#4987,6.5);
#4987 = AXIS2_PLACEMENT_3D('',#4988,#4989,#4990);
#4988 = CARTESIAN_POINT('',(123.,-118.,-9.5));
#4989 = DIRECTION('',(0.,0.,1.));
#4990 = DIRECTION('',(1.,0.,-0.));
#4991 = PCURVE('',#2182,#4992);
#4992 = DEFINITIONAL_REPRESENTATION('',(#4993),#4997);
#4993 = CIRCLE('',#4994,6.5);
#4994 = AXIS2_PLACEMENT_2D('',#4995,#4996);
#4995 = CARTESIAN_POINT('',(35.5,75.));
#4996 = DIRECTION('',(1.,0.));
#4997 = ( GEOMETRIC_REPRESENTATION_CONTEXT(2) 
PARAMETRIC_REPRESENTATION_CONTEXT() REPRESENTATION_CONTEXT('2D SPACE',''
  ) );
#4998 = PCURVE('',#4999,#5004);
#4999 = CONICAL_SURFACE('',#5000,6.5,0.463647609001);
#5000 = AXIS2_PLACEMENT_3D('',#5001,#5002,#5003);
#5001 = CARTESIAN_POINT('',(123.,-118.,-9.5));
#5002 = DIRECTION('',(-0.,-0.,-1.));
#5003 = DIRECTION('',(1.,0.,-0.));
#5004 = DEFINITIONAL_REPRESENTATION('',(#5005),#5009);
#5005 = LINE('',#5006,#5007);
#5006 = CARTESIAN_POINT('',(-0.,-0.));
#5007 = VECTOR('',#5008,1.);
#5008 = DIRECTION('',(-1.,-0.));
#5009 = ( GEOMETRIC_REPRESENTATION_CONTEXT(2) 
PARAMETRIC_REPRESENTATION_CONTEXT() REPRESENTATION_CONTEXT('2D SPACE',''
  ) );
#5010 = ORIENTED_EDGE('',*,*,#5011,.F.);
#5011 = EDGE_CURVE('',#4954,#4983,#5012,.T.);
#5012 = SURFACE_CURVE('',#5013,(#5018,#5025),.PCURVE_S1.);
#5013 = CIRCLE('',#5014,6.5);
#5014 = AXIS2_PLACEMENT_3D('',#5015,#5016,#5017);
#5015 = CARTESIAN_POINT('',(123.,-118.,-9.5));
#5016 = DIRECTION('',(0.,0.,1.));
#5017 = DIRECTION('',(1.,0.,-0.));
#5018 = PCURVE('',#2182,#5019);
#5019 = DEFINITIONAL_REPRESENTATION('',(#5020),#5024);
#5020 = CIRCLE('',#5021,6.5);
#5021 = AXIS2_PLACEMENT_2D('',#5022,#5023);
#5022 = CARTESIAN_POINT('',(35.5,75.));
#5023 = DIRECTION('',(1.,0.));
#5024 = ( GEOMETRIC_REPRESENTATION_CONTEXT(2) 
PARAMETRIC_REPRESENTATION_CONTEXT() REPRESENTATION_CONTEXT('2D SPACE',''
  ) );
#5025 = PCURVE('',#4999,#5026);
#5026 = DEFINITIONAL_REPRESENTATION('',(#5027),#5031);
#5027 = LINE('',#5028,#5029);
#5028 = CARTESIAN_POINT('',(-0.,-0.));
#5029 = VECTOR('',#5030,1.);
#5030 = DIRECTION('',(-1.,-0.));
#5031 = ( GEOMETRIC_REPRESENTATION_CONTEXT(2) 
PARAMETRIC_REPRESENTATION_CONTEXT() REPRESENTATION_CONTEXT('2D SPACE',''
  ) );
#5032 = ADVANCED_FACE('',(#5033),#2448,.F.);
#5033 = FACE_BOUND('',#5034,.F.);
#5034 = EDGE_LOOP('',(#5035,#5064,#5086,#5087,#5088,#5089,#5090));
#5035 = ORIENTED_EDGE('',*,*,#5036,.F.);
#5036 = EDGE_CURVE('',#5037,#2407,#5039,.T.);
#5037 = VERTEX_POINT('',#5038);
#5038 = CARTESIAN_POINT('',(146.65,-172.5,11.95));
#5039 = SURFACE_CURVE('',#5040,(#5045,#5052),.PCURVE_S1.);
#5040 = CIRCLE('',#5041,5.95);
#5041 = AXIS2_PLACEMENT_3D('',#5042,#5043,#5044);
#5042 = CARTESIAN_POINT('',(146.65,-172.5,6.));
#5043 = DIRECTION('',(1.,0.,0.));
#5044 = DIRECTION('',(-0.,0.,1.));
#5045 = PCURVE('',#2448,#5046);
#5046 = DEFINITIONAL_REPRESENTATION('',(#5047),#5051);
#5047 = CIRCLE('',#5048,5.95);
#5048 = AXIS2_PLACEMENT_2D('',#5049,#5050);
#5049 = CARTESIAN_POINT('',(15.5,-20.5));
#5050 = DIRECTION('',(1.,0.));
#5051 = ( GEOMETRIC_REPRESENTATION_CONTEXT(2) 
PARAMETRIC_REPRESENTATION_CONTEXT() REPRESENTATION_CONTEXT('2D SPACE',''
  ) );
#5052 = PCURVE('',#5053,#5058);
#5053 = PLANE('',#5054);
#5054 = AXIS2_PLACEMENT_3D('',#5055,#5056,#5057);
#5055 = CARTESIAN_POINT('',(146.65,-178.95,10.95));
#5056 = DIRECTION('',(1.,0.,-0.));
#5057 = DIRECTION('',(0.,0.,1.));
#5058 = DEFINITIONAL_REPRESENTATION('',(#5059),#5063);
#5059 = CIRCLE('',#5060,5.95);
#5060 = AXIS2_PLACEMENT_2D('',#5061,#5062);
#5061 = CARTESIAN_POINT('',(-4.95,-6.45));
#5062 = DIRECTION('',(1.,0.));
#5063 = ( GEOMETRIC_REPRESENTATION_CONTEXT(2) 
PARAMETRIC_REPRESENTATION_CONTEXT() REPRESENTATION_CONTEXT('2D SPACE',''
  ) );
#5064 = ORIENTED_EDGE('',*,*,#5065,.F.);
#5065 = EDGE_CURVE('',#2409,#5037,#5066,.T.);
#5066 = SURFACE_CURVE('',#5067,(#5072,#5079),.PCURVE_S1.);
#5067 = CIRCLE('',#5068,5.95);
#5068 = AXIS2_PLACEMENT_3D('',#5069,#5070,#5071);
#5069 = CARTESIAN_POINT('',(146.65,-172.5,6.));
#5070 = DIRECTION('',(1.,0.,0.));
#5071 = DIRECTION('',(-0.,0.,1.));
#5072 = PCURVE('',#2448,#5073);
#5073 = DEFINITIONAL_REPRESENTATION('',(#5074),#5078);
#5074 = CIRCLE('',#5075,5.95);
#5075 = AXIS2_PLACEMENT_2D('',#5076,#5077);
#5076 = CARTESIAN_POINT('',(15.5,-20.5));
#5077 = DIRECTION('',(1.,0.));
#5078 = ( GEOMETRIC_REPRESENTATION_CONTEXT(2) 
PARAMETRIC_REPRESENTATION_CONTEXT() REPRESENTATION_CONTEXT('2D SPACE',''
  ) );
#5079 = PCURVE('',#5053,#5080);
#5080 = DEFINITIONAL_REPRESENTATION('',(#5081),#5085);
#5081 = CIRCLE('',#5082,5.95);
#5082 = AXIS2_PLACEMENT_2D('',#5083,#5084);
#5083 = CARTESIAN_POINT('',(-4.95,-6.45));
#5084 = DIRECTION('',(1.,0.));
#5085 = ( GEOMETRIC_REPRESENTATION_CONTEXT(2) 
PARAMETRIC_REPRESENTATION_CONTEXT() REPRESENTATION_CONTEXT('2D SPACE',''
  ) );
#5086 = ORIENTED_EDGE('',*,*,#2529,.T.);
#5087 = ORIENTED_EDGE('',*,*,#2506,.T.);
#5088 = ORIENTED_EDGE('',*,*,#2483,.F.);
#5089 = ORIENTED_EDGE('',*,*,#2460,.F.);
#5090 = ORIENTED_EDGE('',*,*,#2432,.T.);
#5091 = ADVANCED_FACE('',(#5092,#5098),#2566,.T.);
#5092 = FACE_BOUND('',#5093,.T.);
#5093 = EDGE_LOOP('',(#5094,#5095,#5096,#5097));
#5094 = ORIENTED_EDGE('',*,*,#2553,.T.);
#5095 = ORIENTED_EDGE('',*,*,#4710,.T.);
#5096 = ORIENTED_EDGE('',*,*,#3570,.F.);
#5097 = ORIENTED_EDGE('',*,*,#4603,.T.);
#5098 = FACE_BOUND('',#5099,.T.);
#5099 = EDGE_LOOP('',(#5100));
#5100 = ORIENTED_EDGE('',*,*,#5101,.F.);
#5101 = EDGE_CURVE('',#5102,#5102,#5104,.T.);
#5102 = VERTEX_POINT('',#5103);
#5103 = CARTESIAN_POINT('',(143.9,-189.,25.));
#5104 = SURFACE_CURVE('',#5105,(#5110,#5117),.PCURVE_S1.);
#5105 = CIRCLE('',#5106,1.25);
#5106 = AXIS2_PLACEMENT_3D('',#5107,#5108,#5109);
#5107 = CARTESIAN_POINT('',(142.65,-189.,25.));
#5108 = DIRECTION('',(0.,0.,1.));
#5109 = DIRECTION('',(1.,0.,-0.));
#5110 = PCURVE('',#2566,#5111);
#5111 = DEFINITIONAL_REPRESENTATION('',(#5112),#5116);
#5112 = CIRCLE('',#5113,1.25);
#5113 = AXIS2_PLACEMENT_2D('',#5114,#5115);
#5114 = CARTESIAN_POINT('',(0.,0.));
#5115 = DIRECTION('',(1.,0.));
#5116 = ( GEOMETRIC_REPRESENTATION_CONTEXT(2) 
PARAMETRIC_REPRESENTATION_CONTEXT() REPRESENTATION_CONTEXT('2D SPACE',''
  ) );
#5117 = PCURVE('',#4695,#5118);
#5118 = DEFINITIONAL_REPRESENTATION('',(#5119),#5123);
#5119 = LINE('',#5120,#5121);
#5120 = CARTESIAN_POINT('',(0.,10.01));
#5121 = VECTOR('',#5122,1.);
#5122 = DIRECTION('',(1.,0.));
#5123 = ( GEOMETRIC_REPRESENTATION_CONTEXT(2) 
PARAMETRIC_REPRESENTATION_CONTEXT() REPRESENTATION_CONTEXT('2D SPACE',''
  ) );
#5124 = ADVANCED_FACE('',(#5125),#2694,.T.);
#5125 = FACE_BOUND('',#5126,.T.);
#5126 = EDGE_LOOP('',(#5127,#5151,#5174,#5196));
#5127 = ORIENTED_EDGE('',*,*,#5128,.F.);
#5128 = EDGE_CURVE('',#5129,#772,#5131,.T.);
#5129 = VERTEX_POINT('',#5130);
#5130 = CARTESIAN_POINT('',(96.,-86.,25.));
#5131 = SURFACE_CURVE('',#5132,(#5137,#5144),.PCURVE_S1.);
#5132 = CIRCLE('',#5133,4.5);
#5133 = AXIS2_PLACEMENT_3D('',#5134,#5135,#5136);
#5134 = CARTESIAN_POINT('',(91.5,-86.,25.));
#5135 = DIRECTION('',(0.,0.,1.));
#5136 = DIRECTION('',(1.,0.,-0.));
#5137 = PCURVE('',#2694,#5138);
#5138 = DEFINITIONAL_REPRESENTATION('',(#5139),#5143);
#5139 = LINE('',#5140,#5141);
#5140 = CARTESIAN_POINT('',(0.,10.));
#5141 = VECTOR('',#5142,1.);
#5142 = DIRECTION('',(1.,0.));
#5143 = ( GEOMETRIC_REPRESENTATION_CONTEXT(2) 
PARAMETRIC_REPRESENTATION_CONTEXT() REPRESENTATION_CONTEXT('2D SPACE',''
  ) );
#5144 = PCURVE('',#2744,#5145);
#5145 = DEFINITIONAL_REPRESENTATION('',(#5146),#5150);
#5146 = CIRCLE('',#5147,4.5);
#5147 = AXIS2_PLACEMENT_2D('',#5148,#5149);
#5148 = CARTESIAN_POINT('',(0.,0.));
#5149 = DIRECTION('',(1.,0.));
#5150 = ( GEOMETRIC_REPRESENTATION_CONTEXT(2) 
PARAMETRIC_REPRESENTATION_CONTEXT() REPRESENTATION_CONTEXT('2D SPACE',''
  ) );
#5151 = ORIENTED_EDGE('',*,*,#5152,.F.);
#5152 = EDGE_CURVE('',#5153,#5129,#5155,.T.);
#5153 = VERTEX_POINT('',#5154);
#5154 = CARTESIAN_POINT('',(96.,-86.,15.));
#5155 = SURFACE_CURVE('',#5156,(#5160,#5167),.PCURVE_S1.);
#5156 = LINE('',#5157,#5158);
#5157 = CARTESIAN_POINT('',(96.,-86.,15.));
#5158 = VECTOR('',#5159,1.);
#5159 = DIRECTION('',(0.,0.,1.));
#5160 = PCURVE('',#2694,#5161);
#5161 = DEFINITIONAL_REPRESENTATION('',(#5162),#5166);
#5162 = LINE('',#5163,#5164);
#5163 = CARTESIAN_POINT('',(0.,-0.));
#5164 = VECTOR('',#5165,1.);
#5165 = DIRECTION('',(0.,1.));
#5166 = ( GEOMETRIC_REPRESENTATION_CONTEXT(2) 
PARAMETRIC_REPRESENTATION_CONTEXT() REPRESENTATION_CONTEXT('2D SPACE',''
  ) );
#5167 = PCURVE('',#2861,#5168);
#5168 = DEFINITIONAL_REPRESENTATION('',(#5169),#5173);
#5169 = LINE('',#5170,#5171);
#5170 = CARTESIAN_POINT('',(6.28318530718,-0.));
#5171 = VECTOR('',#5172,1.);
#5172 = DIRECTION('',(0.,1.));
#5173 = ( GEOMETRIC_REPRESENTATION_CONTEXT(2) 
PARAMETRIC_REPRESENTATION_CONTEXT() REPRESENTATION_CONTEXT('2D SPACE',''
  ) );
#5174 = ORIENTED_EDGE('',*,*,#5175,.T.);
#5175 = EDGE_CURVE('',#5153,#2656,#5176,.T.);
#5176 = SURFACE_CURVE('',#5177,(#5182,#5189),.PCURVE_S1.);
#5177 = CIRCLE('',#5178,4.5);
#5178 = AXIS2_PLACEMENT_3D('',#5179,#5180,#5181);
#5179 = CARTESIAN_POINT('',(91.5,-86.,15.));
#5180 = DIRECTION('',(0.,0.,1.));
#5181 = DIRECTION('',(1.,0.,-0.));
#5182 = PCURVE('',#2694,#5183);
#5183 = DEFINITIONAL_REPRESENTATION('',(#5184),#5188);
#5184 = LINE('',#5185,#5186);
#5185 = CARTESIAN_POINT('',(0.,0.));
#5186 = VECTOR('',#5187,1.);
#5187 = DIRECTION('',(1.,0.));
#5188 = ( GEOMETRIC_REPRESENTATION_CONTEXT(2) 
PARAMETRIC_REPRESENTATION_CONTEXT() REPRESENTATION_CONTEXT('2D SPACE',''
  ) );
#5189 = PCURVE('',#2670,#5190);
#5190 = DEFINITIONAL_REPRESENTATION('',(#5191),#5195);
#5191 = CIRCLE('',#5192,4.5);
#5192 = AXIS2_PLACEMENT_2D('',#5193,#5194);
#5193 = CARTESIAN_POINT('',(0.,0.));
#5194 = DIRECTION('',(1.,0.));
#5195 = ( GEOMETRIC_REPRESENTATION_CONTEXT(2) 
PARAMETRIC_REPRESENTATION_CONTEXT() REPRESENTATION_CONTEXT('2D SPACE',''
  ) );
#5196 = ORIENTED_EDGE('',*,*,#2681,.T.);
#5197 = ADVANCED_FACE('',(#5198,#5247),#2670,.F.);
#5198 = FACE_BOUND('',#5199,.F.);
#5199 = EDGE_LOOP('',(#5200,#5222,#5223,#5224,#5246));
#5200 = ORIENTED_EDGE('',*,*,#5201,.T.);
#5201 = EDGE_CURVE('',#2828,#5153,#5202,.T.);
#5202 = SURFACE_CURVE('',#5203,(#5208,#5215),.PCURVE_S1.);
#5203 = CIRCLE('',#5204,4.5);
#5204 = AXIS2_PLACEMENT_3D('',#5205,#5206,#5207);
#5205 = CARTESIAN_POINT('',(91.5,-86.,15.));
#5206 = DIRECTION('',(0.,0.,1.));
#5207 = DIRECTION('',(1.,0.,-0.));
#5208 = PCURVE('',#2670,#5209);
#5209 = DEFINITIONAL_REPRESENTATION('',(#5210),#5214);
#5210 = CIRCLE('',#5211,4.5);
#5211 = AXIS2_PLACEMENT_2D('',#5212,#5213);
#5212 = CARTESIAN_POINT('',(0.,0.));
#5213 = DIRECTION('',(1.,0.));
#5214 = ( GEOMETRIC_REPRESENTATION_CONTEXT(2) 
PARAMETRIC_REPRESENTATION_CONTEXT() REPRESENTATION_CONTEXT('2D SPACE',''
  ) );
#5215 = PCURVE('',#2861,#5216);
#5216 = DEFINITIONAL_REPRESENTATION('',(#5217),#5221);
#5217 = LINE('',#5218,#5219);
#5218 = CARTESIAN_POINT('',(0.,0.));
#5219 = VECTOR('',#5220,1.);
#5220 = DIRECTION('',(1.,0.));
#5221 = ( GEOMETRIC_REPRESENTATION_CONTEXT(2) 
PARAMETRIC_REPRESENTATION_CONTEXT() REPRESENTATION_CONTEXT('2D SPACE',''
  ) );
#5222 = ORIENTED_EDGE('',*,*,#5175,.T.);
#5223 = ORIENTED_EDGE('',*,*,#2655,.F.);
#5224 = ORIENTED_EDGE('',*,*,#5225,.T.);
#5225 = EDGE_CURVE('',#2630,#2807,#5226,.T.);
#5226 = SURFACE_CURVE('',#5227,(#5232,#5239),.PCURVE_S1.);
#5227 = CIRCLE('',#5228,4.5);
#5228 = AXIS2_PLACEMENT_3D('',#5229,#5230,#5231);
#5229 = CARTESIAN_POINT('',(91.5,-86.,15.));
#5230 = DIRECTION('',(0.,0.,1.));
#5231 = DIRECTION('',(1.,0.,-0.));
#5232 = PCURVE('',#2670,#5233);
#5233 = DEFINITIONAL_REPRESENTATION('',(#5234),#5238);
#5234 = CIRCLE('',#5235,4.5);
#5235 = AXIS2_PLACEMENT_2D('',#5236,#5237);
#5236 = CARTESIAN_POINT('',(0.,0.));
#5237 = DIRECTION('',(1.,0.));
#5238 = ( GEOMETRIC_REPRESENTATION_CONTEXT(2) 
PARAMETRIC_REPRESENTATION_CONTEXT() REPRESENTATION_CONTEXT('2D SPACE',''
  ) );
#5239 = PCURVE('',#2644,#5240);
#5240 = DEFINITIONAL_REPRESENTATION('',(#5241),#5245);
#5241 = LINE('',#5242,#5243);
#5242 = CARTESIAN_POINT('',(0.,0.));
#5243 = VECTOR('',#5244,1.);
#5244 = DIRECTION('',(1.,0.));
#5245 = ( GEOMETRIC_REPRESENTATION_CONTEXT(2) 
PARAMETRIC_REPRESENTATION_CONTEXT() REPRESENTATION_CONTEXT('2D SPACE',''
  ) );
#5246 = ORIENTED_EDGE('',*,*,#2827,.T.);
#5247 = FACE_BOUND('',#5248,.F.);
#5248 = EDGE_LOOP('',(#5249));
#5249 = ORIENTED_EDGE('',*,*,#5250,.F.);
#5250 = EDGE_CURVE('',#5251,#5251,#5253,.T.);
#5251 = VERTEX_POINT('',#5252);
#5252 = CARTESIAN_POINT('',(92.75,-86.,15.));
#5253 = SURFACE_CURVE('',#5254,(#5259,#5266),.PCURVE_S1.);
#5254 = CIRCLE('',#5255,1.25);
#5255 = AXIS2_PLACEMENT_3D('',#5256,#5257,#5258);
#5256 = CARTESIAN_POINT('',(91.5,-86.,15.));
#5257 = DIRECTION('',(0.,0.,1.));
#5258 = DIRECTION('',(1.,0.,-0.));
#5259 = PCURVE('',#2670,#5260);
#5260 = DEFINITIONAL_REPRESENTATION('',(#5261),#5265);
#5261 = CIRCLE('',#5262,1.25);
#5262 = AXIS2_PLACEMENT_2D('',#5263,#5264);
#5263 = CARTESIAN_POINT('',(0.,0.));
#5264 = DIRECTION('',(1.,0.));
#5265 = ( GEOMETRIC_REPRESENTATION_CONTEXT(2) 
PARAMETRIC_REPRESENTATION_CONTEXT() REPRESENTATION_CONTEXT('2D SPACE',''
  ) );
#5266 = PCURVE('',#5267,#5272);
#5267 = CYLINDRICAL_SURFACE('',#5268,1.25);
#5268 = AXIS2_PLACEMENT_3D('',#5269,#5270,#5271);
#5269 = CARTESIAN_POINT('',(91.5,-86.,14.99));
#5270 = DIRECTION('',(0.,0.,1.));
#5271 = DIRECTION('',(1.,0.,-0.));
#5272 = DEFINITIONAL_REPRESENTATION('',(#5273),#5277);
#5273 = LINE('',#5274,#5275);
#5274 = CARTESIAN_POINT('',(0.,1.E-02));
#5275 = VECTOR('',#5276,1.);
#5276 = DIRECTION('',(1.,0.));
#5277 = ( GEOMETRIC_REPRESENTATION_CONTEXT(2) 
PARAMETRIC_REPRESENTATION_CONTEXT() REPRESENTATION_CONTEXT('2D SPACE',''
  ) );
#5278 = ADVANCED_FACE('',(#5279),#2644,.T.);
#5279 = FACE_BOUND('',#5280,.T.);
#5280 = EDGE_LOOP('',(#5281,#5303,#5304,#5305));
#5281 = ORIENTED_EDGE('',*,*,#5282,.F.);
#5282 = EDGE_CURVE('',#746,#696,#5283,.T.);
#5283 = SURFACE_CURVE('',#5284,(#5289,#5296),.PCURVE_S1.);
#5284 = CIRCLE('',#5285,4.5);
#5285 = AXIS2_PLACEMENT_3D('',#5286,#5287,#5288);
#5286 = CARTESIAN_POINT('',(91.5,-86.,25.));
#5287 = DIRECTION('',(0.,0.,1.));
#5288 = DIRECTION('',(1.,0.,-0.));
#5289 = PCURVE('',#2644,#5290);
#5290 = DEFINITIONAL_REPRESENTATION('',(#5291),#5295);
#5291 = LINE('',#5292,#5293);
#5292 = CARTESIAN_POINT('',(0.,10.));
#5293 = VECTOR('',#5294,1.);
#5294 = DIRECTION('',(1.,0.));
#5295 = ( GEOMETRIC_REPRESENTATION_CONTEXT(2) 
PARAMETRIC_REPRESENTATION_CONTEXT() REPRESENTATION_CONTEXT('2D SPACE',''
  ) );
#5296 = PCURVE('',#2744,#5297);
#5297 = DEFINITIONAL_REPRESENTATION('',(#5298),#5302);
#5298 = CIRCLE('',#5299,4.5);
#5299 = AXIS2_PLACEMENT_2D('',#5300,#5301);
#5300 = CARTESIAN_POINT('',(0.,0.));
#5301 = DIRECTION('',(1.,0.));
#5302 = ( GEOMETRIC_REPRESENTATION_CONTEXT(2) 
PARAMETRIC_REPRESENTATION_CONTEXT() REPRESENTATION_CONTEXT('2D SPACE',''
  ) );
#5303 = ORIENTED_EDGE('',*,*,#2629,.F.);
#5304 = ORIENTED_EDGE('',*,*,#5225,.T.);
#5305 = ORIENTED_EDGE('',*,*,#2806,.T.);
#5306 = ADVANCED_FACE('',(#5307,#5335),#2744,.T.);
#5307 = FACE_BOUND('',#5308,.T.);
#5308 = EDGE_LOOP('',(#5309,#5331,#5332,#5333,#5334));
#5309 = ORIENTED_EDGE('',*,*,#5310,.T.);
#5310 = EDGE_CURVE('',#675,#5129,#5311,.T.);
#5311 = SURFACE_CURVE('',#5312,(#5317,#5324),.PCURVE_S1.);
#5312 = CIRCLE('',#5313,4.5);
#5313 = AXIS2_PLACEMENT_3D('',#5314,#5315,#5316);
#5314 = CARTESIAN_POINT('',(91.5,-86.,25.));
#5315 = DIRECTION('',(0.,0.,1.));
#5316 = DIRECTION('',(1.,0.,-0.));
#5317 = PCURVE('',#2744,#5318);
#5318 = DEFINITIONAL_REPRESENTATION('',(#5319),#5323);
#5319 = CIRCLE('',#5320,4.5);
#5320 = AXIS2_PLACEMENT_2D('',#5321,#5322);
#5321 = CARTESIAN_POINT('',(0.,0.));
#5322 = DIRECTION('',(1.,0.));
#5323 = ( GEOMETRIC_REPRESENTATION_CONTEXT(2) 
PARAMETRIC_REPRESENTATION_CONTEXT() REPRESENTATION_CONTEXT('2D SPACE',''
  ) );
#5324 = PCURVE('',#2861,#5325);
#5325 = DEFINITIONAL_REPRESENTATION('',(#5326),#5330);
#5326 = LINE('',#5327,#5328);
#5327 = CARTESIAN_POINT('',(0.,10.));
#5328 = VECTOR('',#5329,1.);
#5329 = DIRECTION('',(1.,0.));
#5330 = ( GEOMETRIC_REPRESENTATION_CONTEXT(2) 
PARAMETRIC_REPRESENTATION_CONTEXT() REPRESENTATION_CONTEXT('2D SPACE',''
  ) );
#5331 = ORIENTED_EDGE('',*,*,#5128,.T.);
#5332 = ORIENTED_EDGE('',*,*,#2731,.T.);
#5333 = ORIENTED_EDGE('',*,*,#5282,.T.);
#5334 = ORIENTED_EDGE('',*,*,#2953,.F.);
#5335 = FACE_BOUND('',#5336,.T.);
#5336 = EDGE_LOOP('',(#5337));
#5337 = ORIENTED_EDGE('',*,*,#5338,.F.);
#5338 = EDGE_CURVE('',#5339,#5339,#5341,.T.);
#5339 = VERTEX_POINT('',#5340);
#5340 = CARTESIAN_POINT('',(92.75,-86.,25.));
#5341 = SURFACE_CURVE('',#5342,(#5347,#5354),.PCURVE_S1.);
#5342 = CIRCLE('',#5343,1.25);
#5343 = AXIS2_PLACEMENT_3D('',#5344,#5345,#5346);
#5344 = CARTESIAN_POINT('',(91.5,-86.,25.));
#5345 = DIRECTION('',(0.,0.,1.));
#5346 = DIRECTION('',(1.,0.,-0.));
#5347 = PCURVE('',#2744,#5348);
#5348 = DEFINITIONAL_REPRESENTATION('',(#5349),#5353);
#5349 = CIRCLE('',#5350,1.25);
#5350 = AXIS2_PLACEMENT_2D('',#5351,#5352);
#5351 = CARTESIAN_POINT('',(0.,0.));
#5352 = DIRECTION('',(1.,0.));
#5353 = ( GEOMETRIC_REPRESENTATION_CONTEXT(2) 
PARAMETRIC_REPRESENTATION_CONTEXT() REPRESENTATION_CONTEXT('2D SPACE',''
  ) );
#5354 = PCURVE('',#5267,#5355);
#5355 = DEFINITIONAL_REPRESENTATION('',(#5356),#5360);
#5356 = LINE('',#5357,#5358);
#5357 = CARTESIAN_POINT('',(0.,10.01));
#5358 = VECTOR('',#5359,1.);
#5359 = DIRECTION('',(1.,0.));
#5360 = ( GEOMETRIC_REPRESENTATION_CONTEXT(2) 
PARAMETRIC_REPRESENTATION_CONTEXT() REPRESENTATION_CONTEXT('2D SPACE',''
  ) );
#5361 = ADVANCED_FACE('',(#5362),#2938,.T.);
#5362 = FACE_BOUND('',#5363,.T.);
#5363 = EDGE_LOOP('',(#5364,#5386,#5387,#5409));
#5364 = ORIENTED_EDGE('',*,*,#5365,.F.);
#5365 = EDGE_CURVE('',#620,#570,#5366,.T.);
#5366 = SURFACE_CURVE('',#5367,(#5372,#5379),.PCURVE_S1.);
#5367 = CIRCLE('',#5368,4.5);
#5368 = AXIS2_PLACEMENT_3D('',#5369,#5370,#5371);
#5369 = CARTESIAN_POINT('',(91.5,-189.,25.));
#5370 = DIRECTION('',(0.,0.,1.));
#5371 = DIRECTION('',(1.,0.,-0.));
#5372 = PCURVE('',#2938,#5373);
#5373 = DEFINITIONAL_REPRESENTATION('',(#5374),#5378);
#5374 = LINE('',#5375,#5376);
#5375 = CARTESIAN_POINT('',(0.,10.));
#5376 = VECTOR('',#5377,1.);
#5377 = DIRECTION('',(1.,0.));
#5378 = ( GEOMETRIC_REPRESENTATION_CONTEXT(2) 
PARAMETRIC_REPRESENTATION_CONTEXT() REPRESENTATION_CONTEXT('2D SPACE',''
  ) );
#5379 = PCURVE('',#2990,#5380);
#5380 = DEFINITIONAL_REPRESENTATION('',(#5381),#5385);
#5381 = CIRCLE('',#5382,4.5);
#5382 = AXIS2_PLACEMENT_2D('',#5383,#5384);
#5383 = CARTESIAN_POINT('',(0.,0.));
#5384 = DIRECTION('',(1.,0.));
#5385 = ( GEOMETRIC_REPRESENTATION_CONTEXT(2) 
PARAMETRIC_REPRESENTATION_CONTEXT() REPRESENTATION_CONTEXT('2D SPACE',''
  ) );
#5386 = ORIENTED_EDGE('',*,*,#2925,.F.);
#5387 = ORIENTED_EDGE('',*,*,#5388,.T.);
#5388 = EDGE_CURVE('',#2900,#3031,#5389,.T.);
#5389 = SURFACE_CURVE('',#5390,(#5395,#5402),.PCURVE_S1.);
#5390 = CIRCLE('',#5391,4.5);
#5391 = AXIS2_PLACEMENT_3D('',#5392,#5393,#5394);
#5392 = CARTESIAN_POINT('',(91.5,-189.,15.));
#5393 = DIRECTION('',(0.,0.,1.));
#5394 = DIRECTION('',(1.,0.,-0.));
#5395 = PCURVE('',#2938,#5396);
#5396 = DEFINITIONAL_REPRESENTATION('',(#5397),#5401);
#5397 = LINE('',#5398,#5399);
#5398 = CARTESIAN_POINT('',(0.,0.));
#5399 = VECTOR('',#5400,1.);
#5400 = DIRECTION('',(1.,0.));
#5401 = ( GEOMETRIC_REPRESENTATION_CONTEXT(2) 
PARAMETRIC_REPRESENTATION_CONTEXT() REPRESENTATION_CONTEXT('2D SPACE',''
  ) );
#5402 = PCURVE('',#2914,#5403);
#5403 = DEFINITIONAL_REPRESENTATION('',(#5404),#5408);
#5404 = CIRCLE('',#5405,4.5);
#5405 = AXIS2_PLACEMENT_2D('',#5406,#5407);
#5406 = CARTESIAN_POINT('',(0.,0.));
#5407 = DIRECTION('',(1.,0.));
#5408 = ( GEOMETRIC_REPRESENTATION_CONTEXT(2) 
PARAMETRIC_REPRESENTATION_CONTEXT() REPRESENTATION_CONTEXT('2D SPACE',''
  ) );
#5409 = ORIENTED_EDGE('',*,*,#3030,.T.);
#5410 = ADVANCED_FACE('',(#5411,#5462),#2914,.F.);
#5411 = FACE_BOUND('',#5412,.F.);
#5412 = EDGE_LOOP('',(#5413,#5437,#5459,#5460,#5461));
#5413 = ORIENTED_EDGE('',*,*,#5414,.T.);
#5414 = EDGE_CURVE('',#3052,#5415,#5417,.T.);
#5415 = VERTEX_POINT('',#5416);
#5416 = CARTESIAN_POINT('',(96.,-189.,15.));
#5417 = SURFACE_CURVE('',#5418,(#5423,#5430),.PCURVE_S1.);
#5418 = CIRCLE('',#5419,4.5);
#5419 = AXIS2_PLACEMENT_3D('',#5420,#5421,#5422);
#5420 = CARTESIAN_POINT('',(91.5,-189.,15.));
#5421 = DIRECTION('',(0.,0.,1.));
#5422 = DIRECTION('',(1.,0.,-0.));
#5423 = PCURVE('',#2914,#5424);
#5424 = DEFINITIONAL_REPRESENTATION('',(#5425),#5429);
#5425 = CIRCLE('',#5426,4.5);
#5426 = AXIS2_PLACEMENT_2D('',#5427,#5428);
#5427 = CARTESIAN_POINT('',(0.,0.));
#5428 = DIRECTION('',(1.,0.));
#5429 = ( GEOMETRIC_REPRESENTATION_CONTEXT(2) 
PARAMETRIC_REPRESENTATION_CONTEXT() REPRESENTATION_CONTEXT('2D SPACE',''
  ) );
#5430 = PCURVE('',#3085,#5431);
#5431 = DEFINITIONAL_REPRESENTATION('',(#5432),#5436);
#5432 = LINE('',#5433,#5434);
#5433 = CARTESIAN_POINT('',(0.,0.));
#5434 = VECTOR('',#5435,1.);
#5435 = DIRECTION('',(1.,0.));
#5436 = ( GEOMETRIC_REPRESENTATION_CONTEXT(2) 
PARAMETRIC_REPRESENTATION_CONTEXT() REPRESENTATION_CONTEXT('2D SPACE',''
  ) );
#5437 = ORIENTED_EDGE('',*,*,#5438,.T.);
#5438 = EDGE_CURVE('',#5415,#2874,#5439,.T.);
#5439 = SURFACE_CURVE('',#5440,(#5445,#5452),.PCURVE_S1.);
#5440 = CIRCLE('',#5441,4.5);
#5441 = AXIS2_PLACEMENT_3D('',#5442,#5443,#5444);
#5442 = CARTESIAN_POINT('',(91.5,-189.,15.));
#5443 = DIRECTION('',(0.,0.,1.));
#5444 = DIRECTION('',(1.,0.,-0.));
#5445 = PCURVE('',#2914,#5446);
#5446 = DEFINITIONAL_REPRESENTATION('',(#5447),#5451);
#5447 = CIRCLE('',#5448,4.5);
#5448 = AXIS2_PLACEMENT_2D('',#5449,#5450);
#5449 = CARTESIAN_POINT('',(0.,0.));
#5450 = DIRECTION('',(1.,0.));
#5451 = ( GEOMETRIC_REPRESENTATION_CONTEXT(2) 
PARAMETRIC_REPRESENTATION_CONTEXT() REPRESENTATION_CONTEXT('2D SPACE',''
  ) );
#5452 = PCURVE('',#2888,#5453);
#5453 = DEFINITIONAL_REPRESENTATION('',(#5454),#5458);
#5454 = LINE('',#5455,#5456);
#5455 = CARTESIAN_POINT('',(0.,0.));
#5456 = VECTOR('',#5457,1.);
#5457 = DIRECTION('',(1.,0.));
#5458 = ( GEOMETRIC_REPRESENTATION_CONTEXT(2) 
PARAMETRIC_REPRESENTATION_CONTEXT() REPRESENTATION_CONTEXT('2D SPACE',''
  ) );
#5459 = ORIENTED_EDGE('',*,*,#2899,.T.);
#5460 = ORIENTED_EDGE('',*,*,#5388,.T.);
#5461 = ORIENTED_EDGE('',*,*,#3051,.T.);
#5462 = FACE_BOUND('',#5463,.F.);
#5463 = EDGE_LOOP('',(#5464));
#5464 = ORIENTED_EDGE('',*,*,#5465,.F.);
#5465 = EDGE_CURVE('',#5466,#5466,#5468,.T.);
#5466 = VERTEX_POINT('',#5467);
#5467 = CARTESIAN_POINT('',(92.75,-189.,15.));
#5468 = SURFACE_CURVE('',#5469,(#5474,#5481),.PCURVE_S1.);
#5469 = CIRCLE('',#5470,1.25);
#5470 = AXIS2_PLACEMENT_3D('',#5471,#5472,#5473);
#5471 = CARTESIAN_POINT('',(91.5,-189.,15.));
#5472 = DIRECTION('',(0.,0.,1.));
#5473 = DIRECTION('',(1.,0.,-0.));
#5474 = PCURVE('',#2914,#5475);
#5475 = DEFINITIONAL_REPRESENTATION('',(#5476),#5480);
#5476 = CIRCLE('',#5477,1.25);
#5477 = AXIS2_PLACEMENT_2D('',#5478,#5479);
#5478 = CARTESIAN_POINT('',(0.,0.));
#5479 = DIRECTION('',(1.,0.));
#5480 = ( GEOMETRIC_REPRESENTATION_CONTEXT(2) 
PARAMETRIC_REPRESENTATION_CONTEXT() REPRESENTATION_CONTEXT('2D SPACE',''
  ) );
#5481 = PCURVE('',#5482,#5487);
#5482 = CYLINDRICAL_SURFACE('',#5483,1.25);
#5483 = AXIS2_PLACEMENT_3D('',#5484,#5485,#5486);
#5484 = CARTESIAN_POINT('',(91.5,-189.,14.99));
#5485 = DIRECTION('',(0.,0.,1.));
#5486 = DIRECTION('',(1.,0.,-0.));
#5487 = DEFINITIONAL_REPRESENTATION('',(#5488),#5492);
#5488 = LINE('',#5489,#5490);
#5489 = CARTESIAN_POINT('',(0.,1.E-02));
#5490 = VECTOR('',#5491,1.);
#5491 = DIRECTION('',(1.,0.));
#5492 = ( GEOMETRIC_REPRESENTATION_CONTEXT(2) 
PARAMETRIC_REPRESENTATION_CONTEXT() REPRESENTATION_CONTEXT('2D SPACE',''
  ) );
#5493 = ADVANCED_FACE('',(#5494),#2888,.T.);
#5494 = FACE_BOUND('',#5495,.T.);
#5495 = EDGE_LOOP('',(#5496,#5520,#5541,#5542));
#5496 = ORIENTED_EDGE('',*,*,#5497,.F.);
#5497 = EDGE_CURVE('',#5498,#646,#5500,.T.);
#5498 = VERTEX_POINT('',#5499);
#5499 = CARTESIAN_POINT('',(96.,-189.,25.));
#5500 = SURFACE_CURVE('',#5501,(#5506,#5513),.PCURVE_S1.);
#5501 = CIRCLE('',#5502,4.5);
#5502 = AXIS2_PLACEMENT_3D('',#5503,#5504,#5505);
#5503 = CARTESIAN_POINT('',(91.5,-189.,25.));
#5504 = DIRECTION('',(0.,0.,1.));
#5505 = DIRECTION('',(1.,0.,-0.));
#5506 = PCURVE('',#2888,#5507);
#5507 = DEFINITIONAL_REPRESENTATION('',(#5508),#5512);
#5508 = LINE('',#5509,#5510);
#5509 = CARTESIAN_POINT('',(0.,10.));
#5510 = VECTOR('',#5511,1.);
#5511 = DIRECTION('',(1.,0.));
#5512 = ( GEOMETRIC_REPRESENTATION_CONTEXT(2) 
PARAMETRIC_REPRESENTATION_CONTEXT() REPRESENTATION_CONTEXT('2D SPACE',''
  ) );
#5513 = PCURVE('',#2990,#5514);
#5514 = DEFINITIONAL_REPRESENTATION('',(#5515),#5519);
#5515 = CIRCLE('',#5516,4.5);
#5516 = AXIS2_PLACEMENT_2D('',#5517,#5518);
#5517 = CARTESIAN_POINT('',(0.,0.));
#5518 = DIRECTION('',(1.,0.));
#5519 = ( GEOMETRIC_REPRESENTATION_CONTEXT(2) 
PARAMETRIC_REPRESENTATION_CONTEXT() REPRESENTATION_CONTEXT('2D SPACE',''
  ) );
#5520 = ORIENTED_EDGE('',*,*,#5521,.F.);
#5521 = EDGE_CURVE('',#5415,#5498,#5522,.T.);
#5522 = SURFACE_CURVE('',#5523,(#5527,#5534),.PCURVE_S1.);
#5523 = LINE('',#5524,#5525);
#5524 = CARTESIAN_POINT('',(96.,-189.,15.));
#5525 = VECTOR('',#5526,1.);
#5526 = DIRECTION('',(0.,0.,1.));
#5527 = PCURVE('',#2888,#5528);
#5528 = DEFINITIONAL_REPRESENTATION('',(#5529),#5533);
#5529 = LINE('',#5530,#5531);
#5530 = CARTESIAN_POINT('',(0.,-0.));
#5531 = VECTOR('',#5532,1.);
#5532 = DIRECTION('',(0.,1.));
#5533 = ( GEOMETRIC_REPRESENTATION_CONTEXT(2) 
PARAMETRIC_REPRESENTATION_CONTEXT() REPRESENTATION_CONTEXT('2D SPACE',''
  ) );
#5534 = PCURVE('',#3085,#5535);
#5535 = DEFINITIONAL_REPRESENTATION('',(#5536),#5540);
#5536 = LINE('',#5537,#5538);
#5537 = CARTESIAN_POINT('',(6.28318530718,-0.));
#5538 = VECTOR('',#5539,1.);
#5539 = DIRECTION('',(0.,1.));
#5540 = ( GEOMETRIC_REPRESENTATION_CONTEXT(2) 
PARAMETRIC_REPRESENTATION_CONTEXT() REPRESENTATION_CONTEXT('2D SPACE',''
  ) );
#5541 = ORIENTED_EDGE('',*,*,#5438,.T.);
#5542 = ORIENTED_EDGE('',*,*,#2873,.T.);
#5543 = ADVANCED_FACE('',(#5544),#2861,.T.);
#5544 = FACE_BOUND('',#5545,.T.);
#5545 = EDGE_LOOP('',(#5546,#5547,#5548,#5549));
#5546 = ORIENTED_EDGE('',*,*,#5152,.T.);
#5547 = ORIENTED_EDGE('',*,*,#5310,.F.);
#5548 = ORIENTED_EDGE('',*,*,#2848,.F.);
#5549 = ORIENTED_EDGE('',*,*,#5201,.T.);
#5550 = ADVANCED_FACE('',(#5551,#5579),#2990,.T.);
#5551 = FACE_BOUND('',#5552,.T.);
#5552 = EDGE_LOOP('',(#5553,#5575,#5576,#5577,#5578));
#5553 = ORIENTED_EDGE('',*,*,#5554,.T.);
#5554 = EDGE_CURVE('',#549,#5498,#5555,.T.);
#5555 = SURFACE_CURVE('',#5556,(#5561,#5568),.PCURVE_S1.);
#5556 = CIRCLE('',#5557,4.5);
#5557 = AXIS2_PLACEMENT_3D('',#5558,#5559,#5560);
#5558 = CARTESIAN_POINT('',(91.5,-189.,25.));
#5559 = DIRECTION('',(0.,0.,1.));
#5560 = DIRECTION('',(1.,0.,-0.));
#5561 = PCURVE('',#2990,#5562);
#5562 = DEFINITIONAL_REPRESENTATION('',(#5563),#5567);
#5563 = CIRCLE('',#5564,4.5);
#5564 = AXIS2_PLACEMENT_2D('',#5565,#5566);
#5565 = CARTESIAN_POINT('',(0.,0.));
#5566 = DIRECTION('',(1.,0.));
#5567 = ( GEOMETRIC_REPRESENTATION_CONTEXT(2) 
PARAMETRIC_REPRESENTATION_CONTEXT() REPRESENTATION_CONTEXT('2D SPACE',''
  ) );
#5568 = PCURVE('',#3085,#5569);
#5569 = DEFINITIONAL_REPRESENTATION('',(#5570),#5574);
#5570 = LINE('',#5571,#5572);
#5571 = CARTESIAN_POINT('',(0.,10.));
#5572 = VECTOR('',#5573,1.);
#5573 = DIRECTION('',(1.,0.));
#5574 = ( GEOMETRIC_REPRESENTATION_CONTEXT(2) 
PARAMETRIC_REPRESENTATION_CONTEXT() REPRESENTATION_CONTEXT('2D SPACE',''
  ) );
#5575 = ORIENTED_EDGE('',*,*,#5497,.T.);
#5576 = ORIENTED_EDGE('',*,*,#2977,.F.);
#5577 = ORIENTED_EDGE('',*,*,#5365,.T.);
#5578 = ORIENTED_EDGE('',*,*,#3546,.F.);
#5579 = FACE_BOUND('',#5580,.T.);
#5580 = EDGE_LOOP('',(#5581));
#5581 = ORIENTED_EDGE('',*,*,#5582,.F.);
#5582 = EDGE_CURVE('',#5583,#5583,#5585,.T.);
#5583 = VERTEX_POINT('',#5584);
#5584 = CARTESIAN_POINT('',(92.75,-189.,25.));
#5585 = SURFACE_CURVE('',#5586,(#5591,#5598),.PCURVE_S1.);
#5586 = CIRCLE('',#5587,1.25);
#5587 = AXIS2_PLACEMENT_3D('',#5588,#5589,#5590);
#5588 = CARTESIAN_POINT('',(91.5,-189.,25.));
#5589 = DIRECTION('',(0.,0.,1.));
#5590 = DIRECTION('',(1.,0.,-0.));
#5591 = PCURVE('',#2990,#5592);
#5592 = DEFINITIONAL_REPRESENTATION('',(#5593),#5597);
#5593 = CIRCLE('',#5594,1.25);
#5594 = AXIS2_PLACEMENT_2D('',#5595,#5596);
#5595 = CARTESIAN_POINT('',(0.,0.));
#5596 = DIRECTION('',(1.,0.));
#5597 = ( GEOMETRIC_REPRESENTATION_CONTEXT(2) 
PARAMETRIC_REPRESENTATION_CONTEXT() REPRESENTATION_CONTEXT('2D SPACE',''
  ) );
#5598 = PCURVE('',#5482,#5599);
#5599 = DEFINITIONAL_REPRESENTATION('',(#5600),#5604);
#5600 = LINE('',#5601,#5602);
#5601 = CARTESIAN_POINT('',(0.,10.01));
#5602 = VECTOR('',#5603,1.);
#5603 = DIRECTION('',(1.,0.));
#5604 = ( GEOMETRIC_REPRESENTATION_CONTEXT(2) 
PARAMETRIC_REPRESENTATION_CONTEXT() REPRESENTATION_CONTEXT('2D SPACE',''
  ) );
#5605 = ADVANCED_FACE('',(#5606),#3085,.T.);
#5606 = FACE_BOUND('',#5607,.T.);
#5607 = EDGE_LOOP('',(#5608,#5609,#5610,#5611));
#5608 = ORIENTED_EDGE('',*,*,#5521,.T.);
#5609 = ORIENTED_EDGE('',*,*,#5554,.F.);
#5610 = ORIENTED_EDGE('',*,*,#3072,.F.);
#5611 = ORIENTED_EDGE('',*,*,#5414,.T.);
#5612 = ADVANCED_FACE('',(#5613),#3531,.T.);
#5613 = FACE_BOUND('',#5614,.T.);
#5614 = EDGE_LOOP('',(#5615,#5638,#5639,#5640));
#5615 = ORIENTED_EDGE('',*,*,#5616,.F.);
#5616 = EDGE_CURVE('',#3939,#5617,#5619,.T.);
#5617 = VERTEX_POINT('',#5618);
#5618 = CARTESIAN_POINT('',(104.5,-194.5,17.));
#5619 = SURFACE_CURVE('',#5620,(#5624,#5631),.PCURVE_S1.);
#5620 = LINE('',#5621,#5622);
#5621 = CARTESIAN_POINT('',(104.5,-194.5,14.8));
#5622 = VECTOR('',#5623,1.);
#5623 = DIRECTION('',(0.,0.,1.));
#5624 = PCURVE('',#3531,#5625);
#5625 = DEFINITIONAL_REPRESENTATION('',(#5626),#5630);
#5626 = LINE('',#5627,#5628);
#5627 = CARTESIAN_POINT('',(0.,0.));
#5628 = VECTOR('',#5629,1.);
#5629 = DIRECTION('',(1.,0.));
#5630 = ( GEOMETRIC_REPRESENTATION_CONTEXT(2) 
PARAMETRIC_REPRESENTATION_CONTEXT() REPRESENTATION_CONTEXT('2D SPACE',''
  ) );
#5631 = PCURVE('',#3953,#5632);
#5632 = DEFINITIONAL_REPRESENTATION('',(#5633),#5637);
#5633 = LINE('',#5634,#5635);
#5634 = CARTESIAN_POINT('',(0.,0.));
#5635 = VECTOR('',#5636,1.);
#5636 = DIRECTION('',(1.,0.));
#5637 = ( GEOMETRIC_REPRESENTATION_CONTEXT(2) 
PARAMETRIC_REPRESENTATION_CONTEXT() REPRESENTATION_CONTEXT('2D SPACE',''
  ) );
#5638 = ORIENTED_EDGE('',*,*,#3964,.T.);
#5639 = ORIENTED_EDGE('',*,*,#3518,.F.);
#5640 = ORIENTED_EDGE('',*,*,#5641,.F.);
#5641 = EDGE_CURVE('',#5617,#3493,#5642,.T.);
#5642 = SURFACE_CURVE('',#5643,(#5647,#5654),.PCURVE_S1.);
#5643 = LINE('',#5644,#5645);
#5644 = CARTESIAN_POINT('',(104.5,-194.5,17.));
#5645 = VECTOR('',#5646,1.);
#5646 = DIRECTION('',(-0.,1.,0.));
#5647 = PCURVE('',#3531,#5648);
#5648 = DEFINITIONAL_REPRESENTATION('',(#5649),#5653);
#5649 = LINE('',#5650,#5651);
#5650 = CARTESIAN_POINT('',(2.2,0.));
#5651 = VECTOR('',#5652,1.);
#5652 = DIRECTION('',(0.,-1.));
#5653 = ( GEOMETRIC_REPRESENTATION_CONTEXT(2) 
PARAMETRIC_REPRESENTATION_CONTEXT() REPRESENTATION_CONTEXT('2D SPACE',''
  ) );
#5654 = PCURVE('',#3507,#5655);
#5655 = DEFINITIONAL_REPRESENTATION('',(#5656),#5660);
#5656 = LINE('',#5657,#5658);
#5657 = CARTESIAN_POINT('',(0.,0.));
#5658 = VECTOR('',#5659,1.);
#5659 = DIRECTION('',(0.,1.));
#5660 = ( GEOMETRIC_REPRESENTATION_CONTEXT(2) 
PARAMETRIC_REPRESENTATION_CONTEXT() REPRESENTATION_CONTEXT('2D SPACE',''
  ) );
#5661 = ADVANCED_FACE('',(#5662),#3220,.F.);
#5662 = FACE_BOUND('',#5663,.F.);
#5663 = EDGE_LOOP('',(#5664,#5687,#5708,#5709));
#5664 = ORIENTED_EDGE('',*,*,#5665,.F.);
#5665 = EDGE_CURVE('',#5666,#3206,#5668,.T.);
#5666 = VERTEX_POINT('',#5667);
#5667 = CARTESIAN_POINT('',(98.4,-194.5,11.8));
#5668 = SURFACE_CURVE('',#5669,(#5673,#5680),.PCURVE_S1.);
#5669 = LINE('',#5670,#5671);
#5670 = CARTESIAN_POINT('',(98.4,-194.5,11.8));
#5671 = VECTOR('',#5672,1.);
#5672 = DIRECTION('',(-0.,1.,0.));
#5673 = PCURVE('',#3220,#5674);
#5674 = DEFINITIONAL_REPRESENTATION('',(#5675),#5679);
#5675 = LINE('',#5676,#5677);
#5676 = CARTESIAN_POINT('',(0.,0.));
#5677 = VECTOR('',#5678,1.);
#5678 = DIRECTION('',(0.,1.));
#5679 = ( GEOMETRIC_REPRESENTATION_CONTEXT(2) 
PARAMETRIC_REPRESENTATION_CONTEXT() REPRESENTATION_CONTEXT('2D SPACE',''
  ) );
#5680 = PCURVE('',#3246,#5681);
#5681 = DEFINITIONAL_REPRESENTATION('',(#5682),#5686);
#5682 = LINE('',#5683,#5684);
#5683 = CARTESIAN_POINT('',(8.3,0.));
#5684 = VECTOR('',#5685,1.);
#5685 = DIRECTION('',(0.,-1.));
#5686 = ( GEOMETRIC_REPRESENTATION_CONTEXT(2) 
PARAMETRIC_REPRESENTATION_CONTEXT() REPRESENTATION_CONTEXT('2D SPACE',''
  ) );
#5687 = ORIENTED_EDGE('',*,*,#5688,.T.);
#5688 = EDGE_CURVE('',#5666,#4134,#5689,.T.);
#5689 = SURFACE_CURVE('',#5690,(#5694,#5701),.PCURVE_S1.);
#5690 = LINE('',#5691,#5692);
#5691 = CARTESIAN_POINT('',(98.4,-194.5,11.8));
#5692 = VECTOR('',#5693,1.);
#5693 = DIRECTION('',(1.,0.,-0.));
#5694 = PCURVE('',#3220,#5695);
#5695 = DEFINITIONAL_REPRESENTATION('',(#5696),#5700);
#5696 = LINE('',#5697,#5698);
#5697 = CARTESIAN_POINT('',(0.,0.));
#5698 = VECTOR('',#5699,1.);
#5699 = DIRECTION('',(1.,0.));
#5700 = ( GEOMETRIC_REPRESENTATION_CONTEXT(2) 
PARAMETRIC_REPRESENTATION_CONTEXT() REPRESENTATION_CONTEXT('2D SPACE',''
  ) );
#5701 = PCURVE('',#4148,#5702);
#5702 = DEFINITIONAL_REPRESENTATION('',(#5703),#5707);
#5703 = LINE('',#5704,#5705);
#5704 = CARTESIAN_POINT('',(8.3,0.));
#5705 = VECTOR('',#5706,1.);
#5706 = DIRECTION('',(0.,1.));
#5707 = ( GEOMETRIC_REPRESENTATION_CONTEXT(2) 
PARAMETRIC_REPRESENTATION_CONTEXT() REPRESENTATION_CONTEXT('2D SPACE',''
  ) );
#5708 = ORIENTED_EDGE('',*,*,#4159,.F.);
#5709 = ORIENTED_EDGE('',*,*,#3205,.F.);
#5710 = ADVANCED_FACE('',(#5711),#3507,.F.);
#5711 = FACE_BOUND('',#5712,.F.);
#5712 = EDGE_LOOP('',(#5713,#5714,#5737,#5758));
#5713 = ORIENTED_EDGE('',*,*,#5641,.F.);
#5714 = ORIENTED_EDGE('',*,*,#5715,.T.);
#5715 = EDGE_CURVE('',#5617,#5716,#5718,.T.);
#5716 = VERTEX_POINT('',#5717);
#5717 = CARTESIAN_POINT('',(113.9,-194.5,17.));
#5718 = SURFACE_CURVE('',#5719,(#5723,#5730),.PCURVE_S1.);
#5719 = LINE('',#5720,#5721);
#5720 = CARTESIAN_POINT('',(104.5,-194.5,17.));
#5721 = VECTOR('',#5722,1.);
#5722 = DIRECTION('',(1.,0.,-0.));
#5723 = PCURVE('',#3507,#5724);
#5724 = DEFINITIONAL_REPRESENTATION('',(#5725),#5729);
#5725 = LINE('',#5726,#5727);
#5726 = CARTESIAN_POINT('',(0.,0.));
#5727 = VECTOR('',#5728,1.);
#5728 = DIRECTION('',(1.,0.));
#5729 = ( GEOMETRIC_REPRESENTATION_CONTEXT(2) 
PARAMETRIC_REPRESENTATION_CONTEXT() REPRESENTATION_CONTEXT('2D SPACE',''
  ) );
#5730 = PCURVE('',#3953,#5731);
#5731 = DEFINITIONAL_REPRESENTATION('',(#5732),#5736);
#5732 = LINE('',#5733,#5734);
#5733 = CARTESIAN_POINT('',(2.2,0.));
#5734 = VECTOR('',#5735,1.);
#5735 = DIRECTION('',(0.,1.));
#5736 = ( GEOMETRIC_REPRESENTATION_CONTEXT(2) 
PARAMETRIC_REPRESENTATION_CONTEXT() REPRESENTATION_CONTEXT('2D SPACE',''
  ) );
#5737 = ORIENTED_EDGE('',*,*,#5738,.T.);
#5738 = EDGE_CURVE('',#5716,#3467,#5739,.T.);
#5739 = SURFACE_CURVE('',#5740,(#5744,#5751),.PCURVE_S1.);
#5740 = LINE('',#5741,#5742);
#5741 = CARTESIAN_POINT('',(113.9,-194.5,17.));
#5742 = VECTOR('',#5743,1.);
#5743 = DIRECTION('',(-0.,1.,0.));
#5744 = PCURVE('',#3507,#5745);
#5745 = DEFINITIONAL_REPRESENTATION('',(#5746),#5750);
#5746 = LINE('',#5747,#5748);
#5747 = CARTESIAN_POINT('',(9.4,0.));
#5748 = VECTOR('',#5749,1.);
#5749 = DIRECTION('',(0.,1.));
#5750 = ( GEOMETRIC_REPRESENTATION_CONTEXT(2) 
PARAMETRIC_REPRESENTATION_CONTEXT() REPRESENTATION_CONTEXT('2D SPACE',''
  ) );
#5751 = PCURVE('',#3481,#5752);
#5752 = DEFINITIONAL_REPRESENTATION('',(#5753),#5757);
#5753 = LINE('',#5754,#5755);
#5754 = CARTESIAN_POINT('',(2.2,0.));
#5755 = VECTOR('',#5756,1.);
#5756 = DIRECTION('',(0.,-1.));
#5757 = ( GEOMETRIC_REPRESENTATION_CONTEXT(2) 
PARAMETRIC_REPRESENTATION_CONTEXT() REPRESENTATION_CONTEXT('2D SPACE',''
  ) );
#5758 = ORIENTED_EDGE('',*,*,#3492,.F.);
#5759 = ADVANCED_FACE('',(#5760),#3246,.T.);
#5760 = FACE_BOUND('',#5761,.T.);
#5761 = EDGE_LOOP('',(#5762,#5763,#5786,#5807));
#5762 = ORIENTED_EDGE('',*,*,#5665,.F.);
#5763 = ORIENTED_EDGE('',*,*,#5764,.F.);
#5764 = EDGE_CURVE('',#5765,#5666,#5767,.T.);
#5765 = VERTEX_POINT('',#5766);
#5766 = CARTESIAN_POINT('',(98.4,-194.5,3.5));
#5767 = SURFACE_CURVE('',#5768,(#5772,#5779),.PCURVE_S1.);
#5768 = LINE('',#5769,#5770);
#5769 = CARTESIAN_POINT('',(98.4,-194.5,3.5));
#5770 = VECTOR('',#5771,1.);
#5771 = DIRECTION('',(0.,0.,1.));
#5772 = PCURVE('',#3246,#5773);
#5773 = DEFINITIONAL_REPRESENTATION('',(#5774),#5778);
#5774 = LINE('',#5775,#5776);
#5775 = CARTESIAN_POINT('',(0.,0.));
#5776 = VECTOR('',#5777,1.);
#5777 = DIRECTION('',(1.,0.));
#5778 = ( GEOMETRIC_REPRESENTATION_CONTEXT(2) 
PARAMETRIC_REPRESENTATION_CONTEXT() REPRESENTATION_CONTEXT('2D SPACE',''
  ) );
#5779 = PCURVE('',#4148,#5780);
#5780 = DEFINITIONAL_REPRESENTATION('',(#5781),#5785);
#5781 = LINE('',#5782,#5783);
#5782 = CARTESIAN_POINT('',(0.,0.));
#5783 = VECTOR('',#5784,1.);
#5784 = DIRECTION('',(1.,0.));
#5785 = ( GEOMETRIC_REPRESENTATION_CONTEXT(2) 
PARAMETRIC_REPRESENTATION_CONTEXT() REPRESENTATION_CONTEXT('2D SPACE',''
  ) );
#5786 = ORIENTED_EDGE('',*,*,#5787,.T.);
#5787 = EDGE_CURVE('',#5765,#3232,#5788,.T.);
#5788 = SURFACE_CURVE('',#5789,(#5793,#5800),.PCURVE_S1.);
#5789 = LINE('',#5790,#5791);
#5790 = CARTESIAN_POINT('',(98.4,-194.5,3.5));
#5791 = VECTOR('',#5792,1.);
#5792 = DIRECTION('',(-0.,1.,0.));
#5793 = PCURVE('',#3246,#5794);
#5794 = DEFINITIONAL_REPRESENTATION('',(#5795),#5799);
#5795 = LINE('',#5796,#5797);
#5796 = CARTESIAN_POINT('',(0.,0.));
#5797 = VECTOR('',#5798,1.);
#5798 = DIRECTION('',(0.,-1.));
#5799 = ( GEOMETRIC_REPRESENTATION_CONTEXT(2) 
PARAMETRIC_REPRESENTATION_CONTEXT() REPRESENTATION_CONTEXT('2D SPACE',''
  ) );
#5800 = PCURVE('',#3272,#5801);
#5801 = DEFINITIONAL_REPRESENTATION('',(#5802),#5806);
#5802 = LINE('',#5803,#5804);
#5803 = CARTESIAN_POINT('',(0.,0.));
#5804 = VECTOR('',#5805,1.);
#5805 = DIRECTION('',(0.,1.));
#5806 = ( GEOMETRIC_REPRESENTATION_CONTEXT(2) 
PARAMETRIC_REPRESENTATION_CONTEXT() REPRESENTATION_CONTEXT('2D SPACE',''
  ) );
#5807 = ORIENTED_EDGE('',*,*,#3231,.F.);
#5808 = ADVANCED_FACE('',(#5809),#3481,.F.);
#5809 = FACE_BOUND('',#5810,.F.);
#5810 = EDGE_LOOP('',(#5811,#5832,#5833,#5834));
#5811 = ORIENTED_EDGE('',*,*,#5812,.F.);
#5812 = EDGE_CURVE('',#3918,#5716,#5813,.T.);
#5813 = SURFACE_CURVE('',#5814,(#5818,#5825),.PCURVE_S1.);
#5814 = LINE('',#5815,#5816);
#5815 = CARTESIAN_POINT('',(113.9,-194.5,14.8));
#5816 = VECTOR('',#5817,1.);
#5817 = DIRECTION('',(0.,0.,1.));
#5818 = PCURVE('',#3481,#5819);
#5819 = DEFINITIONAL_REPRESENTATION('',(#5820),#5824);
#5820 = LINE('',#5821,#5822);
#5821 = CARTESIAN_POINT('',(0.,0.));
#5822 = VECTOR('',#5823,1.);
#5823 = DIRECTION('',(1.,0.));
#5824 = ( GEOMETRIC_REPRESENTATION_CONTEXT(2) 
PARAMETRIC_REPRESENTATION_CONTEXT() REPRESENTATION_CONTEXT('2D SPACE',''
  ) );
#5825 = PCURVE('',#3953,#5826);
#5826 = DEFINITIONAL_REPRESENTATION('',(#5827),#5831);
#5827 = LINE('',#5828,#5829);
#5828 = CARTESIAN_POINT('',(0.,9.4));
#5829 = VECTOR('',#5830,1.);
#5830 = DIRECTION('',(1.,0.));
#5831 = ( GEOMETRIC_REPRESENTATION_CONTEXT(2) 
PARAMETRIC_REPRESENTATION_CONTEXT() REPRESENTATION_CONTEXT('2D SPACE',''
  ) );
#5832 = ORIENTED_EDGE('',*,*,#3917,.T.);
#5833 = ORIENTED_EDGE('',*,*,#3466,.F.);
#5834 = ORIENTED_EDGE('',*,*,#5738,.F.);
#5835 = ADVANCED_FACE('',(#5836),#3272,.T.);
#5836 = FACE_BOUND('',#5837,.T.);
#5837 = EDGE_LOOP('',(#5838,#5839,#5860,#5861));
#5838 = ORIENTED_EDGE('',*,*,#5787,.F.);
#5839 = ORIENTED_EDGE('',*,*,#5840,.T.);
#5840 = EDGE_CURVE('',#5765,#4113,#5841,.T.);
#5841 = SURFACE_CURVE('',#5842,(#5846,#5853),.PCURVE_S1.);
#5842 = LINE('',#5843,#5844);
#5843 = CARTESIAN_POINT('',(98.4,-194.5,3.5));
#5844 = VECTOR('',#5845,1.);
#5845 = DIRECTION('',(1.,0.,-0.));
#5846 = PCURVE('',#3272,#5847);
#5847 = DEFINITIONAL_REPRESENTATION('',(#5848),#5852);
#5848 = LINE('',#5849,#5850);
#5849 = CARTESIAN_POINT('',(0.,0.));
#5850 = VECTOR('',#5851,1.);
#5851 = DIRECTION('',(1.,0.));
#5852 = ( GEOMETRIC_REPRESENTATION_CONTEXT(2) 
PARAMETRIC_REPRESENTATION_CONTEXT() REPRESENTATION_CONTEXT('2D SPACE',''
  ) );
#5853 = PCURVE('',#4148,#5854);
#5854 = DEFINITIONAL_REPRESENTATION('',(#5855),#5859);
#5855 = LINE('',#5856,#5857);
#5856 = CARTESIAN_POINT('',(0.,0.));
#5857 = VECTOR('',#5858,1.);
#5858 = DIRECTION('',(0.,1.));
#5859 = ( GEOMETRIC_REPRESENTATION_CONTEXT(2) 
PARAMETRIC_REPRESENTATION_CONTEXT() REPRESENTATION_CONTEXT('2D SPACE',''
  ) );
#5860 = ORIENTED_EDGE('',*,*,#4112,.F.);
#5861 = ORIENTED_EDGE('',*,*,#3257,.F.);
#5862 = ADVANCED_FACE('',(#5863),#3413,.F.);
#5863 = FACE_BOUND('',#5864,.F.);
#5864 = EDGE_LOOP('',(#5865,#5866,#5889,#5910));
#5865 = ORIENTED_EDGE('',*,*,#4058,.T.);
#5866 = ORIENTED_EDGE('',*,*,#5867,.T.);
#5867 = EDGE_CURVE('',#4033,#5868,#5870,.T.);
#5868 = VERTEX_POINT('',#5869);
#5869 = CARTESIAN_POINT('',(119.9,-194.5,11.8));
#5870 = SURFACE_CURVE('',#5871,(#5875,#5882),.PCURVE_S1.);
#5871 = LINE('',#5872,#5873);
#5872 = CARTESIAN_POINT('',(98.4,-194.5,11.8));
#5873 = VECTOR('',#5874,1.);
#5874 = DIRECTION('',(1.,0.,-0.));
#5875 = PCURVE('',#3413,#5876);
#5876 = DEFINITIONAL_REPRESENTATION('',(#5877),#5881);
#5877 = LINE('',#5878,#5879);
#5878 = CARTESIAN_POINT('',(0.,0.));
#5879 = VECTOR('',#5880,1.);
#5880 = DIRECTION('',(1.,0.));
#5881 = ( GEOMETRIC_REPRESENTATION_CONTEXT(2) 
PARAMETRIC_REPRESENTATION_CONTEXT() REPRESENTATION_CONTEXT('2D SPACE',''
  ) );
#5882 = PCURVE('',#4047,#5883);
#5883 = DEFINITIONAL_REPRESENTATION('',(#5884),#5888);
#5884 = LINE('',#5885,#5886);
#5885 = CARTESIAN_POINT('',(8.3,0.));
#5886 = VECTOR('',#5887,1.);
#5887 = DIRECTION('',(0.,1.));
#5888 = ( GEOMETRIC_REPRESENTATION_CONTEXT(2) 
PARAMETRIC_REPRESENTATION_CONTEXT() REPRESENTATION_CONTEXT('2D SPACE',''
  ) );
#5889 = ORIENTED_EDGE('',*,*,#5890,.T.);
#5890 = EDGE_CURVE('',#5868,#3373,#5891,.T.);
#5891 = SURFACE_CURVE('',#5892,(#5896,#5903),.PCURVE_S1.);
#5892 = LINE('',#5893,#5894);
#5893 = CARTESIAN_POINT('',(119.9,-194.5,11.8));
#5894 = VECTOR('',#5895,1.);
#5895 = DIRECTION('',(-0.,1.,0.));
#5896 = PCURVE('',#3413,#5897);
#5897 = DEFINITIONAL_REPRESENTATION('',(#5898),#5902);
#5898 = LINE('',#5899,#5900);
#5899 = CARTESIAN_POINT('',(21.5,0.));
#5900 = VECTOR('',#5901,1.);
#5901 = DIRECTION('',(0.,1.));
#5902 = ( GEOMETRIC_REPRESENTATION_CONTEXT(2) 
PARAMETRIC_REPRESENTATION_CONTEXT() REPRESENTATION_CONTEXT('2D SPACE',''
  ) );
#5903 = PCURVE('',#3387,#5904);
#5904 = DEFINITIONAL_REPRESENTATION('',(#5905),#5909);
#5905 = LINE('',#5906,#5907);
#5906 = CARTESIAN_POINT('',(8.3,0.));
#5907 = VECTOR('',#5908,1.);
#5908 = DIRECTION('',(0.,-1.));
#5909 = ( GEOMETRIC_REPRESENTATION_CONTEXT(2) 
PARAMETRIC_REPRESENTATION_CONTEXT() REPRESENTATION_CONTEXT('2D SPACE',''
  ) );
#5910 = ORIENTED_EDGE('',*,*,#3398,.F.);
#5911 = ADVANCED_FACE('',(#5912),#3387,.F.);
#5912 = FACE_BOUND('',#5913,.F.);
#5913 = EDGE_LOOP('',(#5914,#5915,#5938,#5959));
#5914 = ORIENTED_EDGE('',*,*,#5890,.F.);
#5915 = ORIENTED_EDGE('',*,*,#5916,.F.);
#5916 = EDGE_CURVE('',#5917,#5868,#5919,.T.);
#5917 = VERTEX_POINT('',#5918);
#5918 = CARTESIAN_POINT('',(119.9,-194.5,3.5));
#5919 = SURFACE_CURVE('',#5920,(#5924,#5931),.PCURVE_S1.);
#5920 = LINE('',#5921,#5922);
#5921 = CARTESIAN_POINT('',(119.9,-194.5,3.5));
#5922 = VECTOR('',#5923,1.);
#5923 = DIRECTION('',(0.,0.,1.));
#5924 = PCURVE('',#3387,#5925);
#5925 = DEFINITIONAL_REPRESENTATION('',(#5926),#5930);
#5926 = LINE('',#5927,#5928);
#5927 = CARTESIAN_POINT('',(0.,0.));
#5928 = VECTOR('',#5929,1.);
#5929 = DIRECTION('',(1.,0.));
#5930 = ( GEOMETRIC_REPRESENTATION_CONTEXT(2) 
PARAMETRIC_REPRESENTATION_CONTEXT() REPRESENTATION_CONTEXT('2D SPACE',''
  ) );
#5931 = PCURVE('',#4047,#5932);
#5932 = DEFINITIONAL_REPRESENTATION('',(#5933),#5937);
#5933 = LINE('',#5934,#5935);
#5934 = CARTESIAN_POINT('',(0.,21.5));
#5935 = VECTOR('',#5936,1.);
#5936 = DIRECTION('',(1.,0.));
#5937 = ( GEOMETRIC_REPRESENTATION_CONTEXT(2) 
PARAMETRIC_REPRESENTATION_CONTEXT() REPRESENTATION_CONTEXT('2D SPACE',''
  ) );
#5938 = ORIENTED_EDGE('',*,*,#5939,.T.);
#5939 = EDGE_CURVE('',#5917,#3347,#5940,.T.);
#5940 = SURFACE_CURVE('',#5941,(#5945,#5952),.PCURVE_S1.);
#5941 = LINE('',#5942,#5943);
#5942 = CARTESIAN_POINT('',(119.9,-194.5,3.5));
#5943 = VECTOR('',#5944,1.);
#5944 = DIRECTION('',(-0.,1.,0.));
#5945 = PCURVE('',#3387,#5946);
#5946 = DEFINITIONAL_REPRESENTATION('',(#5947),#5951);
#5947 = LINE('',#5948,#5949);
#5948 = CARTESIAN_POINT('',(0.,0.));
#5949 = VECTOR('',#5950,1.);
#5950 = DIRECTION('',(0.,-1.));
#5951 = ( GEOMETRIC_REPRESENTATION_CONTEXT(2) 
PARAMETRIC_REPRESENTATION_CONTEXT() REPRESENTATION_CONTEXT('2D SPACE',''
  ) );
#5952 = PCURVE('',#3361,#5953);
#5953 = DEFINITIONAL_REPRESENTATION('',(#5954),#5958);
#5954 = LINE('',#5955,#5956);
#5955 = CARTESIAN_POINT('',(21.5,0.));
#5956 = VECTOR('',#5957,1.);
#5957 = DIRECTION('',(0.,1.));
#5958 = ( GEOMETRIC_REPRESENTATION_CONTEXT(2) 
PARAMETRIC_REPRESENTATION_CONTEXT() REPRESENTATION_CONTEXT('2D SPACE',''
  ) );
#5959 = ORIENTED_EDGE('',*,*,#3372,.F.);
#5960 = ADVANCED_FACE('',(#5961),#3361,.T.);
#5961 = FACE_BOUND('',#5962,.T.);
#5962 = EDGE_LOOP('',(#5963,#5964,#5985,#5986));
#5963 = ORIENTED_EDGE('',*,*,#4011,.T.);
#5964 = ORIENTED_EDGE('',*,*,#5965,.T.);
#5965 = EDGE_CURVE('',#4012,#5917,#5966,.T.);
#5966 = SURFACE_CURVE('',#5967,(#5971,#5978),.PCURVE_S1.);
#5967 = LINE('',#5968,#5969);
#5968 = CARTESIAN_POINT('',(98.4,-194.5,3.5));
#5969 = VECTOR('',#5970,1.);
#5970 = DIRECTION('',(1.,0.,-0.));
#5971 = PCURVE('',#3361,#5972);
#5972 = DEFINITIONAL_REPRESENTATION('',(#5973),#5977);
#5973 = LINE('',#5974,#5975);
#5974 = CARTESIAN_POINT('',(0.,0.));
#5975 = VECTOR('',#5976,1.);
#5976 = DIRECTION('',(1.,0.));
#5977 = ( GEOMETRIC_REPRESENTATION_CONTEXT(2) 
PARAMETRIC_REPRESENTATION_CONTEXT() REPRESENTATION_CONTEXT('2D SPACE',''
  ) );
#5978 = PCURVE('',#4047,#5979);
#5979 = DEFINITIONAL_REPRESENTATION('',(#5980),#5984);
#5980 = LINE('',#5981,#5982);
#5981 = CARTESIAN_POINT('',(0.,0.));
#5982 = VECTOR('',#5983,1.);
#5983 = DIRECTION('',(0.,1.));
#5984 = ( GEOMETRIC_REPRESENTATION_CONTEXT(2) 
PARAMETRIC_REPRESENTATION_CONTEXT() REPRESENTATION_CONTEXT('2D SPACE',''
  ) );
#5985 = ORIENTED_EDGE('',*,*,#5939,.T.);
#5986 = ORIENTED_EDGE('',*,*,#3346,.F.);
#5987 = ADVANCED_FACE('',(#5988,#6014),#3653,.F.);
#5988 = FACE_BOUND('',#5989,.F.);
#5989 = EDGE_LOOP('',(#5990,#6011,#6012,#6013));
#5990 = ORIENTED_EDGE('',*,*,#5991,.F.);
#5991 = EDGE_CURVE('',#3825,#3669,#5992,.T.);
#5992 = SURFACE_CURVE('',#5993,(#5997,#6004),.PCURVE_S1.);
#5993 = LINE('',#5994,#5995);
#5994 = CARTESIAN_POINT('',(72.5,-145.5,-11.9));
#5995 = VECTOR('',#5996,1.);
#5996 = DIRECTION('',(-0.,1.,0.));
#5997 = PCURVE('',#3653,#5998);
#5998 = DEFINITIONAL_REPRESENTATION('',(#5999),#6003);
#5999 = LINE('',#6000,#6001);
#6000 = CARTESIAN_POINT('',(0.,0.));
#6001 = VECTOR('',#6002,1.);
#6002 = DIRECTION('',(0.,1.));
#6003 = ( GEOMETRIC_REPRESENTATION_CONTEXT(2) 
PARAMETRIC_REPRESENTATION_CONTEXT() REPRESENTATION_CONTEXT('2D SPACE',''
  ) );
#6004 = PCURVE('',#3707,#6005);
#6005 = DEFINITIONAL_REPRESENTATION('',(#6006),#6010);
#6006 = LINE('',#6007,#6008);
#6007 = CARTESIAN_POINT('',(0.,0.));
#6008 = VECTOR('',#6009,1.);
#6009 = DIRECTION('',(0.,-1.));
#6010 = ( GEOMETRIC_REPRESENTATION_CONTEXT(2) 
PARAMETRIC_REPRESENTATION_CONTEXT() REPRESENTATION_CONTEXT('2D SPACE',''
  ) );
#6011 = ORIENTED_EDGE('',*,*,#3824,.T.);
#6012 = ORIENTED_EDGE('',*,*,#3639,.T.);
#6013 = ORIENTED_EDGE('',*,*,#3668,.F.);
#6014 = FACE_BOUND('',#6015,.F.);
#6015 = EDGE_LOOP('',(#6016));
#6016 = ORIENTED_EDGE('',*,*,#6017,.F.);
#6017 = EDGE_CURVE('',#6018,#6018,#6020,.T.);
#6018 = VERTEX_POINT('',#6019);
#6019 = CARTESIAN_POINT('',(80.25,-137.5,-11.9));
#6020 = SURFACE_CURVE('',#6021,(#6026,#6033),.PCURVE_S1.);
#6021 = CIRCLE('',#6022,2.25);
#6022 = AXIS2_PLACEMENT_3D('',#6023,#6024,#6025);
#6023 = CARTESIAN_POINT('',(78.,-137.5,-11.9));
#6024 = DIRECTION('',(0.,0.,1.));
#6025 = DIRECTION('',(1.,0.,-0.));
#6026 = PCURVE('',#3653,#6027);
#6027 = DEFINITIONAL_REPRESENTATION('',(#6028),#6032);
#6028 = CIRCLE('',#6029,2.25);
#6029 = AXIS2_PLACEMENT_2D('',#6030,#6031);
#6030 = CARTESIAN_POINT('',(5.5,8.));
#6031 = DIRECTION('',(1.,0.));
#6032 = ( GEOMETRIC_REPRESENTATION_CONTEXT(2) 
PARAMETRIC_REPRESENTATION_CONTEXT() REPRESENTATION_CONTEXT('2D SPACE',''
  ) );
#6033 = PCURVE('',#3809,#6034);
#6034 = DEFINITIONAL_REPRESENTATION('',(#6035),#6039);
#6035 = LINE('',#6036,#6037);
#6036 = CARTESIAN_POINT('',(0.,1.E-02));
#6037 = VECTOR('',#6038,1.);
#6038 = DIRECTION('',(1.,0.));
#6039 = ( GEOMETRIC_REPRESENTATION_CONTEXT(2) 
PARAMETRIC_REPRESENTATION_CONTEXT() REPRESENTATION_CONTEXT('2D SPACE',''
  ) );
#6040 = ADVANCED_FACE('',(#6041,#6067),#3622,.F.);
#6041 = FACE_BOUND('',#6042,.F.);
#6042 = EDGE_LOOP('',(#6043,#6044,#6045,#6066));
#6043 = ORIENTED_EDGE('',*,*,#3608,.F.);
#6044 = ORIENTED_EDGE('',*,*,#4338,.T.);
#6045 = ORIENTED_EDGE('',*,*,#6046,.T.);
#6046 = EDGE_CURVE('',#4339,#4183,#6047,.T.);
#6047 = SURFACE_CURVE('',#6048,(#6052,#6059),.PCURVE_S1.);
#6048 = LINE('',#6049,#6050);
#6049 = CARTESIAN_POINT('',(161.65,-145.5,-11.9));
#6050 = VECTOR('',#6051,1.);
#6051 = DIRECTION('',(-0.,1.,0.));
#6052 = PCURVE('',#3622,#6053);
#6053 = DEFINITIONAL_REPRESENTATION('',(#6054),#6058);
#6054 = LINE('',#6055,#6056);
#6055 = CARTESIAN_POINT('',(12.,0.));
#6056 = VECTOR('',#6057,1.);
#6057 = DIRECTION('',(0.,1.));
#6058 = ( GEOMETRIC_REPRESENTATION_CONTEXT(2) 
PARAMETRIC_REPRESENTATION_CONTEXT() REPRESENTATION_CONTEXT('2D SPACE',''
  ) );
#6059 = PCURVE('',#4243,#6060);
#6060 = DEFINITIONAL_REPRESENTATION('',(#6061),#6065);
#6061 = LINE('',#6062,#6063);
#6062 = CARTESIAN_POINT('',(0.,0.));
#6063 = VECTOR('',#6064,1.);
#6064 = DIRECTION('',(0.,-1.));
#6065 = ( GEOMETRIC_REPRESENTATION_CONTEXT(2) 
PARAMETRIC_REPRESENTATION_CONTEXT() REPRESENTATION_CONTEXT('2D SPACE',''
  ) );
#6066 = ORIENTED_EDGE('',*,*,#4182,.F.);
#6067 = FACE_BOUND('',#6068,.F.);
#6068 = EDGE_LOOP('',(#6069));
#6069 = ORIENTED_EDGE('',*,*,#6070,.F.);
#6070 = EDGE_CURVE('',#6071,#6071,#6073,.T.);
#6071 = VERTEX_POINT('',#6072);
#6072 = CARTESIAN_POINT('',(158.4,-137.5,-11.9));
#6073 = SURFACE_CURVE('',#6074,(#6079,#6086),.PCURVE_S1.);
#6074 = CIRCLE('',#6075,2.25);
#6075 = AXIS2_PLACEMENT_3D('',#6076,#6077,#6078);
#6076 = CARTESIAN_POINT('',(156.15,-137.5,-11.9));
#6077 = DIRECTION('',(0.,0.,1.));
#6078 = DIRECTION('',(1.,0.,-0.));
#6079 = PCURVE('',#3622,#6080);
#6080 = DEFINITIONAL_REPRESENTATION('',(#6081),#6085);
#6081 = CIRCLE('',#6082,2.25);
#6082 = AXIS2_PLACEMENT_2D('',#6083,#6084);
#6083 = CARTESIAN_POINT('',(6.5,8.));
#6084 = DIRECTION('',(1.,0.));
#6085 = ( GEOMETRIC_REPRESENTATION_CONTEXT(2) 
PARAMETRIC_REPRESENTATION_CONTEXT() REPRESENTATION_CONTEXT('2D SPACE',''
  ) );
#6086 = PCURVE('',#4323,#6087);
#6087 = DEFINITIONAL_REPRESENTATION('',(#6088),#6092);
#6088 = LINE('',#6089,#6090);
#6089 = CARTESIAN_POINT('',(0.,1.E-02));
#6090 = VECTOR('',#6091,1.);
#6091 = DIRECTION('',(1.,0.));
#6092 = ( GEOMETRIC_REPRESENTATION_CONTEXT(2) 
PARAMETRIC_REPRESENTATION_CONTEXT() REPRESENTATION_CONTEXT('2D SPACE',''
  ) );
#6093 = ADVANCED_FACE('',(#6094),#3707,.F.);
#6094 = FACE_BOUND('',#6095,.F.);
#6095 = EDGE_LOOP('',(#6096,#6097,#6098,#6099));
#6096 = ORIENTED_EDGE('',*,*,#3847,.F.);
#6097 = ORIENTED_EDGE('',*,*,#5991,.T.);
#6098 = ORIENTED_EDGE('',*,*,#3691,.T.);
#6099 = ORIENTED_EDGE('',*,*,#3744,.F.);
#6100 = ADVANCED_FACE('',(#6101),#3809,.F.);
#6101 = FACE_BOUND('',#6102,.F.);
#6102 = EDGE_LOOP('',(#6103,#6104,#6125,#6126));
#6103 = ORIENTED_EDGE('',*,*,#3792,.F.);
#6104 = ORIENTED_EDGE('',*,*,#6105,.F.);
#6105 = EDGE_CURVE('',#6018,#3793,#6106,.T.);
#6106 = SEAM_CURVE('',#6107,(#6111,#6118),.PCURVE_S1.);
#6107 = LINE('',#6108,#6109);
#6108 = CARTESIAN_POINT('',(80.25,-137.5,-11.91));
#6109 = VECTOR('',#6110,1.);
#6110 = DIRECTION('',(0.,0.,1.));
#6111 = PCURVE('',#3809,#6112);
#6112 = DEFINITIONAL_REPRESENTATION('',(#6113),#6117);
#6113 = LINE('',#6114,#6115);
#6114 = CARTESIAN_POINT('',(6.28318530718,-0.));
#6115 = VECTOR('',#6116,1.);
#6116 = DIRECTION('',(0.,1.));
#6117 = ( GEOMETRIC_REPRESENTATION_CONTEXT(2) 
PARAMETRIC_REPRESENTATION_CONTEXT() REPRESENTATION_CONTEXT('2D SPACE',''
  ) );
#6118 = PCURVE('',#3809,#6119);
#6119 = DEFINITIONAL_REPRESENTATION('',(#6120),#6124);
#6120 = LINE('',#6121,#6122);
#6121 = CARTESIAN_POINT('',(0.,-0.));
#6122 = VECTOR('',#6123,1.);
#6123 = DIRECTION('',(0.,1.));
#6124 = ( GEOMETRIC_REPRESENTATION_CONTEXT(2) 
PARAMETRIC_REPRESENTATION_CONTEXT() REPRESENTATION_CONTEXT('2D SPACE',''
  ) );
#6125 = ORIENTED_EDGE('',*,*,#6017,.T.);
#6126 = ORIENTED_EDGE('',*,*,#6105,.T.);
#6127 = ADVANCED_FACE('',(#6128),#3953,.T.);
#6128 = FACE_BOUND('',#6129,.T.);
#6129 = EDGE_LOOP('',(#6130,#6131,#6132,#6133));
#6130 = ORIENTED_EDGE('',*,*,#5812,.F.);
#6131 = ORIENTED_EDGE('',*,*,#3938,.T.);
#6132 = ORIENTED_EDGE('',*,*,#5616,.T.);
#6133 = ORIENTED_EDGE('',*,*,#5715,.T.);
#6134 = ADVANCED_FACE('',(#6135),#4047,.T.);
#6135 = FACE_BOUND('',#6136,.T.);
#6136 = EDGE_LOOP('',(#6137,#6138,#6139,#6140));
#6137 = ORIENTED_EDGE('',*,*,#5965,.F.);
#6138 = ORIENTED_EDGE('',*,*,#4032,.T.);
#6139 = ORIENTED_EDGE('',*,*,#5867,.T.);
#6140 = ORIENTED_EDGE('',*,*,#5916,.F.);
#6141 = ADVANCED_FACE('',(#6142),#4148,.T.);
#6142 = FACE_BOUND('',#6143,.T.);
#6143 = EDGE_LOOP('',(#6144,#6145,#6146,#6147));
#6144 = ORIENTED_EDGE('',*,*,#5840,.F.);
#6145 = ORIENTED_EDGE('',*,*,#5764,.T.);
#6146 = ORIENTED_EDGE('',*,*,#5688,.T.);
#6147 = ORIENTED_EDGE('',*,*,#4133,.F.);
#6148 = ADVANCED_FACE('',(#6149),#4243,.T.);
#6149 = FACE_BOUND('',#6150,.T.);
#6150 = EDGE_LOOP('',(#6151,#6152,#6153,#6154));
#6151 = ORIENTED_EDGE('',*,*,#4363,.F.);
#6152 = ORIENTED_EDGE('',*,*,#6046,.T.);
#6153 = ORIENTED_EDGE('',*,*,#4229,.T.);
#6154 = ORIENTED_EDGE('',*,*,#4282,.F.);
#6155 = ADVANCED_FACE('',(#6156),#4323,.F.);
#6156 = FACE_BOUND('',#6157,.F.);
#6157 = EDGE_LOOP('',(#6158,#6159,#6180,#6181));
#6158 = ORIENTED_EDGE('',*,*,#4306,.F.);
#6159 = ORIENTED_EDGE('',*,*,#6160,.F.);
#6160 = EDGE_CURVE('',#6071,#4307,#6161,.T.);
#6161 = SEAM_CURVE('',#6162,(#6166,#6173),.PCURVE_S1.);
#6162 = LINE('',#6163,#6164);
#6163 = CARTESIAN_POINT('',(158.4,-137.5,-11.91));
#6164 = VECTOR('',#6165,1.);
#6165 = DIRECTION('',(0.,0.,1.));
#6166 = PCURVE('',#4323,#6167);
#6167 = DEFINITIONAL_REPRESENTATION('',(#6168),#6172);
#6168 = LINE('',#6169,#6170);
#6169 = CARTESIAN_POINT('',(6.28318530718,-0.));
#6170 = VECTOR('',#6171,1.);
#6171 = DIRECTION('',(0.,1.));
#6172 = ( GEOMETRIC_REPRESENTATION_CONTEXT(2) 
PARAMETRIC_REPRESENTATION_CONTEXT() REPRESENTATION_CONTEXT('2D SPACE',''
  ) );
#6173 = PCURVE('',#4323,#6174);
#6174 = DEFINITIONAL_REPRESENTATION('',(#6175),#6179);
#6175 = LINE('',#6176,#6177);
#6176 = CARTESIAN_POINT('',(0.,-0.));
#6177 = VECTOR('',#6178,1.);
#6178 = DIRECTION('',(0.,1.));
#6179 = ( GEOMETRIC_REPRESENTATION_CONTEXT(2) 
PARAMETRIC_REPRESENTATION_CONTEXT() REPRESENTATION_CONTEXT('2D SPACE',''
  ) );
#6180 = ORIENTED_EDGE('',*,*,#6070,.T.);
#6181 = ORIENTED_EDGE('',*,*,#6160,.T.);
#6182 = ADVANCED_FACE('',(#6183),#4509,.F.);
#6183 = FACE_BOUND('',#6184,.F.);
#6184 = EDGE_LOOP('',(#6185,#6206,#6207,#6228));
#6185 = ORIENTED_EDGE('',*,*,#6186,.F.);
#6186 = EDGE_CURVE('',#2407,#2409,#6187,.T.);
#6187 = SURFACE_CURVE('',#6188,(#6192,#6199),.PCURVE_S1.);
#6188 = LINE('',#6189,#6190);
#6189 = CARTESIAN_POINT('',(146.65,-178.95,10.95));
#6190 = VECTOR('',#6191,1.);
#6191 = DIRECTION('',(-0.,1.,0.));
#6192 = PCURVE('',#4509,#6193);
#6193 = DEFINITIONAL_REPRESENTATION('',(#6194),#6198);
#6194 = LINE('',#6195,#6196);
#6195 = CARTESIAN_POINT('',(0.,0.));
#6196 = VECTOR('',#6197,1.);
#6197 = DIRECTION('',(0.,1.));
#6198 = ( GEOMETRIC_REPRESENTATION_CONTEXT(2) 
PARAMETRIC_REPRESENTATION_CONTEXT() REPRESENTATION_CONTEXT('2D SPACE',''
  ) );
#6199 = PCURVE('',#5053,#6200);
#6200 = DEFINITIONAL_REPRESENTATION('',(#6201),#6205);
#6201 = LINE('',#6202,#6203);
#6202 = CARTESIAN_POINT('',(0.,0.));
#6203 = VECTOR('',#6204,1.);
#6204 = DIRECTION('',(0.,-1.));
#6205 = ( GEOMETRIC_REPRESENTATION_CONTEXT(2) 
PARAMETRIC_REPRESENTATION_CONTEXT() REPRESENTATION_CONTEXT('2D SPACE',''
  ) );
#6206 = ORIENTED_EDGE('',*,*,#4496,.T.);
#6207 = ORIENTED_EDGE('',*,*,#6208,.T.);
#6208 = EDGE_CURVE('',#1992,#1994,#6209,.T.);
#6209 = SURFACE_CURVE('',#6210,(#6214,#6221),.PCURVE_S1.);
#6210 = LINE('',#6211,#6212);
#6211 = CARTESIAN_POINT('',(149.65,-178.95,10.95));
#6212 = VECTOR('',#6213,1.);
#6213 = DIRECTION('',(-0.,1.,0.));
#6214 = PCURVE('',#4509,#6215);
#6215 = DEFINITIONAL_REPRESENTATION('',(#6216),#6220);
#6216 = LINE('',#6217,#6218);
#6217 = CARTESIAN_POINT('',(3.,0.));
#6218 = VECTOR('',#6219,1.);
#6219 = DIRECTION('',(0.,1.));
#6220 = ( GEOMETRIC_REPRESENTATION_CONTEXT(2) 
PARAMETRIC_REPRESENTATION_CONTEXT() REPRESENTATION_CONTEXT('2D SPACE',''
  ) );
#6221 = PCURVE('',#4560,#6222);
#6222 = DEFINITIONAL_REPRESENTATION('',(#6223),#6227);
#6223 = LINE('',#6224,#6225);
#6224 = CARTESIAN_POINT('',(0.,0.));
#6225 = VECTOR('',#6226,1.);
#6226 = DIRECTION('',(0.,-1.));
#6227 = ( GEOMETRIC_REPRESENTATION_CONTEXT(2) 
PARAMETRIC_REPRESENTATION_CONTEXT() REPRESENTATION_CONTEXT('2D SPACE',''
  ) );
#6228 = ORIENTED_EDGE('',*,*,#4521,.F.);
#6229 = ADVANCED_FACE('',(#6230),#4560,.T.);
#6230 = FACE_BOUND('',#6231,.T.);
#6231 = EDGE_LOOP('',(#6232,#6233,#6234));
#6232 = ORIENTED_EDGE('',*,*,#4543,.T.);
#6233 = ORIENTED_EDGE('',*,*,#6208,.T.);
#6234 = ORIENTED_EDGE('',*,*,#4572,.T.);
#6235 = ADVANCED_FACE('',(#6236),#4695,.F.);
#6236 = FACE_BOUND('',#6237,.F.);
#6237 = EDGE_LOOP('',(#6238,#6239,#6260,#6261));
#6238 = ORIENTED_EDGE('',*,*,#5101,.F.);
#6239 = ORIENTED_EDGE('',*,*,#6240,.F.);
#6240 = EDGE_CURVE('',#4679,#5102,#6241,.T.);
#6241 = SEAM_CURVE('',#6242,(#6246,#6253),.PCURVE_S1.);
#6242 = LINE('',#6243,#6244);
#6243 = CARTESIAN_POINT('',(143.9,-189.,14.99));
#6244 = VECTOR('',#6245,1.);
#6245 = DIRECTION('',(0.,0.,1.));
#6246 = PCURVE('',#4695,#6247);
#6247 = DEFINITIONAL_REPRESENTATION('',(#6248),#6252);
#6248 = LINE('',#6249,#6250);
#6249 = CARTESIAN_POINT('',(6.28318530718,-0.));
#6250 = VECTOR('',#6251,1.);
#6251 = DIRECTION('',(0.,1.));
#6252 = ( GEOMETRIC_REPRESENTATION_CONTEXT(2) 
PARAMETRIC_REPRESENTATION_CONTEXT() REPRESENTATION_CONTEXT('2D SPACE',''
  ) );
#6253 = PCURVE('',#4695,#6254);
#6254 = DEFINITIONAL_REPRESENTATION('',(#6255),#6259);
#6255 = LINE('',#6256,#6257);
#6256 = CARTESIAN_POINT('',(0.,-0.));
#6257 = VECTOR('',#6258,1.);
#6258 = DIRECTION('',(0.,1.));
#6259 = ( GEOMETRIC_REPRESENTATION_CONTEXT(2) 
PARAMETRIC_REPRESENTATION_CONTEXT() REPRESENTATION_CONTEXT('2D SPACE',''
  ) );
#6260 = ORIENTED_EDGE('',*,*,#4678,.T.);
#6261 = ORIENTED_EDGE('',*,*,#6240,.T.);
#6262 = ADVANCED_FACE('',(#6263),#4761,.T.);
#6263 = FACE_BOUND('',#6264,.T.);
#6264 = EDGE_LOOP('',(#6265,#6294,#6315,#6316));
#6265 = ORIENTED_EDGE('',*,*,#6266,.F.);
#6266 = EDGE_CURVE('',#6267,#6267,#6269,.T.);
#6267 = VERTEX_POINT('',#6268);
#6268 = CARTESIAN_POINT('',(100.79,-185.42,0.));
#6269 = SURFACE_CURVE('',#6270,(#6275,#6282),.PCURVE_S1.);
#6270 = CIRCLE('',#6271,3.);
#6271 = AXIS2_PLACEMENT_3D('',#6272,#6273,#6274);
#6272 = CARTESIAN_POINT('',(97.79,-185.42,0.));
#6273 = DIRECTION('',(0.,0.,1.));
#6274 = DIRECTION('',(1.,0.,-0.));
#6275 = PCURVE('',#4761,#6276);
#6276 = DEFINITIONAL_REPRESENTATION('',(#6277),#6281);
#6277 = LINE('',#6278,#6279);
#6278 = CARTESIAN_POINT('',(0.,9.5));
#6279 = VECTOR('',#6280,1.);
#6280 = DIRECTION('',(1.,0.));
#6281 = ( GEOMETRIC_REPRESENTATION_CONTEXT(2) 
PARAMETRIC_REPRESENTATION_CONTEXT() REPRESENTATION_CONTEXT('2D SPACE',''
  ) );
#6282 = PCURVE('',#6283,#6288);
#6283 = PLANE('',#6284);
#6284 = AXIS2_PLACEMENT_3D('',#6285,#6286,#6287);
#6285 = CARTESIAN_POINT('',(97.79,-185.42,0.));
#6286 = DIRECTION('',(0.,0.,1.));
#6287 = DIRECTION('',(1.,0.,-0.));
#6288 = DEFINITIONAL_REPRESENTATION('',(#6289),#6293);
#6289 = CIRCLE('',#6290,3.);
#6290 = AXIS2_PLACEMENT_2D('',#6291,#6292);
#6291 = CARTESIAN_POINT('',(0.,0.));
#6292 = DIRECTION('',(1.,0.));
#6293 = ( GEOMETRIC_REPRESENTATION_CONTEXT(2) 
PARAMETRIC_REPRESENTATION_CONTEXT() REPRESENTATION_CONTEXT('2D SPACE',''
  ) );
#6294 = ORIENTED_EDGE('',*,*,#6295,.F.);
#6295 = EDGE_CURVE('',#4745,#6267,#6296,.T.);
#6296 = SEAM_CURVE('',#6297,(#6301,#6308),.PCURVE_S1.);
#6297 = LINE('',#6298,#6299);
#6298 = CARTESIAN_POINT('',(100.79,-185.42,-9.5));
#6299 = VECTOR('',#6300,1.);
#6300 = DIRECTION('',(0.,0.,1.));
#6301 = PCURVE('',#4761,#6302);
#6302 = DEFINITIONAL_REPRESENTATION('',(#6303),#6307);
#6303 = LINE('',#6304,#6305);
#6304 = CARTESIAN_POINT('',(6.28318530718,-0.));
#6305 = VECTOR('',#6306,1.);
#6306 = DIRECTION('',(0.,1.));
#6307 = ( GEOMETRIC_REPRESENTATION_CONTEXT(2) 
PARAMETRIC_REPRESENTATION_CONTEXT() REPRESENTATION_CONTEXT('2D SPACE',''
  ) );
#6308 = PCURVE('',#4761,#6309);
#6309 = DEFINITIONAL_REPRESENTATION('',(#6310),#6314);
#6310 = LINE('',#6311,#6312);
#6311 = CARTESIAN_POINT('',(0.,-0.));
#6312 = VECTOR('',#6313,1.);
#6313 = DIRECTION('',(0.,1.));
#6314 = ( GEOMETRIC_REPRESENTATION_CONTEXT(2) 
PARAMETRIC_REPRESENTATION_CONTEXT() REPRESENTATION_CONTEXT('2D SPACE',''
  ) );
#6315 = ORIENTED_EDGE('',*,*,#4744,.T.);
#6316 = ORIENTED_EDGE('',*,*,#6295,.T.);
#6317 = ADVANCED_FACE('',(#6318,#6393),#4793,.F.);
#6318 = FACE_BOUND('',#6319,.F.);
#6319 = EDGE_LOOP('',(#6320,#6343,#6344,#6367));
#6320 = ORIENTED_EDGE('',*,*,#6321,.F.);
#6321 = EDGE_CURVE('',#4776,#6322,#6324,.T.);
#6322 = VERTEX_POINT('',#6323);
#6323 = CARTESIAN_POINT('',(141.8,-165.,-3.5));
#6324 = SURFACE_CURVE('',#6325,(#6329,#6336),.PCURVE_S1.);
#6325 = LINE('',#6326,#6327);
#6326 = CARTESIAN_POINT('',(141.8,-165.,-9.5));
#6327 = VECTOR('',#6328,1.);
#6328 = DIRECTION('',(0.,0.,1.));
#6329 = PCURVE('',#4793,#6330);
#6330 = DEFINITIONAL_REPRESENTATION('',(#6331),#6335);
#6331 = LINE('',#6332,#6333);
#6332 = CARTESIAN_POINT('',(0.,0.));
#6333 = VECTOR('',#6334,1.);
#6334 = DIRECTION('',(1.,0.));
#6335 = ( GEOMETRIC_REPRESENTATION_CONTEXT(2) 
PARAMETRIC_REPRESENTATION_CONTEXT() REPRESENTATION_CONTEXT('2D SPACE',''
  ) );
#6336 = PCURVE('',#4875,#6337);
#6337 = DEFINITIONAL_REPRESENTATION('',(#6338),#6342);
#6338 = LINE('',#6339,#6340);
#6339 = CARTESIAN_POINT('',(0.,0.));
#6340 = VECTOR('',#6341,1.);
#6341 = DIRECTION('',(1.,0.));
#6342 = ( GEOMETRIC_REPRESENTATION_CONTEXT(2) 
PARAMETRIC_REPRESENTATION_CONTEXT() REPRESENTATION_CONTEXT('2D SPACE',''
  ) );
#6343 = ORIENTED_EDGE('',*,*,#4775,.T.);
#6344 = ORIENTED_EDGE('',*,*,#6345,.T.);
#6345 = EDGE_CURVE('',#4778,#6346,#6348,.T.);
#6346 = VERTEX_POINT('',#6347);
#6347 = CARTESIAN_POINT('',(141.8,-158.,-3.5));
#6348 = SURFACE_CURVE('',#6349,(#6353,#6360),.PCURVE_S1.);
#6349 = LINE('',#6350,#6351);
#6350 = CARTESIAN_POINT('',(141.8,-158.,-9.5));
#6351 = VECTOR('',#6352,1.);
#6352 = DIRECTION('',(0.,0.,1.));
#6353 = PCURVE('',#4793,#6354);
#6354 = DEFINITIONAL_REPRESENTATION('',(#6355),#6359);
#6355 = LINE('',#6356,#6357);
#6356 = CARTESIAN_POINT('',(0.,-7.));
#6357 = VECTOR('',#6358,1.);
#6358 = DIRECTION('',(1.,0.));
#6359 = ( GEOMETRIC_REPRESENTATION_CONTEXT(2) 
PARAMETRIC_REPRESENTATION_CONTEXT() REPRESENTATION_CONTEXT('2D SPACE',''
  ) );
#6360 = PCURVE('',#4821,#6361);
#6361 = DEFINITIONAL_REPRESENTATION('',(#6362),#6366);
#6362 = LINE('',#6363,#6364);
#6363 = CARTESIAN_POINT('',(0.,0.));
#6364 = VECTOR('',#6365,1.);
#6365 = DIRECTION('',(1.,0.));
#6366 = ( GEOMETRIC_REPRESENTATION_CONTEXT(2) 
PARAMETRIC_REPRESENTATION_CONTEXT() REPRESENTATION_CONTEXT('2D SPACE',''
  ) );
#6367 = ORIENTED_EDGE('',*,*,#6368,.F.);
#6368 = EDGE_CURVE('',#6322,#6346,#6369,.T.);
#6369 = SURFACE_CURVE('',#6370,(#6374,#6381),.PCURVE_S1.);
#6370 = LINE('',#6371,#6372);
#6371 = CARTESIAN_POINT('',(141.8,-165.,-3.5));
#6372 = VECTOR('',#6373,1.);
#6373 = DIRECTION('',(-0.,1.,0.));
#6374 = PCURVE('',#4793,#6375);
#6375 = DEFINITIONAL_REPRESENTATION('',(#6376),#6380);
#6376 = LINE('',#6377,#6378);
#6377 = CARTESIAN_POINT('',(6.,0.));
#6378 = VECTOR('',#6379,1.);
#6379 = DIRECTION('',(0.,-1.));
#6380 = ( GEOMETRIC_REPRESENTATION_CONTEXT(2) 
PARAMETRIC_REPRESENTATION_CONTEXT() REPRESENTATION_CONTEXT('2D SPACE',''
  ) );
#6381 = PCURVE('',#6382,#6387);
#6382 = PLANE('',#6383);
#6383 = AXIS2_PLACEMENT_3D('',#6384,#6385,#6386);
#6384 = CARTESIAN_POINT('',(141.8,-165.,-3.5));
#6385 = DIRECTION('',(0.,0.,1.));
#6386 = DIRECTION('',(1.,0.,-0.));
#6387 = DEFINITIONAL_REPRESENTATION('',(#6388),#6392);
#6388 = LINE('',#6389,#6390);
#6389 = CARTESIAN_POINT('',(0.,0.));
#6390 = VECTOR('',#6391,1.);
#6391 = DIRECTION('',(0.,1.));
#6392 = ( GEOMETRIC_REPRESENTATION_CONTEXT(2) 
PARAMETRIC_REPRESENTATION_CONTEXT() REPRESENTATION_CONTEXT('2D SPACE',''
  ) );
#6393 = FACE_BOUND('',#6394,.F.);
#6394 = EDGE_LOOP('',(#6395,#6423,#6449,#6475));
#6395 = ORIENTED_EDGE('',*,*,#6396,.T.);
#6396 = EDGE_CURVE('',#6397,#6399,#6401,.T.);
#6397 = VERTEX_POINT('',#6398);
#6398 = CARTESIAN_POINT('',(141.8,-159.5,-7.5));
#6399 = VERTEX_POINT('',#6400);
#6400 = CARTESIAN_POINT('',(141.8,-163.5,-7.5));
#6401 = SURFACE_CURVE('',#6402,(#6406,#6412),.PCURVE_S1.);
#6402 = LINE('',#6403,#6404);
#6403 = CARTESIAN_POINT('',(141.8,-164.25,-7.5));
#6404 = VECTOR('',#6405,1.);
#6405 = DIRECTION('',(0.,-1.,0.));
#6406 = PCURVE('',#4793,#6407);
#6407 = DEFINITIONAL_REPRESENTATION('',(#6408),#6411);
#6408 = B_SPLINE_CURVE_WITH_KNOTS('',1,(#6409,#6410),.UNSPECIFIED.,.F.,
  .F.,(2,2),(-4.75,-0.75),.PIECEWISE_BEZIER_KNOTS.);
#6409 = CARTESIAN_POINT('',(2.,-5.5));
#6410 = CARTESIAN_POINT('',(2.,-1.5));
#6411 = ( GEOMETRIC_REPRESENTATION_CONTEXT(2) 
PARAMETRIC_REPRESENTATION_CONTEXT() REPRESENTATION_CONTEXT('2D SPACE',''
  ) );
#6412 = PCURVE('',#6413,#6418);
#6413 = PLANE('',#6414);
#6414 = AXIS2_PLACEMENT_3D('',#6415,#6416,#6417);
#6415 = CARTESIAN_POINT('',(140.6,-163.5,-7.5));
#6416 = DIRECTION('',(0.,0.,1.));
#6417 = DIRECTION('',(1.,0.,-0.));
#6418 = DEFINITIONAL_REPRESENTATION('',(#6419),#6422);
#6419 = B_SPLINE_CURVE_WITH_KNOTS('',1,(#6420,#6421),.UNSPECIFIED.,.F.,
  .F.,(2,2),(-4.75,-0.75),.PIECEWISE_BEZIER_KNOTS.);
#6420 = CARTESIAN_POINT('',(1.2,4.));
#6421 = CARTESIAN_POINT('',(1.2,0.));
#6422 = ( GEOMETRIC_REPRESENTATION_CONTEXT(2) 
PARAMETRIC_REPRESENTATION_CONTEXT() REPRESENTATION_CONTEXT('2D SPACE',''
  ) );
#6423 = ORIENTED_EDGE('',*,*,#6424,.T.);
#6424 = EDGE_CURVE('',#6399,#6425,#6427,.T.);
#6425 = VERTEX_POINT('',#6426);
#6426 = CARTESIAN_POINT('',(141.8,-163.5,-5.3));
#6427 = SURFACE_CURVE('',#6428,(#6432,#6438),.PCURVE_S1.);
#6428 = LINE('',#6429,#6430);
#6429 = CARTESIAN_POINT('',(141.8,-163.5,-8.5));
#6430 = VECTOR('',#6431,1.);
#6431 = DIRECTION('',(0.,0.,1.));
#6432 = PCURVE('',#4793,#6433);
#6433 = DEFINITIONAL_REPRESENTATION('',(#6434),#6437);
#6434 = B_SPLINE_CURVE_WITH_KNOTS('',1,(#6435,#6436),.UNSPECIFIED.,.F.,
  .F.,(2,2),(1.,3.2),.PIECEWISE_BEZIER_KNOTS.);
#6435 = CARTESIAN_POINT('',(2.,-1.5));
#6436 = CARTESIAN_POINT('',(4.2,-1.5));
#6437 = ( GEOMETRIC_REPRESENTATION_CONTEXT(2) 
PARAMETRIC_REPRESENTATION_CONTEXT() REPRESENTATION_CONTEXT('2D SPACE',''
  ) );
#6438 = PCURVE('',#6439,#6444);
#6439 = PLANE('',#6440);
#6440 = AXIS2_PLACEMENT_3D('',#6441,#6442,#6443);
#6441 = CARTESIAN_POINT('',(140.6,-163.5,-7.5));
#6442 = DIRECTION('',(-0.,1.,0.));
#6443 = DIRECTION('',(0.,0.,1.));
#6444 = DEFINITIONAL_REPRESENTATION('',(#6445),#6448);
#6445 = B_SPLINE_CURVE_WITH_KNOTS('',1,(#6446,#6447),.UNSPECIFIED.,.F.,
  .F.,(2,2),(1.,3.2),.PIECEWISE_BEZIER_KNOTS.);
#6446 = CARTESIAN_POINT('',(0.,1.2));
#6447 = CARTESIAN_POINT('',(2.2,1.2));
#6448 = ( GEOMETRIC_REPRESENTATION_CONTEXT(2) 
PARAMETRIC_REPRESENTATION_CONTEXT() REPRESENTATION_CONTEXT('2D SPACE',''
  ) );
#6449 = ORIENTED_EDGE('',*,*,#6450,.F.);
#6450 = EDGE_CURVE('',#6451,#6425,#6453,.T.);
#6451 = VERTEX_POINT('',#6452);
#6452 = CARTESIAN_POINT('',(141.8,-159.5,-5.3));
#6453 = SURFACE_CURVE('',#6454,(#6458,#6464),.PCURVE_S1.);
#6454 = LINE('',#6455,#6456);
#6455 = CARTESIAN_POINT('',(141.8,-164.25,-5.3));
#6456 = VECTOR('',#6457,1.);
#6457 = DIRECTION('',(0.,-1.,0.));
#6458 = PCURVE('',#4793,#6459);
#6459 = DEFINITIONAL_REPRESENTATION('',(#6460),#6463);
#6460 = B_SPLINE_CURVE_WITH_KNOTS('',1,(#6461,#6462),.UNSPECIFIED.,.F.,
  .F.,(2,2),(-4.75,-0.75),.PIECEWISE_BEZIER_KNOTS.);
#6461 = CARTESIAN_POINT('',(4.2,-5.5));
#6462 = CARTESIAN_POINT('',(4.2,-1.5));
#6463 = ( GEOMETRIC_REPRESENTATION_CONTEXT(2) 
PARAMETRIC_REPRESENTATION_CONTEXT() REPRESENTATION_CONTEXT('2D SPACE',''
  ) );
#6464 = PCURVE('',#6465,#6470);
#6465 = PLANE('',#6466);
#6466 = AXIS2_PLACEMENT_3D('',#6467,#6468,#6469);
#6467 = CARTESIAN_POINT('',(140.6,-163.5,-5.3));
#6468 = DIRECTION('',(0.,0.,1.));
#6469 = DIRECTION('',(1.,0.,-0.));
#6470 = DEFINITIONAL_REPRESENTATION('',(#6471),#6474);
#6471 = B_SPLINE_CURVE_WITH_KNOTS('',1,(#6472,#6473),.UNSPECIFIED.,.F.,
  .F.,(2,2),(-4.75,-0.75),.PIECEWISE_BEZIER_KNOTS.);
#6472 = CARTESIAN_POINT('',(1.2,4.));
#6473 = CARTESIAN_POINT('',(1.2,0.));
#6474 = ( GEOMETRIC_REPRESENTATION_CONTEXT(2) 
PARAMETRIC_REPRESENTATION_CONTEXT() REPRESENTATION_CONTEXT('2D SPACE',''
  ) );
#6475 = ORIENTED_EDGE('',*,*,#6476,.F.);
#6476 = EDGE_CURVE('',#6397,#6451,#6477,.T.);
#6477 = SURFACE_CURVE('',#6478,(#6482,#6488),.PCURVE_S1.);
#6478 = LINE('',#6479,#6480);
#6479 = CARTESIAN_POINT('',(141.8,-159.5,-8.5));
#6480 = VECTOR('',#6481,1.);
#6481 = DIRECTION('',(0.,0.,1.));
#6482 = PCURVE('',#4793,#6483);
#6483 = DEFINITIONAL_REPRESENTATION('',(#6484),#6487);
#6484 = B_SPLINE_CURVE_WITH_KNOTS('',1,(#6485,#6486),.UNSPECIFIED.,.F.,
  .F.,(2,2),(1.,3.2),.PIECEWISE_BEZIER_KNOTS.);
#6485 = CARTESIAN_POINT('',(2.,-5.5));
#6486 = CARTESIAN_POINT('',(4.2,-5.5));
#6487 = ( GEOMETRIC_REPRESENTATION_CONTEXT(2) 
PARAMETRIC_REPRESENTATION_CONTEXT() REPRESENTATION_CONTEXT('2D SPACE',''
  ) );
#6488 = PCURVE('',#6489,#6494);
#6489 = PLANE('',#6490);
#6490 = AXIS2_PLACEMENT_3D('',#6491,#6492,#6493);
#6491 = CARTESIAN_POINT('',(140.6,-159.5,-7.5));
#6492 = DIRECTION('',(-0.,1.,0.));
#6493 = DIRECTION('',(0.,0.,1.));
#6494 = DEFINITIONAL_REPRESENTATION('',(#6495),#6498);
#6495 = B_SPLINE_CURVE_WITH_KNOTS('',1,(#6496,#6497),.UNSPECIFIED.,.F.,
  .F.,(2,2),(1.,3.2),.PIECEWISE_BEZIER_KNOTS.);
#6496 = CARTESIAN_POINT('',(0.,1.2));
#6497 = CARTESIAN_POINT('',(2.2,1.2));
#6498 = ( GEOMETRIC_REPRESENTATION_CONTEXT(2) 
PARAMETRIC_REPRESENTATION_CONTEXT() REPRESENTATION_CONTEXT('2D SPACE',''
  ) );
#6499 = ADVANCED_FACE('',(#6500),#4821,.T.);
#6500 = FACE_BOUND('',#6501,.T.);
#6501 = EDGE_LOOP('',(#6502,#6503,#6504,#6527));
#6502 = ORIENTED_EDGE('',*,*,#4805,.F.);
#6503 = ORIENTED_EDGE('',*,*,#6345,.T.);
#6504 = ORIENTED_EDGE('',*,*,#6505,.T.);
#6505 = EDGE_CURVE('',#6346,#6506,#6508,.T.);
#6506 = VERTEX_POINT('',#6507);
#6507 = CARTESIAN_POINT('',(144.2,-158.,-3.5));
#6508 = SURFACE_CURVE('',#6509,(#6513,#6520),.PCURVE_S1.);
#6509 = LINE('',#6510,#6511);
#6510 = CARTESIAN_POINT('',(141.8,-158.,-3.5));
#6511 = VECTOR('',#6512,1.);
#6512 = DIRECTION('',(1.,0.,-0.));
#6513 = PCURVE('',#4821,#6514);
#6514 = DEFINITIONAL_REPRESENTATION('',(#6515),#6519);
#6515 = LINE('',#6516,#6517);
#6516 = CARTESIAN_POINT('',(6.,0.));
#6517 = VECTOR('',#6518,1.);
#6518 = DIRECTION('',(0.,1.));
#6519 = ( GEOMETRIC_REPRESENTATION_CONTEXT(2) 
PARAMETRIC_REPRESENTATION_CONTEXT() REPRESENTATION_CONTEXT('2D SPACE',''
  ) );
#6520 = PCURVE('',#6382,#6521);
#6521 = DEFINITIONAL_REPRESENTATION('',(#6522),#6526);
#6522 = LINE('',#6523,#6524);
#6523 = CARTESIAN_POINT('',(0.,7.));
#6524 = VECTOR('',#6525,1.);
#6525 = DIRECTION('',(1.,0.));
#6526 = ( GEOMETRIC_REPRESENTATION_CONTEXT(2) 
PARAMETRIC_REPRESENTATION_CONTEXT() REPRESENTATION_CONTEXT('2D SPACE',''
  ) );
#6527 = ORIENTED_EDGE('',*,*,#6528,.F.);
#6528 = EDGE_CURVE('',#4806,#6506,#6529,.T.);
#6529 = SURFACE_CURVE('',#6530,(#6534,#6541),.PCURVE_S1.);
#6530 = LINE('',#6531,#6532);
#6531 = CARTESIAN_POINT('',(144.2,-158.,-9.5));
#6532 = VECTOR('',#6533,1.);
#6533 = DIRECTION('',(0.,0.,1.));
#6534 = PCURVE('',#4821,#6535);
#6535 = DEFINITIONAL_REPRESENTATION('',(#6536),#6540);
#6536 = LINE('',#6537,#6538);
#6537 = CARTESIAN_POINT('',(0.,2.4));
#6538 = VECTOR('',#6539,1.);
#6539 = DIRECTION('',(1.,0.));
#6540 = ( GEOMETRIC_REPRESENTATION_CONTEXT(2) 
PARAMETRIC_REPRESENTATION_CONTEXT() REPRESENTATION_CONTEXT('2D SPACE',''
  ) );
#6541 = PCURVE('',#4849,#6542);
#6542 = DEFINITIONAL_REPRESENTATION('',(#6543),#6547);
#6543 = LINE('',#6544,#6545);
#6544 = CARTESIAN_POINT('',(0.,-7.));
#6545 = VECTOR('',#6546,1.);
#6546 = DIRECTION('',(1.,0.));
#6547 = ( GEOMETRIC_REPRESENTATION_CONTEXT(2) 
PARAMETRIC_REPRESENTATION_CONTEXT() REPRESENTATION_CONTEXT('2D SPACE',''
  ) );
#6548 = ADVANCED_FACE('',(#6549),#4875,.F.);
#6549 = FACE_BOUND('',#6550,.F.);
#6550 = EDGE_LOOP('',(#6551,#6552,#6553,#6576));
#6551 = ORIENTED_EDGE('',*,*,#4861,.F.);
#6552 = ORIENTED_EDGE('',*,*,#6321,.T.);
#6553 = ORIENTED_EDGE('',*,*,#6554,.T.);
#6554 = EDGE_CURVE('',#6322,#6555,#6557,.T.);
#6555 = VERTEX_POINT('',#6556);
#6556 = CARTESIAN_POINT('',(144.2,-165.,-3.5));
#6557 = SURFACE_CURVE('',#6558,(#6562,#6569),.PCURVE_S1.);
#6558 = LINE('',#6559,#6560);
#6559 = CARTESIAN_POINT('',(141.8,-165.,-3.5));
#6560 = VECTOR('',#6561,1.);
#6561 = DIRECTION('',(1.,0.,-0.));
#6562 = PCURVE('',#4875,#6563);
#6563 = DEFINITIONAL_REPRESENTATION('',(#6564),#6568);
#6564 = LINE('',#6565,#6566);
#6565 = CARTESIAN_POINT('',(6.,0.));
#6566 = VECTOR('',#6567,1.);
#6567 = DIRECTION('',(0.,1.));
#6568 = ( GEOMETRIC_REPRESENTATION_CONTEXT(2) 
PARAMETRIC_REPRESENTATION_CONTEXT() REPRESENTATION_CONTEXT('2D SPACE',''
  ) );
#6569 = PCURVE('',#6382,#6570);
#6570 = DEFINITIONAL_REPRESENTATION('',(#6571),#6575);
#6571 = LINE('',#6572,#6573);
#6572 = CARTESIAN_POINT('',(0.,0.));
#6573 = VECTOR('',#6574,1.);
#6574 = DIRECTION('',(1.,0.));
#6575 = ( GEOMETRIC_REPRESENTATION_CONTEXT(2) 
PARAMETRIC_REPRESENTATION_CONTEXT() REPRESENTATION_CONTEXT('2D SPACE',''
  ) );
#6576 = ORIENTED_EDGE('',*,*,#6577,.F.);
#6577 = EDGE_CURVE('',#4834,#6555,#6578,.T.);
#6578 = SURFACE_CURVE('',#6579,(#6583,#6590),.PCURVE_S1.);
#6579 = LINE('',#6580,#6581);
#6580 = CARTESIAN_POINT('',(144.2,-165.,-9.5));
#6581 = VECTOR('',#6582,1.);
#6582 = DIRECTION('',(0.,0.,1.));
#6583 = PCURVE('',#4875,#6584);
#6584 = DEFINITIONAL_REPRESENTATION('',(#6585),#6589);
#6585 = LINE('',#6586,#6587);
#6586 = CARTESIAN_POINT('',(0.,2.4));
#6587 = VECTOR('',#6588,1.);
#6588 = DIRECTION('',(1.,0.));
#6589 = ( GEOMETRIC_REPRESENTATION_CONTEXT(2) 
PARAMETRIC_REPRESENTATION_CONTEXT() REPRESENTATION_CONTEXT('2D SPACE',''
  ) );
#6590 = PCURVE('',#4849,#6591);
#6591 = DEFINITIONAL_REPRESENTATION('',(#6592),#6596);
#6592 = LINE('',#6593,#6594);
#6593 = CARTESIAN_POINT('',(0.,0.));
#6594 = VECTOR('',#6595,1.);
#6595 = DIRECTION('',(1.,0.));
#6596 = ( GEOMETRIC_REPRESENTATION_CONTEXT(2) 
PARAMETRIC_REPRESENTATION_CONTEXT() REPRESENTATION_CONTEXT('2D SPACE',''
  ) );
#6597 = ADVANCED_FACE('',(#6598,#6624),#4849,.T.);
#6598 = FACE_BOUND('',#6599,.T.);
#6599 = EDGE_LOOP('',(#6600,#6601,#6602,#6603));
#6600 = ORIENTED_EDGE('',*,*,#6577,.F.);
#6601 = ORIENTED_EDGE('',*,*,#4833,.T.);
#6602 = ORIENTED_EDGE('',*,*,#6528,.T.);
#6603 = ORIENTED_EDGE('',*,*,#6604,.F.);
#6604 = EDGE_CURVE('',#6555,#6506,#6605,.T.);
#6605 = SURFACE_CURVE('',#6606,(#6610,#6617),.PCURVE_S1.);
#6606 = LINE('',#6607,#6608);
#6607 = CARTESIAN_POINT('',(144.2,-165.,-3.5));
#6608 = VECTOR('',#6609,1.);
#6609 = DIRECTION('',(-0.,1.,0.));
#6610 = PCURVE('',#4849,#6611);
#6611 = DEFINITIONAL_REPRESENTATION('',(#6612),#6616);
#6612 = LINE('',#6613,#6614);
#6613 = CARTESIAN_POINT('',(6.,0.));
#6614 = VECTOR('',#6615,1.);
#6615 = DIRECTION('',(0.,-1.));
#6616 = ( GEOMETRIC_REPRESENTATION_CONTEXT(2) 
PARAMETRIC_REPRESENTATION_CONTEXT() REPRESENTATION_CONTEXT('2D SPACE',''
  ) );
#6617 = PCURVE('',#6382,#6618);
#6618 = DEFINITIONAL_REPRESENTATION('',(#6619),#6623);
#6619 = LINE('',#6620,#6621);
#6620 = CARTESIAN_POINT('',(2.4,0.));
#6621 = VECTOR('',#6622,1.);
#6622 = DIRECTION('',(0.,1.));
#6623 = ( GEOMETRIC_REPRESENTATION_CONTEXT(2) 
PARAMETRIC_REPRESENTATION_CONTEXT() REPRESENTATION_CONTEXT('2D SPACE',''
  ) );
#6624 = FACE_BOUND('',#6625,.T.);
#6625 = EDGE_LOOP('',(#6626,#6649,#6670,#6691));
#6626 = ORIENTED_EDGE('',*,*,#6627,.T.);
#6627 = EDGE_CURVE('',#6628,#6630,#6632,.T.);
#6628 = VERTEX_POINT('',#6629);
#6629 = CARTESIAN_POINT('',(144.2,-159.5,-7.5));
#6630 = VERTEX_POINT('',#6631);
#6631 = CARTESIAN_POINT('',(144.2,-163.5,-7.5));
#6632 = SURFACE_CURVE('',#6633,(#6637,#6643),.PCURVE_S1.);
#6633 = LINE('',#6634,#6635);
#6634 = CARTESIAN_POINT('',(144.2,-164.25,-7.5));
#6635 = VECTOR('',#6636,1.);
#6636 = DIRECTION('',(0.,-1.,0.));
#6637 = PCURVE('',#4849,#6638);
#6638 = DEFINITIONAL_REPRESENTATION('',(#6639),#6642);
#6639 = B_SPLINE_CURVE_WITH_KNOTS('',1,(#6640,#6641),.UNSPECIFIED.,.F.,
  .F.,(2,2),(-4.75,-0.75),.PIECEWISE_BEZIER_KNOTS.);
#6640 = CARTESIAN_POINT('',(2.,-5.5));
#6641 = CARTESIAN_POINT('',(2.,-1.5));
#6642 = ( GEOMETRIC_REPRESENTATION_CONTEXT(2) 
PARAMETRIC_REPRESENTATION_CONTEXT() REPRESENTATION_CONTEXT('2D SPACE',''
  ) );
#6643 = PCURVE('',#6413,#6644);
#6644 = DEFINITIONAL_REPRESENTATION('',(#6645),#6648);
#6645 = B_SPLINE_CURVE_WITH_KNOTS('',1,(#6646,#6647),.UNSPECIFIED.,.F.,
  .F.,(2,2),(-4.75,-0.75),.PIECEWISE_BEZIER_KNOTS.);
#6646 = CARTESIAN_POINT('',(3.6,4.));
#6647 = CARTESIAN_POINT('',(3.6,0.));
#6648 = ( GEOMETRIC_REPRESENTATION_CONTEXT(2) 
PARAMETRIC_REPRESENTATION_CONTEXT() REPRESENTATION_CONTEXT('2D SPACE',''
  ) );
#6649 = ORIENTED_EDGE('',*,*,#6650,.T.);
#6650 = EDGE_CURVE('',#6630,#6651,#6653,.T.);
#6651 = VERTEX_POINT('',#6652);
#6652 = CARTESIAN_POINT('',(144.2,-163.5,-5.3));
#6653 = SURFACE_CURVE('',#6654,(#6658,#6664),.PCURVE_S1.);
#6654 = LINE('',#6655,#6656);
#6655 = CARTESIAN_POINT('',(144.2,-163.5,-8.5));
#6656 = VECTOR('',#6657,1.);
#6657 = DIRECTION('',(0.,0.,1.));
#6658 = PCURVE('',#4849,#6659);
#6659 = DEFINITIONAL_REPRESENTATION('',(#6660),#6663);
#6660 = B_SPLINE_CURVE_WITH_KNOTS('',1,(#6661,#6662),.UNSPECIFIED.,.F.,
  .F.,(2,2),(1.,3.2),.PIECEWISE_BEZIER_KNOTS.);
#6661 = CARTESIAN_POINT('',(2.,-1.5));
#6662 = CARTESIAN_POINT('',(4.2,-1.5));
#6663 = ( GEOMETRIC_REPRESENTATION_CONTEXT(2) 
PARAMETRIC_REPRESENTATION_CONTEXT() REPRESENTATION_CONTEXT('2D SPACE',''
  ) );
#6664 = PCURVE('',#6439,#6665);
#6665 = DEFINITIONAL_REPRESENTATION('',(#6666),#6669);
#6666 = B_SPLINE_CURVE_WITH_KNOTS('',1,(#6667,#6668),.UNSPECIFIED.,.F.,
  .F.,(2,2),(1.,3.2),.PIECEWISE_BEZIER_KNOTS.);
#6667 = CARTESIAN_POINT('',(0.,3.6));
#6668 = CARTESIAN_POINT('',(2.2,3.6));
#6669 = ( GEOMETRIC_REPRESENTATION_CONTEXT(2) 
PARAMETRIC_REPRESENTATION_CONTEXT() REPRESENTATION_CONTEXT('2D SPACE',''
  ) );
#6670 = ORIENTED_EDGE('',*,*,#6671,.F.);
#6671 = EDGE_CURVE('',#6672,#6651,#6674,.T.);
#6672 = VERTEX_POINT('',#6673);
#6673 = CARTESIAN_POINT('',(144.2,-159.5,-5.3));
#6674 = SURFACE_CURVE('',#6675,(#6679,#6685),.PCURVE_S1.);
#6675 = LINE('',#6676,#6677);
#6676 = CARTESIAN_POINT('',(144.2,-164.25,-5.3));
#6677 = VECTOR('',#6678,1.);
#6678 = DIRECTION('',(0.,-1.,0.));
#6679 = PCURVE('',#4849,#6680);
#6680 = DEFINITIONAL_REPRESENTATION('',(#6681),#6684);
#6681 = B_SPLINE_CURVE_WITH_KNOTS('',1,(#6682,#6683),.UNSPECIFIED.,.F.,
  .F.,(2,2),(-4.75,-0.75),.PIECEWISE_BEZIER_KNOTS.);
#6682 = CARTESIAN_POINT('',(4.2,-5.5));
#6683 = CARTESIAN_POINT('',(4.2,-1.5));
#6684 = ( GEOMETRIC_REPRESENTATION_CONTEXT(2) 
PARAMETRIC_REPRESENTATION_CONTEXT() REPRESENTATION_CONTEXT('2D SPACE',''
  ) );
#6685 = PCURVE('',#6465,#6686);
#6686 = DEFINITIONAL_REPRESENTATION('',(#6687),#6690);
#6687 = B_SPLINE_CURVE_WITH_KNOTS('',1,(#6688,#6689),.UNSPECIFIED.,.F.,
  .F.,(2,2),(-4.75,-0.75),.PIECEWISE_BEZIER_KNOTS.);
#6688 = CARTESIAN_POINT('',(3.6,4.));
#6689 = CARTESIAN_POINT('',(3.6,0.));
#6690 = ( GEOMETRIC_REPRESENTATION_CONTEXT(2) 
PARAMETRIC_REPRESENTATION_CONTEXT() REPRESENTATION_CONTEXT('2D SPACE',''
  ) );
#6691 = ORIENTED_EDGE('',*,*,#6692,.F.);
#6692 = EDGE_CURVE('',#6628,#6672,#6693,.T.);
#6693 = SURFACE_CURVE('',#6694,(#6698,#6704),.PCURVE_S1.);
#6694 = LINE('',#6695,#6696);
#6695 = CARTESIAN_POINT('',(144.2,-159.5,-8.5));
#6696 = VECTOR('',#6697,1.);
#6697 = DIRECTION('',(0.,0.,1.));
#6698 = PCURVE('',#4849,#6699);
#6699 = DEFINITIONAL_REPRESENTATION('',(#6700),#6703);
#6700 = B_SPLINE_CURVE_WITH_KNOTS('',1,(#6701,#6702),.UNSPECIFIED.,.F.,
  .F.,(2,2),(1.,3.2),.PIECEWISE_BEZIER_KNOTS.);
#6701 = CARTESIAN_POINT('',(2.,-5.5));
#6702 = CARTESIAN_POINT('',(4.2,-5.5));
#6703 = ( GEOMETRIC_REPRESENTATION_CONTEXT(2) 
PARAMETRIC_REPRESENTATION_CONTEXT() REPRESENTATION_CONTEXT('2D SPACE',''
  ) );
#6704 = PCURVE('',#6489,#6705);
#6705 = DEFINITIONAL_REPRESENTATION('',(#6706),#6709);
#6706 = B_SPLINE_CURVE_WITH_KNOTS('',1,(#6707,#6708),.UNSPECIFIED.,.F.,
  .F.,(2,2),(1.,3.2),.PIECEWISE_BEZIER_KNOTS.);
#6707 = CARTESIAN_POINT('',(0.,3.6));
#6708 = CARTESIAN_POINT('',(2.2,3.6));
#6709 = ( GEOMETRIC_REPRESENTATION_CONTEXT(2) 
PARAMETRIC_REPRESENTATION_CONTEXT() REPRESENTATION_CONTEXT('2D SPACE',''
  ) );
#6710 = ADVANCED_FACE('',(#6711),#4906,.T.);
#6711 = FACE_BOUND('',#6712,.T.);
#6712 = EDGE_LOOP('',(#6713,#6742,#6763,#6764));
#6713 = ORIENTED_EDGE('',*,*,#6714,.F.);
#6714 = EDGE_CURVE('',#6715,#6715,#6717,.T.);
#6715 = VERTEX_POINT('',#6716);
#6716 = CARTESIAN_POINT('',(95.71,-117.47,0.));
#6717 = SURFACE_CURVE('',#6718,(#6723,#6730),.PCURVE_S1.);
#6718 = CIRCLE('',#6719,3.);
#6719 = AXIS2_PLACEMENT_3D('',#6720,#6721,#6722);
#6720 = CARTESIAN_POINT('',(92.71,-117.47,0.));
#6721 = DIRECTION('',(0.,0.,1.));
#6722 = DIRECTION('',(1.,0.,-0.));
#6723 = PCURVE('',#4906,#6724);
#6724 = DEFINITIONAL_REPRESENTATION('',(#6725),#6729);
#6725 = LINE('',#6726,#6727);
#6726 = CARTESIAN_POINT('',(0.,9.5));
#6727 = VECTOR('',#6728,1.);
#6728 = DIRECTION('',(1.,0.));
#6729 = ( GEOMETRIC_REPRESENTATION_CONTEXT(2) 
PARAMETRIC_REPRESENTATION_CONTEXT() REPRESENTATION_CONTEXT('2D SPACE',''
  ) );
#6730 = PCURVE('',#6731,#6736);
#6731 = PLANE('',#6732);
#6732 = AXIS2_PLACEMENT_3D('',#6733,#6734,#6735);
#6733 = CARTESIAN_POINT('',(92.71,-117.47,0.));
#6734 = DIRECTION('',(0.,0.,1.));
#6735 = DIRECTION('',(1.,0.,-0.));
#6736 = DEFINITIONAL_REPRESENTATION('',(#6737),#6741);
#6737 = CIRCLE('',#6738,3.);
#6738 = AXIS2_PLACEMENT_2D('',#6739,#6740);
#6739 = CARTESIAN_POINT('',(0.,0.));
#6740 = DIRECTION('',(1.,0.));
#6741 = ( GEOMETRIC_REPRESENTATION_CONTEXT(2) 
PARAMETRIC_REPRESENTATION_CONTEXT() REPRESENTATION_CONTEXT('2D SPACE',''
  ) );
#6742 = ORIENTED_EDGE('',*,*,#6743,.F.);
#6743 = EDGE_CURVE('',#4890,#6715,#6744,.T.);
#6744 = SEAM_CURVE('',#6745,(#6749,#6756),.PCURVE_S1.);
#6745 = LINE('',#6746,#6747);
#6746 = CARTESIAN_POINT('',(95.71,-117.47,-9.5));
#6747 = VECTOR('',#6748,1.);
#6748 = DIRECTION('',(0.,0.,1.));
#6749 = PCURVE('',#4906,#6750);
#6750 = DEFINITIONAL_REPRESENTATION('',(#6751),#6755);
#6751 = LINE('',#6752,#6753);
#6752 = CARTESIAN_POINT('',(6.28318530718,-0.));
#6753 = VECTOR('',#6754,1.);
#6754 = DIRECTION('',(0.,1.));
#6755 = ( GEOMETRIC_REPRESENTATION_CONTEXT(2) 
PARAMETRIC_REPRESENTATION_CONTEXT() REPRESENTATION_CONTEXT('2D SPACE',''
  ) );
#6756 = PCURVE('',#4906,#6757);
#6757 = DEFINITIONAL_REPRESENTATION('',(#6758),#6762);
#6758 = LINE('',#6759,#6760);
#6759 = CARTESIAN_POINT('',(0.,-0.));
#6760 = VECTOR('',#6761,1.);
#6761 = DIRECTION('',(0.,1.));
#6762 = ( GEOMETRIC_REPRESENTATION_CONTEXT(2) 
PARAMETRIC_REPRESENTATION_CONTEXT() REPRESENTATION_CONTEXT('2D SPACE',''
  ) );
#6763 = ORIENTED_EDGE('',*,*,#4889,.T.);
#6764 = ORIENTED_EDGE('',*,*,#6743,.T.);
#6765 = ADVANCED_FACE('',(#6766),#4937,.T.);
#6766 = FACE_BOUND('',#6767,.T.);
#6767 = EDGE_LOOP('',(#6768,#6797,#6818,#6819));
#6768 = ORIENTED_EDGE('',*,*,#6769,.F.);
#6769 = EDGE_CURVE('',#6770,#6770,#6772,.T.);
#6770 = VERTEX_POINT('',#6771);
#6771 = CARTESIAN_POINT('',(127.,-147.,-3.5));
#6772 = SURFACE_CURVE('',#6773,(#6778,#6785),.PCURVE_S1.);
#6773 = CIRCLE('',#6774,3.5);
#6774 = AXIS2_PLACEMENT_3D('',#6775,#6776,#6777);
#6775 = CARTESIAN_POINT('',(123.5,-147.,-3.5));
#6776 = DIRECTION('',(0.,0.,1.));
#6777 = DIRECTION('',(1.,0.,-0.));
#6778 = PCURVE('',#4937,#6779);
#6779 = DEFINITIONAL_REPRESENTATION('',(#6780),#6784);
#6780 = LINE('',#6781,#6782);
#6781 = CARTESIAN_POINT('',(-0.,-6.));
#6782 = VECTOR('',#6783,1.);
#6783 = DIRECTION('',(-1.,-0.));
#6784 = ( GEOMETRIC_REPRESENTATION_CONTEXT(2) 
PARAMETRIC_REPRESENTATION_CONTEXT() REPRESENTATION_CONTEXT('2D SPACE',''
  ) );
#6785 = PCURVE('',#6786,#6791);
#6786 = CYLINDRICAL_SURFACE('',#6787,3.5);
#6787 = AXIS2_PLACEMENT_3D('',#6788,#6789,#6790);
#6788 = CARTESIAN_POINT('',(123.5,-147.,-9.5));
#6789 = DIRECTION('',(0.,0.,1.));
#6790 = DIRECTION('',(1.,0.,-0.));
#6791 = DEFINITIONAL_REPRESENTATION('',(#6792),#6796);
#6792 = LINE('',#6793,#6794);
#6793 = CARTESIAN_POINT('',(0.,6.));
#6794 = VECTOR('',#6795,1.);
#6795 = DIRECTION('',(1.,0.));
#6796 = ( GEOMETRIC_REPRESENTATION_CONTEXT(2) 
PARAMETRIC_REPRESENTATION_CONTEXT() REPRESENTATION_CONTEXT('2D SPACE',''
  ) );
#6797 = ORIENTED_EDGE('',*,*,#6798,.F.);
#6798 = EDGE_CURVE('',#4921,#6770,#6799,.T.);
#6799 = SEAM_CURVE('',#6800,(#6804,#6811),.PCURVE_S1.);
#6800 = LINE('',#6801,#6802);
#6801 = CARTESIAN_POINT('',(130.,-147.,-9.5));
#6802 = VECTOR('',#6803,1.);
#6803 = DIRECTION('',(-0.4472135955,1.095357396528E-16,0.894427191));
#6804 = PCURVE('',#4937,#6805);
#6805 = DEFINITIONAL_REPRESENTATION('',(#6806),#6810);
#6806 = LINE('',#6807,#6808);
#6807 = CARTESIAN_POINT('',(-6.28318530718,0.));
#6808 = VECTOR('',#6809,1.);
#6809 = DIRECTION('',(-0.,-1.));
#6810 = ( GEOMETRIC_REPRESENTATION_CONTEXT(2) 
PARAMETRIC_REPRESENTATION_CONTEXT() REPRESENTATION_CONTEXT('2D SPACE',''
  ) );
#6811 = PCURVE('',#4937,#6812);
#6812 = DEFINITIONAL_REPRESENTATION('',(#6813),#6817);
#6813 = LINE('',#6814,#6815);
#6814 = CARTESIAN_POINT('',(0.,-0.));
#6815 = VECTOR('',#6816,1.);
#6816 = DIRECTION('',(-0.,-1.));
#6817 = ( GEOMETRIC_REPRESENTATION_CONTEXT(2) 
PARAMETRIC_REPRESENTATION_CONTEXT() REPRESENTATION_CONTEXT('2D SPACE',''
  ) );
#6818 = ORIENTED_EDGE('',*,*,#4920,.T.);
#6819 = ORIENTED_EDGE('',*,*,#6798,.T.);
#6820 = ADVANCED_FACE('',(#6821),#4970,.T.);
#6821 = FACE_BOUND('',#6822,.T.);
#6822 = EDGE_LOOP('',(#6823,#6848,#6875,#6876,#7041,#7042));
#6823 = ORIENTED_EDGE('',*,*,#6824,.T.);
#6824 = EDGE_CURVE('',#6825,#6827,#6829,.T.);
#6825 = VERTEX_POINT('',#6826);
#6826 = CARTESIAN_POINT('',(118.57,-117.47,-5.423183288491));
#6827 = VERTEX_POINT('',#6828);
#6828 = CARTESIAN_POINT('',(118.57,-117.47,0.));
#6829 = SEAM_CURVE('',#6830,(#6834,#6841),.PCURVE_S1.);
#6830 = LINE('',#6831,#6832);
#6831 = CARTESIAN_POINT('',(118.57,-117.47,-9.5));
#6832 = VECTOR('',#6833,1.);
#6833 = DIRECTION('',(0.,0.,1.));
#6834 = PCURVE('',#4970,#6835);
#6835 = DEFINITIONAL_REPRESENTATION('',(#6836),#6840);
#6836 = LINE('',#6837,#6838);
#6837 = CARTESIAN_POINT('',(6.28318530718,-0.));
#6838 = VECTOR('',#6839,1.);
#6839 = DIRECTION('',(0.,1.));
#6840 = ( GEOMETRIC_REPRESENTATION_CONTEXT(2) 
PARAMETRIC_REPRESENTATION_CONTEXT() REPRESENTATION_CONTEXT('2D SPACE',''
  ) );
#6841 = PCURVE('',#4970,#6842);
#6842 = DEFINITIONAL_REPRESENTATION('',(#6843),#6847);
#6843 = LINE('',#6844,#6845);
#6844 = CARTESIAN_POINT('',(0.,-0.));
#6845 = VECTOR('',#6846,1.);
#6846 = DIRECTION('',(0.,1.));
#6847 = ( GEOMETRIC_REPRESENTATION_CONTEXT(2) 
PARAMETRIC_REPRESENTATION_CONTEXT() REPRESENTATION_CONTEXT('2D SPACE',''
  ) );
#6848 = ORIENTED_EDGE('',*,*,#6849,.F.);
#6849 = EDGE_CURVE('',#6827,#6827,#6850,.T.);
#6850 = SURFACE_CURVE('',#6851,(#6856,#6863),.PCURVE_S1.);
#6851 = CIRCLE('',#6852,3.);
#6852 = AXIS2_PLACEMENT_3D('',#6853,#6854,#6855);
#6853 = CARTESIAN_POINT('',(115.57,-117.47,0.));
#6854 = DIRECTION('',(0.,0.,1.));
#6855 = DIRECTION('',(1.,0.,-0.));
#6856 = PCURVE('',#4970,#6857);
#6857 = DEFINITIONAL_REPRESENTATION('',(#6858),#6862);
#6858 = LINE('',#6859,#6860);
#6859 = CARTESIAN_POINT('',(0.,9.5));
#6860 = VECTOR('',#6861,1.);
#6861 = DIRECTION('',(1.,0.));
#6862 = ( GEOMETRIC_REPRESENTATION_CONTEXT(2) 
PARAMETRIC_REPRESENTATION_CONTEXT() REPRESENTATION_CONTEXT('2D SPACE',''
  ) );
#6863 = PCURVE('',#6864,#6869);
#6864 = PLANE('',#6865);
#6865 = AXIS2_PLACEMENT_3D('',#6866,#6867,#6868);
#6866 = CARTESIAN_POINT('',(115.57,-117.47,0.));
#6867 = DIRECTION('',(0.,0.,1.));
#6868 = DIRECTION('',(1.,0.,-0.));
#6869 = DEFINITIONAL_REPRESENTATION('',(#6870),#6874);
#6870 = CIRCLE('',#6871,3.);
#6871 = AXIS2_PLACEMENT_2D('',#6872,#6873);
#6872 = CARTESIAN_POINT('',(0.,0.));
#6873 = DIRECTION('',(1.,0.));
#6874 = ( GEOMETRIC_REPRESENTATION_CONTEXT(2) 
PARAMETRIC_REPRESENTATION_CONTEXT() REPRESENTATION_CONTEXT('2D SPACE',''
  ) );
#6875 = ORIENTED_EDGE('',*,*,#6824,.F.);
#6876 = ORIENTED_EDGE('',*,*,#6877,.T.);
#6877 = EDGE_CURVE('',#6825,#4952,#6878,.T.);
#6878 = SURFACE_CURVE('',#6879,(#6931,#6986),.PCURVE_S1.);
#6879 = B_SPLINE_CURVE_WITH_KNOTS('',8,(#6880,#6881,#6882,#6883,#6884,
    #6885,#6886,#6887,#6888,#6889,#6890,#6891,#6892,#6893,#6894,#6895,
    #6896,#6897,#6898,#6899,#6900,#6901,#6902,#6903,#6904,#6905,#6906,
    #6907,#6908,#6909,#6910,#6911,#6912,#6913,#6914,#6915,#6916,#6917,
    #6918,#6919,#6920,#6921,#6922,#6923,#6924,#6925,#6926,#6927,#6928,
    #6929,#6930),.UNSPECIFIED.,.F.,.F.,(9,7,7,7,7,7,7,9),(0.,
    5.23495466578E-02,0.103198388306,0.244824239605,0.405555749838,
    0.590907821744,0.878381668027,1.),.UNSPECIFIED.);
#6880 = CARTESIAN_POINT('',(118.57,-117.47,-5.423183288489));
#6881 = CARTESIAN_POINT('',(118.57,-117.424147911,-5.434076982515));
#6882 = CARTESIAN_POINT('',(118.56919896599,-117.3799784803,
    -5.447223699722));
#6883 = CARTESIAN_POINT('',(118.56770024411,-117.3375115691,
    -5.462263387946));
#6884 = CARTESIAN_POINT('',(118.56560143683,-117.2967168455,
    -5.478866969725));
#6885 = CARTESIAN_POINT('',(118.5629894949,-117.257528355,
    -5.496750889235));
#6886 = CARTESIAN_POINT('',(118.55993755028,-117.2198538457,
    -5.515686056801));
#6887 = CARTESIAN_POINT('',(118.55650348975,-117.1835788459,
    -5.535501190978));
#6888 = CARTESIAN_POINT('',(118.54906521608,-117.114555876,
    -5.576069976515));
#6889 = CARTESIAN_POINT('',(118.54508227744,-117.0817563708,
    -5.596768911888));
#6890 = CARTESIAN_POINT('',(118.54082250778,-117.050051816,
    -5.618063329566));
#6891 = CARTESIAN_POINT('',(118.53631881012,-117.0193493949,
    -5.639862013433));
#6892 = CARTESIAN_POINT('',(118.53159788614,-116.9895696496,
    -5.662092010635));
#6893 = CARTESIAN_POINT('',(118.52668151676,-116.9606404015,
    -5.684695580684));
#6894 = CARTESIAN_POINT('',(118.52158717337,-116.9324935864,
    -5.707628649076));
#6895 = CARTESIAN_POINT('',(118.5016798265,-116.8286700089,
    -5.795567613153));
#6896 = CARTESIAN_POINT('',(118.48577398443,-116.7579552936,
    -5.862500875639));
#6897 = CARTESIAN_POINT('',(118.468906333,-116.691530139,-5.930964905539
    ));
#6898 = CARTESIAN_POINT('',(118.45123497205,-116.6287324638,
    -6.000568236649));
#6899 = CARTESIAN_POINT('',(118.4328851162,-116.5689984526,
    -6.071015252784));
#6900 = CARTESIAN_POINT('',(118.41393362979,-116.5119391463,
    -6.142134163386));
#6901 = CARTESIAN_POINT('',(118.39443228945,-116.4572005841,
    -6.213826972762));
#6902 = CARTESIAN_POINT('',(118.35167016496,-116.3446522858,
    -6.368075970605));
#6903 = CARTESIAN_POINT('',(118.32828316217,-116.2874921486,
    -6.450699162425));
#6904 = CARTESIAN_POINT('',(118.30430254409,-116.2326203472,
    -6.533823255352));
#6905 = CARTESIAN_POINT('',(118.27977190662,-116.1797736193,
    -6.617358320785));
#6906 = CARTESIAN_POINT('',(118.25472483462,-116.1287478357,
    -6.701235933912));
#6907 = CARTESIAN_POINT('',(118.22918759537,-116.0793757555,
    -6.785404364807));
#6908 = CARTESIAN_POINT('',(118.20317973145,-116.0315205715,
    -6.869827179317));
#6909 = CARTESIAN_POINT('',(118.14619737432,-115.9314914805,
    -7.052100925126));
#6910 = CARTESIAN_POINT('',(118.11507569792,-115.8797847672,
    -7.150017150898));
#6911 = CARTESIAN_POINT('',(118.08337523951,-115.8297686412,
    -7.248183113909));
#6912 = CARTESIAN_POINT('',(118.05111556704,-115.7813082014,
    -7.346562165754));
#6913 = CARTESIAN_POINT('',(118.01831242808,-115.7342958315,
    -7.445124900872));
#6914 = CARTESIAN_POINT('',(117.98497872149,-115.6886421243,
    -7.543847637923));
#6915 = CARTESIAN_POINT('',(117.95112499021,-115.6442708455,
    -7.642711583523));
#6916 = CARTESIAN_POINT('',(117.86345979737,-115.5341894643,
    -7.895234011892));
#6917 = CARTESIAN_POINT('',(117.80893125389,-115.4701940584,
    -8.049064729597));
#6918 = CARTESIAN_POINT('',(117.7532061022,-115.4088936254,
    -8.203138033506));
#6919 = CARTESIAN_POINT('',(117.6963092982,-115.3501161476,
    -8.357408880035));
#6920 = CARTESIAN_POINT('',(117.63826062324,-115.2937334845,
    -8.511841097736));
#6921 = CARTESIAN_POINT('',(117.57907608681,-115.239646333,
    -8.666405437752));
#6922 = CARTESIAN_POINT('',(117.51876856452,-115.1877763514,
    -8.821078556968));
#6923 = CARTESIAN_POINT('',(117.43136302417,-115.1170348107,
    -9.041317360872));
#6924 = CARTESIAN_POINT('',(117.40517930511,-115.0963906751,
    -9.106807631722));
#6925 = CARTESIAN_POINT('',(117.3787973354,-115.0761287406,
    -9.172312196508));
#6926 = CARTESIAN_POINT('',(117.35221788678,-115.0562452021,
    -9.237829582717));
#6927 = CARTESIAN_POINT('',(117.3254416818,-115.036736747,-9.30335839522
    ));
#6928 = CARTESIAN_POINT('',(117.29846939382,-115.0176005557,
    -9.368897316274));
#6929 = CARTESIAN_POINT('',(117.27130164701,-114.998834301,
    -9.434445105524));
#6930 = CARTESIAN_POINT('',(117.24393901631,-114.9804361487,-9.5000006)
  );
#6931 = PCURVE('',#4970,#6932);
#6932 = DEFINITIONAL_REPRESENTATION('',(#6933),#6985);
#6933 = B_SPLINE_CURVE_WITH_KNOTS('',8,(#6934,#6935,#6936,#6937,#6938,
    #6939,#6940,#6941,#6942,#6943,#6944,#6945,#6946,#6947,#6948,#6949,
    #6950,#6951,#6952,#6953,#6954,#6955,#6956,#6957,#6958,#6959,#6960,
    #6961,#6962,#6963,#6964,#6965,#6966,#6967,#6968,#6969,#6970,#6971,
    #6972,#6973,#6974,#6975,#6976,#6977,#6978,#6979,#6980,#6981,#6982,
    #6983,#6984),.UNSPECIFIED.,.F.,.F.,(9,7,7,7,7,7,7,9),(0.,
    5.23495466578E-02,0.103198388306,0.244824239605,0.405555749838,
    0.590907821744,0.878381668027,1.),.UNSPECIFIED.);
#6934 = CARTESIAN_POINT('',(0.,4.07681671151));
#6935 = CARTESIAN_POINT('',(1.52840296348E-02,4.065923017485));
#6936 = CARTESIAN_POINT('',(3.000716792023E-02,4.052776300278));
#6937 = CARTESIAN_POINT('',(4.416825827825E-02,4.037736612054));
#6938 = CARTESIAN_POINT('',(5.778113357814E-02,4.021133030275));
#6939 = CARTESIAN_POINT('',(7.087015771874E-02,4.003249110765));
#6940 = CARTESIAN_POINT('',(8.346751020721E-02,3.984313943199));
#6941 = CARTESIAN_POINT('',(9.561221373421E-02,3.964498809022));
#6942 = CARTESIAN_POINT('',(0.118753082577,3.923930023485));
#6943 = CARTESIAN_POINT('',(0.129765565587,3.903231088112));
#6944 = CARTESIAN_POINT('',(0.140427305057,3.881936670434));
#6945 = CARTESIAN_POINT('',(0.150769514118,3.860137986567));
#6946 = CARTESIAN_POINT('',(0.160818777263,3.837907989365));
#6947 = CARTESIAN_POINT('',(0.170599165822,3.815304419316));
#6948 = CARTESIAN_POINT('',(0.180133359369,3.792371350924));
#6949 = CARTESIAN_POINT('',(0.215371655614,3.704432386847));
#6950 = CARTESIAN_POINT('',(0.239519944679,3.637499124361));
#6951 = CARTESIAN_POINT('',(0.26235081933,3.569035094461));
#6952 = CARTESIAN_POINT('',(0.284082741403,3.499431763351));
#6953 = CARTESIAN_POINT('',(0.304901503178,3.428984747216));
#6954 = CARTESIAN_POINT('',(0.32493491449,3.357865836614));
#6955 = CARTESIAN_POINT('',(0.344300260427,3.286173027238));
#6956 = CARTESIAN_POINT('',(0.384432982934,3.131924029395));
#6957 = CARTESIAN_POINT('',(0.405012907267,3.049300837575));
#6958 = CARTESIAN_POINT('',(0.424964838794,2.966176744648));
#6959 = CARTESIAN_POINT('',(0.444376130802,2.882641679215));
#6960 = CARTESIAN_POINT('',(0.463314759256,2.798764066088));
#6961 = CARTESIAN_POINT('',(0.481836753207,2.714595635193));
#6962 = CARTESIAN_POINT('',(0.499988398748,2.630172820683));
#6963 = CARTESIAN_POINT('',(0.538362012447,2.447899074874));
#6964 = CARTESIAN_POINT('',(0.558472951595,2.349982849102));
#6965 = CARTESIAN_POINT('',(0.57820293,2.251816886091));
#6966 = CARTESIAN_POINT('',(0.59759870707,2.153437834246));
#6967 = CARTESIAN_POINT('',(0.616698268106,2.054875099128));
#6968 = CARTESIAN_POINT('',(0.635533834169,1.956152362077));
#6969 = CARTESIAN_POINT('',(0.654133549208,1.857288416477));
#6970 = CARTESIAN_POINT('',(0.701041374333,1.604765988108));
#6971 = CARTESIAN_POINT('',(0.729051311832,1.450935270403));
#6972 = CARTESIAN_POINT('',(0.756642274819,1.296861966494));
#6973 = CARTESIAN_POINT('',(0.783884181894,1.142591119965));
#6974 = CARTESIAN_POINT('',(0.810833576417,0.988158902264));
#6975 = CARTESIAN_POINT('',(0.83753865551,0.833594562248));
#6976 = CARTESIAN_POINT('',(0.864042004028,0.678921443032));
#6977 = CARTESIAN_POINT('',(0.901523990897,0.458682639128));
#6978 = CARTESIAN_POINT('',(0.912637486541,0.393192368278));
#6979 = CARTESIAN_POINT('',(0.923724299082,0.327687803492));
#6980 = CARTESIAN_POINT('',(0.934787088806,0.262170417283));
#6981 = CARTESIAN_POINT('',(0.945828397604,0.19664160478));
#6982 = CARTESIAN_POINT('',(0.95685064898,0.131102683726));
#6983 = CARTESIAN_POINT('',(0.967856148049,6.555489447573E-02));
#6984 = CARTESIAN_POINT('',(0.978847081537,-6.E-07));
#6985 = ( GEOMETRIC_REPRESENTATION_CONTEXT(2) 
PARAMETRIC_REPRESENTATION_CONTEXT() REPRESENTATION_CONTEXT('2D SPACE',''
  ) );
#6986 = PCURVE('',#4999,#6987);
#6987 = DEFINITIONAL_REPRESENTATION('',(#6988),#7040);
#6988 = B_SPLINE_CURVE_WITH_KNOTS('',8,(#6989,#6990,#6991,#6992,#6993,
    #6994,#6995,#6996,#6997,#6998,#6999,#7000,#7001,#7002,#7003,#7004,
    #7005,#7006,#7007,#7008,#7009,#7010,#7011,#7012,#7013,#7014,#7015,
    #7016,#7017,#7018,#7019,#7020,#7021,#7022,#7023,#7024,#7025,#7026,
    #7027,#7028,#7029,#7030,#7031,#7032,#7033,#7034,#7035,#7036,#7037,
    #7038,#7039),.UNSPECIFIED.,.F.,.F.,(9,7,7,7,7,7,7,9),(0.,
    5.23495466578E-02,0.103198388306,0.244824239605,0.405555749838,
    0.590907821744,0.878381668027,1.),.UNSPECIFIED.);
#6989 = CARTESIAN_POINT('',(-3.022519789511,-4.07681671151));
#6990 = CARTESIAN_POINT('',(-3.012315489566,-4.065923017485));
#6991 = CARTESIAN_POINT('',(-3.002535455547,-4.052776300277));
#6992 = CARTESIAN_POINT('',(-2.993188010699,-4.037736612054));
#6993 = CARTESIAN_POINT('',(-2.984267007877,-4.021133030275));
#6994 = CARTESIAN_POINT('',(-2.975756293956,-4.003249110764));
#6995 = CARTESIAN_POINT('',(-2.967632837154,-3.984313943198));
#6996 = CARTESIAN_POINT('',(-2.959868517279,-3.964498809021));
#6997 = CARTESIAN_POINT('',(-2.945205863969,-3.923930023485));
#6998 = CARTESIAN_POINT('',(-2.938293283015,-3.903231088112));
#6999 = CARTESIAN_POINT('',(-2.931665082011,-3.881936670434));
#7000 = CARTESIAN_POINT('',(-2.92529843715,-3.860137986567));
#7001 = CARTESIAN_POINT('',(-2.919173568104,-3.837907989365));
#7002 = CARTESIAN_POINT('',(-2.913272482898,-3.815304419316));
#7003 = CARTESIAN_POINT('',(-2.907578354398,-3.792371350924));
#7004 = CARTESIAN_POINT('',(-2.886748878088,-3.704432386847));
#7005 = CARTESIAN_POINT('',(-2.872928021929,-3.637499124361));
#7006 = CARTESIAN_POINT('',(-2.86027214497,-3.569035094459));
#7007 = CARTESIAN_POINT('',(-2.848608829863,-3.499431763354));
#7008 = CARTESIAN_POINT('',(-2.837791105365,-3.428984747214));
#7009 = CARTESIAN_POINT('',(-2.827715435173,-3.357865836615));
#7010 = CARTESIAN_POINT('',(-2.81829009627,-3.286173027238));
#7011 = CARTESIAN_POINT('',(-2.799395324621,-3.131924029395));
#7012 = CARTESIAN_POINT('',(-2.790102810516,-3.049300837575));
#7013 = CARTESIAN_POINT('',(-2.781460177117,-2.966176744648));
#7014 = CARTESIAN_POINT('',(-2.773394424378,-2.882641679214));
#7015 = CARTESIAN_POINT('',(-2.765847605076,-2.798764066088));
#7016 = CARTESIAN_POINT('',(-2.758771551928,-2.714595635192));
#7017 = CARTESIAN_POINT('',(-2.752126299736,-2.630172820683));
#7018 = CARTESIAN_POINT('',(-2.738671006796,-2.447899074874));
#7019 = CARTESIAN_POINT('',(-2.731992432695,-2.349982849102));
#7020 = CARTESIAN_POINT('',(-2.725789330762,-2.25181688609));
#7021 = CARTESIAN_POINT('',(-2.720019991421,-2.153437834246));
#7022 = CARTESIAN_POINT('',(-2.714649982536,-2.054875099127));
#7023 = CARTESIAN_POINT('',(-2.709649903816,-1.956152362076));
#7024 = CARTESIAN_POINT('',(-2.70499411701,-1.857288416476));
#7025 = CARTESIAN_POINT('',(-2.693939105994,-1.604765988108));
#7026 = CARTESIAN_POINT('',(-2.68799277792,-1.450935270403));
#7027 = CARTESIAN_POINT('',(-2.682738710697,-1.296861966494));
#7028 = CARTESIAN_POINT('',(-2.678112286302,-1.142591119965));
#7029 = CARTESIAN_POINT('',(-2.67406125577,-0.988158902264));
#7030 = CARTESIAN_POINT('',(-2.670541767454,-0.833594562248));
#7031 = CARTESIAN_POINT('',(-2.667516193434,-0.678921443031));
#7032 = CARTESIAN_POINT('',(-2.663868268536,-0.458682639128));
#7033 = CARTESIAN_POINT('',(-2.662866480229,-0.393192368278));
#7034 = CARTESIAN_POINT('',(-2.661944998534,-0.327687803492));
#7035 = CARTESIAN_POINT('',(-2.661101571617,-0.262170417283));
#7036 = CARTESIAN_POINT('',(-2.660334086408,-0.19664160478));
#7037 = CARTESIAN_POINT('',(-2.6596405686,-0.131102683726));
#7038 = CARTESIAN_POINT('',(-2.65901918265,-6.555489447556E-02));
#7039 = CARTESIAN_POINT('',(-2.658468231775,6.000001757656E-07));
#7040 = ( GEOMETRIC_REPRESENTATION_CONTEXT(2) 
PARAMETRIC_REPRESENTATION_CONTEXT() REPRESENTATION_CONTEXT('2D SPACE',''
  ) );
#7041 = ORIENTED_EDGE('',*,*,#4951,.T.);
#7042 = ORIENTED_EDGE('',*,*,#7043,.T.);
#7043 = EDGE_CURVE('',#4954,#6825,#7044,.T.);
#7044 = SURFACE_CURVE('',#7045,(#7125,#7208),.PCURVE_S1.);
#7045 = B_SPLINE_CURVE_WITH_KNOTS('',8,(#7046,#7047,#7048,#7049,#7050,
    #7051,#7052,#7053,#7054,#7055,#7056,#7057,#7058,#7059,#7060,#7061,
    #7062,#7063,#7064,#7065,#7066,#7067,#7068,#7069,#7070,#7071,#7072,
    #7073,#7074,#7075,#7076,#7077,#7078,#7079,#7080,#7081,#7082,#7083,
    #7084,#7085,#7086,#7087,#7088,#7089,#7090,#7091,#7092,#7093,#7094,
    #7095,#7096,#7097,#7098,#7099,#7100,#7101,#7102,#7103,#7104,#7105,
    #7106,#7107,#7108,#7109,#7110,#7111,#7112,#7113,#7114,#7115,#7116,
    #7117,#7118,#7119,#7120,#7121,#7122,#7123,#7124),.UNSPECIFIED.,.F.,
  .F.,(9,7,7,7,7,7,7,7,7,7,7,9),(0.,0.17630238143,0.344780063046,
    0.502512495138,0.644546640495,0.813108491387,0.900194767233,
    0.935489933296,0.948927547563,0.972532464903,0.990592478543,1.),
  .UNSPECIFIED.);
#7046 = CARTESIAN_POINT('',(116.87361524269,-120.1719598995,
    -9.499999999999));
#7047 = CARTESIAN_POINT('',(116.91917926826,-120.1499766132,
    -9.399418594399));
#7048 = CARTESIAN_POINT('',(116.96441212391,-120.1270706066,
    -9.298855393981));
#7049 = CARTESIAN_POINT('',(117.0093127597,-120.1032345851,
    -9.198314556732));
#7050 = CARTESIAN_POINT('',(117.05388018373,-120.0784591589,
    -9.097800647142));
#7051 = CARTESIAN_POINT('',(117.09811349133,-120.0527323638,
    -8.997318688455));
#7052 = CARTESIAN_POINT('',(117.14201189428,-120.0260391816,
    -8.896874214917));
#7053 = CARTESIAN_POINT('',(117.18557474995,-119.9983610604,
    -8.796473324027));
#7054 = CARTESIAN_POINT('',(117.27010992569,-119.9422629439,
    -8.60022592071));
#7055 = CARTESIAN_POINT('',(117.31111126902,-119.9139305397,
    -8.504375358872));
#7056 = CARTESIAN_POINT('',(117.35180530158,-119.8846580991,
    -8.40857678555));
#7057 = CARTESIAN_POINT('',(117.3921916776,-119.8544225057,
    -8.312836794293));
#7058 = CARTESIAN_POINT('',(117.43227008183,-119.8231965579,
    -8.217162972392));
#7059 = CARTESIAN_POINT('',(117.47204028692,-119.7909478758,
    -8.121564043351));
#7060 = CARTESIAN_POINT('',(117.51150221084,-119.7576378088,
    -8.026050009351));
#7061 = CARTESIAN_POINT('',(117.58731257049,-119.6909979694,
    -7.841300174443));
#7062 = CARTESIAN_POINT('',(117.62369873026,-119.6578054022,
    -7.752053246374));
#7063 = CARTESIAN_POINT('',(117.65981479302,-119.623603655,
    -7.662900557511));
#7064 = CARTESIAN_POINT('',(117.69566086884,-119.5883491721,
    -7.573852983648));
#7065 = CARTESIAN_POINT('',(117.7312369496,-119.5519911679,
    -7.484923649422));
#7066 = CARTESIAN_POINT('',(117.76654302017,-119.5144689667,
    -7.39612834936));
#7067 = CARTESIAN_POINT('',(117.80157916957,-119.4757093427,
    -7.307485968922));
#7068 = CARTESIAN_POINT('',(117.867652103,-119.399527876,-7.139356507821
    ));
#7069 = CARTESIAN_POINT('',(117.89873896014,-119.3623575298,
    -7.059838698799));
#7070 = CARTESIAN_POINT('',(117.92960719265,-119.3240472855,
    -6.980480170942));
#7071 = CARTESIAN_POINT('',(117.96025693957,-119.2845200994,
    -6.901300794781));
#7072 = CARTESIAN_POINT('',(117.99068766752,-119.243686534,
    -6.822325773982));
#7073 = CARTESIAN_POINT('',(118.02089834287,-119.2014398902,
    -6.743586573222));
#7074 = CARTESIAN_POINT('',(118.05088766857,-119.1576473591,
    -6.665122618855));
#7075 = CARTESIAN_POINT('',(118.11598063001,-119.0581270937,
    -6.494250940053));
#7076 = CARTESIAN_POINT('',(118.15096632665,-119.001738496,
    -6.402047088701));
#7077 = CARTESIAN_POINT('',(118.18563667664,-118.9426529173,
    -6.31038421033));
#7078 = CARTESIAN_POINT('',(118.2199954229,-118.8804771247,
    -6.219354487661));
#7079 = CARTESIAN_POINT('',(118.25402789119,-118.8147711834,-6.129120011
    ));
#7080 = CARTESIAN_POINT('',(118.28769970258,-118.7448668398,
    -6.039967444994));
#7081 = CARTESIAN_POINT('',(118.32096086347,-118.6699772403,
    -5.95227483588));
#7082 = CARTESIAN_POINT('',(118.37067435435,-118.5462373025,
    -5.822543816599));
#7083 = CARTESIAN_POINT('',(118.38744830511,-118.5023780536,
    -5.779009725603));
#7084 = CARTESIAN_POINT('',(118.40407590664,-118.4565224313,
    -5.736166061804));
#7085 = CARTESIAN_POINT('',(118.42054574577,-118.4083786117,
    -5.694127926822));
#7086 = CARTESIAN_POINT('',(118.43681680562,-118.3576011505,
    -5.653121859405));
#7087 = CARTESIAN_POINT('',(118.45282100011,-118.3038045538,
    -5.613478317629));
#7088 = CARTESIAN_POINT('',(118.46846064751,-118.2465031763,
    -5.575658104258));
#7089 = CARTESIAN_POINT('',(118.48972127463,-118.1598477077,
    -5.526085394926));
#7090 = CARTESIAN_POINT('',(118.49576343232,-118.134162058,
    -5.512219502005));
#7091 = CARTESIAN_POINT('',(118.50170602651,-118.1077294097,
    -5.498832990298));
#7092 = CARTESIAN_POINT('',(118.50753366788,-118.0805036961,
    -5.48599033684));
#7093 = CARTESIAN_POINT('',(118.51322574293,-118.052445921,
    -5.47377212829));
#7094 = CARTESIAN_POINT('',(118.51875664047,-118.0235253169,
    -5.462274138502));
#7095 = CARTESIAN_POINT('',(118.52409613335,-117.9937215638,
    -5.451605491383));
#7096 = CARTESIAN_POINT('',(118.53115684035,-117.9513424061,
    -5.438185459038));
#7097 = CARTESIAN_POINT('',(118.53307075319,-117.93952955,
    -5.434623136502));
#7098 = CARTESIAN_POINT('',(118.5349496345,-117.9275901175,
    -5.431205735151));
#7099 = CARTESIAN_POINT('',(118.53679131889,-117.9155254909,
    -5.427940359749));
#7100 = CARTESIAN_POINT('',(118.5385935233,-117.9033379034,
    -5.424834308378));
#7101 = CARTESIAN_POINT('',(118.54035387518,-117.8910305269,
    -5.421894954694));
#7102 = CARTESIAN_POINT('',(118.54206994057,-117.8786075589,
    -5.419129630175));
#7103 = CARTESIAN_POINT('',(118.54667161547,-117.8440580289,
    -5.412006156812));
#7104 = CARTESIAN_POINT('',(118.54946050307,-117.8216953958,
    -5.408024732317));
#7105 = CARTESIAN_POINT('',(118.55209146143,-117.799022593,
    -5.40464195709));
#7106 = CARTESIAN_POINT('',(118.55455053432,-117.7760828474,
    -5.401895138554));
#7107 = CARTESIAN_POINT('',(118.55682491434,-117.7529271568,
    -5.399815747072));
#7108 = CARTESIAN_POINT('',(118.5589035943,-117.7296150157,
    -5.398426995662));
#7109 = CARTESIAN_POINT('',(118.56077801866,-117.7062151411,
    -5.397741419712));
#7110 = CARTESIAN_POINT('',(118.56371640166,-117.6648961245,
    -5.397771491609));
#7111 = CARTESIAN_POINT('',(118.56486761028,-117.6469766373,
    -5.398195797882));
#7112 = CARTESIAN_POINT('',(118.56589392487,-117.6290817925,
    -5.399031401974));
#7113 = CARTESIAN_POINT('',(118.566794379,-117.6112429685,
    -5.400273940813));
#7114 = CARTESIAN_POINT('',(118.56756930244,-117.5934889855,
    -5.401915228729));
#7115 = CARTESIAN_POINT('',(118.56822014786,-117.5758462237,
    -5.403943824383));
#7116 = CARTESIAN_POINT('',(118.56874931758,-117.5583387423,
    -5.4063455977));
#7117 = CARTESIAN_POINT('',(118.56937391109,-117.5319505448,
    -5.410541312384));
#7118 = CARTESIAN_POINT('',(118.56955568209,-117.5229548361,
    -5.412075284235));
#7119 = CARTESIAN_POINT('',(118.56970577345,-117.5140040108,
    -5.413703927988));
#7120 = CARTESIAN_POINT('',(118.56982469116,-117.5051005367,
    -5.415424902364));
#7121 = CARTESIAN_POINT('',(118.56991297705,-117.4962466099,
    -5.417235809167));
#7122 = CARTESIAN_POINT('',(118.56997120881,-117.4874441549,
    -5.41913419329));
#7123 = CARTESIAN_POINT('',(118.57,-117.4786948246,-5.421117542709));
#7124 = CARTESIAN_POINT('',(118.57,-117.47,-5.423183288489));
#7125 = PCURVE('',#4970,#7126);
#7126 = DEFINITIONAL_REPRESENTATION('',(#7127),#7207);
#7127 = B_SPLINE_CURVE_WITH_KNOTS('',8,(#7128,#7129,#7130,#7131,#7132,
    #7133,#7134,#7135,#7136,#7137,#7138,#7139,#7140,#7141,#7142,#7143,
    #7144,#7145,#7146,#7147,#7148,#7149,#7150,#7151,#7152,#7153,#7154,
    #7155,#7156,#7157,#7158,#7159,#7160,#7161,#7162,#7163,#7164,#7165,
    #7166,#7167,#7168,#7169,#7170,#7171,#7172,#7173,#7174,#7175,#7176,
    #7177,#7178,#7179,#7180,#7181,#7182,#7183,#7184,#7185,#7186,#7187,
    #7188,#7189,#7190,#7191,#7192,#7193,#7194,#7195,#7196,#7197,#7198,
    #7199,#7200,#7201,#7202,#7203,#7204,#7205,#7206),.UNSPECIFIED.,.F.,
  .F.,(9,7,7,7,7,7,7,7,7,7,7,9),(0.,0.17630238143,0.344780063046,
    0.502512495138,0.644546640495,0.813108491387,0.900194767233,
    0.935489933296,0.948927547563,0.972532464903,0.990592478543,1.),
  .UNSPECIFIED.);
#7128 = CARTESIAN_POINT('',(5.161914692698,5.986322548779E-13));
#7129 = CARTESIAN_POINT('',(5.178778016826,0.100581405601));
#7130 = CARTESIAN_POINT('',(5.195675565098,0.201144606019));
#7131 = CARTESIAN_POINT('',(5.212615402418,0.301685443268));
#7132 = CARTESIAN_POINT('',(5.22960601212,0.402199352858));
#7133 = CARTESIAN_POINT('',(5.246656469686,0.502681311545));
#7134 = CARTESIAN_POINT('',(5.263776616463,0.603125785083));
#7135 = CARTESIAN_POINT('',(5.280977233379,0.703526675973));
#7136 = CARTESIAN_POINT('',(5.314795694184,0.89977407929));
#7137 = CARTESIAN_POINT('',(5.331405448309,0.995624641128));
#7138 = CARTESIAN_POINT('',(5.348110008939,1.09142321445));
#7139 = CARTESIAN_POINT('',(5.364920689187,1.187163205707));
#7140 = CARTESIAN_POINT('',(5.381849951598,1.282837027608));
#7141 = CARTESIAN_POINT('',(5.398911776375,1.378435956649));
#7142 = CARTESIAN_POINT('',(5.416122029604,1.473949990649));
#7143 = CARTESIAN_POINT('',(5.449767367443,1.658699825557));
#7144 = CARTESIAN_POINT('',(5.466181685937,1.747946753626));
#7145 = CARTESIAN_POINT('',(5.482757089379,1.837099442489));
#7146 = CARTESIAN_POINT('',(5.499510196164,1.926147016352));
#7147 = CARTESIAN_POINT('',(5.516459822171,2.015076350578));
#7148 = CARTESIAN_POINT('',(5.533627862277,2.10387165064));
#7149 = CARTESIAN_POINT('',(5.551040171859,2.192514031078));
#7150 = CARTESIAN_POINT('',(5.584654402325,2.360643492179));
#7151 = CARTESIAN_POINT('',(5.600803956829,2.440161301201));
#7152 = CARTESIAN_POINT('',(5.61719893856,2.519519829058));
#7153 = CARTESIAN_POINT('',(5.633865709077,2.598699205219));
#7154 = CARTESIAN_POINT('',(5.650834486162,2.677674226018));
#7155 = CARTESIAN_POINT('',(5.668140966572,2.756413426778));
#7156 = CARTESIAN_POINT('',(5.685829250123,2.834877381145));
#7157 = CARTESIAN_POINT('',(5.72546842386,3.005749059947));
#7158 = CARTESIAN_POINT('',(5.747582181961,3.097952911299));
#7159 = CARTESIAN_POINT('',(5.77040575926,3.18961578967));
#7160 = CARTESIAN_POINT('',(5.794068964882,3.280645512339));
#7161 = CARTESIAN_POINT('',(5.818714538365,3.370879989));
#7162 = CARTESIAN_POINT('',(5.844558756943,3.460032555006));
#7163 = CARTESIAN_POINT('',(5.871855668702,3.54772516412));
#7164 = CARTESIAN_POINT('',(5.916306644669,3.677456183401));
#7165 = CARTESIAN_POINT('',(5.931956901566,3.720990274397));
#7166 = CARTESIAN_POINT('',(5.948211866062,3.763833938196));
#7167 = CARTESIAN_POINT('',(5.965166818889,3.805872073178));
#7168 = CARTESIAN_POINT('',(5.982933128136,3.846878140595));
#7169 = CARTESIAN_POINT('',(6.001634345157,3.886521682371));
#7170 = CARTESIAN_POINT('',(6.021426865307,3.924341895742));
#7171 = CARTESIAN_POINT('',(6.051168688661,3.973914605074));
#7172 = CARTESIAN_POINT('',(6.059963867519,3.987780497995));
#7173 = CARTESIAN_POINT('',(6.06899392968,4.001167009702));
#7174 = CARTESIAN_POINT('',(6.078273728535,4.01400966316));
#7175 = CARTESIAN_POINT('',(6.087815686861,4.02622787171));
#7176 = CARTESIAN_POINT('',(6.097629502623,4.037725861498));
#7177 = CARTESIAN_POINT('',(6.107721511216,4.048394508617));
#7178 = CARTESIAN_POINT('',(6.12204261679,4.061814540962));
#7179 = CARTESIAN_POINT('',(6.126031542879,4.065376863498));
#7180 = CARTESIAN_POINT('',(6.130060261947,4.068794264849));
#7181 = CARTESIAN_POINT('',(6.134128302978,4.072059640251));
#7182 = CARTESIAN_POINT('',(6.138234916834,4.075165691622));
#7183 = CARTESIAN_POINT('',(6.142379048686,4.078105045306));
#7184 = CARTESIAN_POINT('',(6.146559310449,4.080870369825));
#7185 = CARTESIAN_POINT('',(6.158177521428,4.087993843188));
#7186 = CARTESIAN_POINT('',(6.165689219393,4.091975267683));
#7187 = CARTESIAN_POINT('',(6.173297061949,4.09535804291));
#7188 = CARTESIAN_POINT('',(6.180986855534,4.098104861446));
#7189 = CARTESIAN_POINT('',(6.188741946549,4.100184252928));
#7190 = CARTESIAN_POINT('',(6.196542969722,4.101573004338));
#7191 = CARTESIAN_POINT('',(6.204367596487,4.102258580288));
#7192 = CARTESIAN_POINT('',(6.218175385069,4.102228508391));
#7193 = CARTESIAN_POINT('',(6.224160720362,4.101804202118));
#7194 = CARTESIAN_POINT('',(6.230135237238,4.100968598026));
#7195 = CARTESIAN_POINT('',(6.23608880488,4.099726059187));
#7196 = CARTESIAN_POINT('',(6.242012161705,4.098084771271));
#7197 = CARTESIAN_POINT('',(6.247896863424,4.096056175617));
#7198 = CARTESIAN_POINT('',(6.253735231106,4.0936544023));
#7199 = CARTESIAN_POINT('',(6.262533760556,4.089458687616));
#7200 = CARTESIAN_POINT('',(6.265532924132,4.087924715765));
#7201 = CARTESIAN_POINT('',(6.268516922725,4.086296072012));
#7202 = CARTESIAN_POINT('',(6.271484977952,4.084575097636));
#7203 = CARTESIAN_POINT('',(6.274436400274,4.082764190833));
#7204 = CARTESIAN_POINT('',(6.277370589003,4.08086580671));
#7205 = CARTESIAN_POINT('',(6.280287032302,4.078882457291));
#7206 = CARTESIAN_POINT('',(6.28318530718,4.07681671151));
#7207 = ( GEOMETRIC_REPRESENTATION_CONTEXT(2) 
PARAMETRIC_REPRESENTATION_CONTEXT() REPRESENTATION_CONTEXT('2D SPACE',''
  ) );
#7208 = PCURVE('',#4999,#7209);
#7209 = DEFINITIONAL_REPRESENTATION('',(#7210),#7290);
#7210 = B_SPLINE_CURVE_WITH_KNOTS('',8,(#7211,#7212,#7213,#7214,#7215,
    #7216,#7217,#7218,#7219,#7220,#7221,#7222,#7223,#7224,#7225,#7226,
    #7227,#7228,#7229,#7230,#7231,#7232,#7233,#7234,#7235,#7236,#7237,
    #7238,#7239,#7240,#7241,#7242,#7243,#7244,#7245,#7246,#7247,#7248,
    #7249,#7250,#7251,#7252,#7253,#7254,#7255,#7256,#7257,#7258,#7259,
    #7260,#7261,#7262,#7263,#7264,#7265,#7266,#7267,#7268,#7269,#7270,
    #7271,#7272,#7273,#7274,#7275,#7276,#7277,#7278,#7279,#7280,#7281,
    #7282,#7283,#7284,#7285,#7286,#7287,#7288,#7289),.UNSPECIFIED.,.F.,
  .F.,(9,7,7,7,7,7,7,7,7,7,7,9),(0.,0.17630238143,0.344780063046,
    0.502512495138,0.644546640495,0.813108491387,0.900194767233,
    0.935489933296,0.948927547563,0.972532464903,0.990592478543,1.),
  .UNSPECIFIED.);
#7211 = CARTESIAN_POINT('',(-3.482293436822,-4.426681243785E-13));
#7212 = CARTESIAN_POINT('',(-3.481448115303,-0.100581405601));
#7213 = CARTESIAN_POINT('',(-3.480437026691,-0.201144606019));
#7214 = CARTESIAN_POINT('',(-3.479253920005,-0.301685443268));
#7215 = CARTESIAN_POINT('',(-3.47789195953,-0.402199352858));
#7216 = CARTESIAN_POINT('',(-3.476343585959,-0.502681311545));
#7217 = CARTESIAN_POINT('',(-3.474600377531,-0.603125785083));
#7218 = CARTESIAN_POINT('',(-3.47265291117,-0.703526675972));
#7219 = CARTESIAN_POINT('',(-3.468424303311,-0.89977407929));
#7220 = CARTESIAN_POINT('',(-3.466161827125,-0.995624641128));
#7221 = CARTESIAN_POINT('',(-3.463693875806,-1.09142321445));
#7222 = CARTESIAN_POINT('',(-3.461010248569,-1.187163205707));
#7223 = CARTESIAN_POINT('',(-3.458099571173,-1.282837027608));
#7224 = CARTESIAN_POINT('',(-3.454949003983,-1.378435956649));
#7225 = CARTESIAN_POINT('',(-3.451543950032,-1.473949990649));
#7226 = CARTESIAN_POINT('',(-3.444426037734,-1.658699825557));
#7227 = CARTESIAN_POINT('',(-3.440746731759,-1.747946753625));
#7228 = CARTESIAN_POINT('',(-3.436815909524,-1.837099442489));
#7229 = CARTESIAN_POINT('',(-3.432618279406,-1.926147016352));
#7230 = CARTESIAN_POINT('',(-3.428136522574,-2.015076350578));
#7231 = CARTESIAN_POINT('',(-3.423350621766,-2.10387165064));
#7232 = CARTESIAN_POINT('',(-3.418237190071,-2.192514031078));
#7233 = CARTESIAN_POINT('',(-3.407844649734,-2.360643492179));
#7234 = CARTESIAN_POINT('',(-3.402632740596,-2.440161301201));
#7235 = CARTESIAN_POINT('',(-3.397112892245,-2.519519829058));
#7236 = CARTESIAN_POINT('',(-3.391261794685,-2.598699205219));
#7237 = CARTESIAN_POINT('',(-3.38505276481,-2.677674226018));
#7238 = CARTESIAN_POINT('',(-3.378454566286,-2.756413426778));
#7239 = CARTESIAN_POINT('',(-3.371429292486,-2.834877381144));
#7240 = CARTESIAN_POINT('',(-3.35502856177,-3.005749059946));
#7241 = CARTESIAN_POINT('',(-3.345465883237,-3.097952911299));
#7242 = CARTESIAN_POINT('',(-3.335157355062,-3.189615789669));
#7243 = CARTESIAN_POINT('',(-3.323998001868,-3.280645512339));
#7244 = CARTESIAN_POINT('',(-3.311868114596,-3.370879989));
#7245 = CARTESIAN_POINT('',(-3.298591966537,-3.460032555006));
#7246 = CARTESIAN_POINT('',(-3.283962757299,-3.547725164119));
#7247 = CARTESIAN_POINT('',(-3.259084548313,-3.677456183401));
#7248 = CARTESIAN_POINT('',(-3.250152435537,-3.720990274397));
#7249 = CARTESIAN_POINT('',(-3.240694920249,-3.763833938195));
#7250 = CARTESIAN_POINT('',(-3.230640862357,-3.805872073178));
#7251 = CARTESIAN_POINT('',(-3.219905436913,-3.846878140595));
#7252 = CARTESIAN_POINT('',(-3.208393898787,-3.886521682371));
#7253 = CARTESIAN_POINT('',(-3.195989578111,-3.924341895742));
#7254 = CARTESIAN_POINT('',(-3.177027194328,-3.973914605074));
#7255 = CARTESIAN_POINT('',(-3.171384413373,-3.987780497995));
#7256 = CARTESIAN_POINT('',(-3.165555538033,-4.001167009701));
#7257 = CARTESIAN_POINT('',(-3.159530030147,-4.01400966316));
#7258 = CARTESIAN_POINT('',(-3.153299108331,-4.02622787171));
#7259 = CARTESIAN_POINT('',(-3.146856176636,-4.037725861498));
#7260 = CARTESIAN_POINT('',(-3.140197507355,-4.048394508617));
#7261 = CARTESIAN_POINT('',(-3.130705975769,-4.061814540961));
#7262 = CARTESIAN_POINT('',(-3.128057910922,-4.065376863498));
#7263 = CARTESIAN_POINT('',(-3.125379208342,-4.068794264849));
#7264 = CARTESIAN_POINT('',(-3.122670280823,-4.072059640251));
#7265 = CARTESIAN_POINT('',(-3.119931749854,-4.075165691622));
#7266 = CARTESIAN_POINT('',(-3.117164466433,-4.078105045306));
#7267 = CARTESIAN_POINT('',(-3.114369531872,-4.080870369824));
#7268 = CARTESIAN_POINT('',(-3.106592490557,-4.087993843188));
#7269 = CARTESIAN_POINT('',(-3.101554217854,-4.091975267683));
#7270 = CARTESIAN_POINT('',(-3.096442572212,-4.09535804291));
#7271 = CARTESIAN_POINT('',(-3.091268451892,-4.098104861446));
#7272 = CARTESIAN_POINT('',(-3.08604468044,-4.100184252928));
#7273 = CARTESIAN_POINT('',(-3.080786105421,-4.101573004337));
#7274 = CARTESIAN_POINT('',(-3.075509697157,-4.102258580287));
#7275 = CARTESIAN_POINT('',(-3.066198731206,-4.102228508391));
#7276 = CARTESIAN_POINT('',(-3.062162679133,-4.101804202118));
#7277 = CARTESIAN_POINT('',(-3.058134816118,-4.100968598026));
#7278 = CARTESIAN_POINT('',(-3.054122835489,-4.099726059187));
#7279 = CARTESIAN_POINT('',(-3.050133810819,-4.098084771271));
#7280 = CARTESIAN_POINT('',(-3.046174207732,-4.096056175617));
#7281 = CARTESIAN_POINT('',(-3.0422498957,-4.0936544023));
#7282 = CARTESIAN_POINT('',(-3.036343108867,-4.089458687616));
#7283 = CARTESIAN_POINT('',(-3.034330957924,-4.087924715765));
#7284 = CARTESIAN_POINT('',(-3.032330376319,-4.086296072012));
#7285 = CARTESIAN_POINT('',(-3.030341967005,-4.084575097636));
#7286 = CARTESIAN_POINT('',(-3.028366266583,-4.082764190833));
#7287 = CARTESIAN_POINT('',(-3.026403745312,-4.08086580671));
#7288 = CARTESIAN_POINT('',(-3.0244548071,-4.07888245729));
#7289 = CARTESIAN_POINT('',(-3.022519789511,-4.07681671151));
#7290 = ( GEOMETRIC_REPRESENTATION_CONTEXT(2) 
PARAMETRIC_REPRESENTATION_CONTEXT() REPRESENTATION_CONTEXT('2D SPACE',''
  ) );
#7291 = ADVANCED_FACE('',(#7292),#4999,.T.);
#7292 = FACE_BOUND('',#7293,.T.);
#7293 = EDGE_LOOP('',(#7294,#7317,#7344,#7345,#7346,#7347,#7348));
#7294 = ORIENTED_EDGE('',*,*,#7295,.T.);
#7295 = EDGE_CURVE('',#4983,#7296,#7298,.T.);
#7296 = VERTEX_POINT('',#7297);
#7297 = CARTESIAN_POINT('',(126.5,-118.,-3.5));
#7298 = SEAM_CURVE('',#7299,(#7303,#7310),.PCURVE_S1.);
#7299 = LINE('',#7300,#7301);
#7300 = CARTESIAN_POINT('',(129.5,-118.,-9.5));
#7301 = VECTOR('',#7302,1.);
#7302 = DIRECTION('',(-0.4472135955,1.095357396528E-16,0.894427191));
#7303 = PCURVE('',#4999,#7304);
#7304 = DEFINITIONAL_REPRESENTATION('',(#7305),#7309);
#7305 = LINE('',#7306,#7307);
#7306 = CARTESIAN_POINT('',(-6.28318530718,0.));
#7307 = VECTOR('',#7308,1.);
#7308 = DIRECTION('',(-0.,-1.));
#7309 = ( GEOMETRIC_REPRESENTATION_CONTEXT(2) 
PARAMETRIC_REPRESENTATION_CONTEXT() REPRESENTATION_CONTEXT('2D SPACE',''
  ) );
#7310 = PCURVE('',#4999,#7311);
#7311 = DEFINITIONAL_REPRESENTATION('',(#7312),#7316);
#7312 = LINE('',#7313,#7314);
#7313 = CARTESIAN_POINT('',(0.,-0.));
#7314 = VECTOR('',#7315,1.);
#7315 = DIRECTION('',(-0.,-1.));
#7316 = ( GEOMETRIC_REPRESENTATION_CONTEXT(2) 
PARAMETRIC_REPRESENTATION_CONTEXT() REPRESENTATION_CONTEXT('2D SPACE',''
  ) );
#7317 = ORIENTED_EDGE('',*,*,#7318,.F.);
#7318 = EDGE_CURVE('',#7296,#7296,#7319,.T.);
#7319 = SURFACE_CURVE('',#7320,(#7325,#7332),.PCURVE_S1.);
#7320 = CIRCLE('',#7321,3.5);
#7321 = AXIS2_PLACEMENT_3D('',#7322,#7323,#7324);
#7322 = CARTESIAN_POINT('',(123.,-118.,-3.5));
#7323 = DIRECTION('',(0.,0.,1.));
#7324 = DIRECTION('',(1.,0.,-0.));
#7325 = PCURVE('',#4999,#7326);
#7326 = DEFINITIONAL_REPRESENTATION('',(#7327),#7331);
#7327 = LINE('',#7328,#7329);
#7328 = CARTESIAN_POINT('',(-0.,-6.));
#7329 = VECTOR('',#7330,1.);
#7330 = DIRECTION('',(-1.,-0.));
#7331 = ( GEOMETRIC_REPRESENTATION_CONTEXT(2) 
PARAMETRIC_REPRESENTATION_CONTEXT() REPRESENTATION_CONTEXT('2D SPACE',''
  ) );
#7332 = PCURVE('',#7333,#7338);
#7333 = CYLINDRICAL_SURFACE('',#7334,3.5);
#7334 = AXIS2_PLACEMENT_3D('',#7335,#7336,#7337);
#7335 = CARTESIAN_POINT('',(123.,-118.,-9.5));
#7336 = DIRECTION('',(0.,0.,1.));
#7337 = DIRECTION('',(1.,0.,-0.));
#7338 = DEFINITIONAL_REPRESENTATION('',(#7339),#7343);
#7339 = LINE('',#7340,#7341);
#7340 = CARTESIAN_POINT('',(0.,6.));
#7341 = VECTOR('',#7342,1.);
#7342 = DIRECTION('',(1.,0.));
#7343 = ( GEOMETRIC_REPRESENTATION_CONTEXT(2) 
PARAMETRIC_REPRESENTATION_CONTEXT() REPRESENTATION_CONTEXT('2D SPACE',''
  ) );
#7344 = ORIENTED_EDGE('',*,*,#7295,.F.);
#7345 = ORIENTED_EDGE('',*,*,#4982,.T.);
#7346 = ORIENTED_EDGE('',*,*,#6877,.F.);
#7347 = ORIENTED_EDGE('',*,*,#7043,.F.);
#7348 = ORIENTED_EDGE('',*,*,#5011,.T.);
#7349 = ADVANCED_FACE('',(#7350),#5053,.F.);
#7350 = FACE_BOUND('',#7351,.F.);
#7351 = EDGE_LOOP('',(#7352,#7353,#7354));
#7352 = ORIENTED_EDGE('',*,*,#5036,.T.);
#7353 = ORIENTED_EDGE('',*,*,#6186,.T.);
#7354 = ORIENTED_EDGE('',*,*,#5065,.T.);
#7355 = ADVANCED_FACE('',(#7356),#5267,.F.);
#7356 = FACE_BOUND('',#7357,.F.);
#7357 = EDGE_LOOP('',(#7358,#7359,#7380,#7381));
#7358 = ORIENTED_EDGE('',*,*,#5338,.F.);
#7359 = ORIENTED_EDGE('',*,*,#7360,.F.);
#7360 = EDGE_CURVE('',#5251,#5339,#7361,.T.);
#7361 = SEAM_CURVE('',#7362,(#7366,#7373),.PCURVE_S1.);
#7362 = LINE('',#7363,#7364);
#7363 = CARTESIAN_POINT('',(92.75,-86.,14.99));
#7364 = VECTOR('',#7365,1.);
#7365 = DIRECTION('',(0.,0.,1.));
#7366 = PCURVE('',#5267,#7367);
#7367 = DEFINITIONAL_REPRESENTATION('',(#7368),#7372);
#7368 = LINE('',#7369,#7370);
#7369 = CARTESIAN_POINT('',(6.28318530718,-0.));
#7370 = VECTOR('',#7371,1.);
#7371 = DIRECTION('',(0.,1.));
#7372 = ( GEOMETRIC_REPRESENTATION_CONTEXT(2) 
PARAMETRIC_REPRESENTATION_CONTEXT() REPRESENTATION_CONTEXT('2D SPACE',''
  ) );
#7373 = PCURVE('',#5267,#7374);
#7374 = DEFINITIONAL_REPRESENTATION('',(#7375),#7379);
#7375 = LINE('',#7376,#7377);
#7376 = CARTESIAN_POINT('',(0.,-0.));
#7377 = VECTOR('',#7378,1.);
#7378 = DIRECTION('',(0.,1.));
#7379 = ( GEOMETRIC_REPRESENTATION_CONTEXT(2) 
PARAMETRIC_REPRESENTATION_CONTEXT() REPRESENTATION_CONTEXT('2D SPACE',''
  ) );
#7380 = ORIENTED_EDGE('',*,*,#5250,.T.);
#7381 = ORIENTED_EDGE('',*,*,#7360,.T.);
#7382 = ADVANCED_FACE('',(#7383),#5482,.F.);
#7383 = FACE_BOUND('',#7384,.F.);
#7384 = EDGE_LOOP('',(#7385,#7386,#7407,#7408));
#7385 = ORIENTED_EDGE('',*,*,#5582,.F.);
#7386 = ORIENTED_EDGE('',*,*,#7387,.F.);
#7387 = EDGE_CURVE('',#5466,#5583,#7388,.T.);
#7388 = SEAM_CURVE('',#7389,(#7393,#7400),.PCURVE_S1.);
#7389 = LINE('',#7390,#7391);
#7390 = CARTESIAN_POINT('',(92.75,-189.,14.99));
#7391 = VECTOR('',#7392,1.);
#7392 = DIRECTION('',(0.,0.,1.));
#7393 = PCURVE('',#5482,#7394);
#7394 = DEFINITIONAL_REPRESENTATION('',(#7395),#7399);
#7395 = LINE('',#7396,#7397);
#7396 = CARTESIAN_POINT('',(6.28318530718,-0.));
#7397 = VECTOR('',#7398,1.);
#7398 = DIRECTION('',(0.,1.));
#7399 = ( GEOMETRIC_REPRESENTATION_CONTEXT(2) 
PARAMETRIC_REPRESENTATION_CONTEXT() REPRESENTATION_CONTEXT('2D SPACE',''
  ) );
#7400 = PCURVE('',#5482,#7401);
#7401 = DEFINITIONAL_REPRESENTATION('',(#7402),#7406);
#7402 = LINE('',#7403,#7404);
#7403 = CARTESIAN_POINT('',(0.,-0.));
#7404 = VECTOR('',#7405,1.);
#7405 = DIRECTION('',(0.,1.));
#7406 = ( GEOMETRIC_REPRESENTATION_CONTEXT(2) 
PARAMETRIC_REPRESENTATION_CONTEXT() REPRESENTATION_CONTEXT('2D SPACE',''
  ) );
#7407 = ORIENTED_EDGE('',*,*,#5465,.T.);
#7408 = ORIENTED_EDGE('',*,*,#7387,.T.);
#7409 = ADVANCED_FACE('',(#7410,#7413),#6283,.T.);
#7410 = FACE_BOUND('',#7411,.T.);
#7411 = EDGE_LOOP('',(#7412));
#7412 = ORIENTED_EDGE('',*,*,#6266,.T.);
#7413 = FACE_BOUND('',#7414,.T.);
#7414 = EDGE_LOOP('',(#7415));
#7415 = ORIENTED_EDGE('',*,*,#7416,.F.);
#7416 = EDGE_CURVE('',#7417,#7417,#7419,.T.);
#7417 = VERTEX_POINT('',#7418);
#7418 = CARTESIAN_POINT('',(98.64,-185.42,0.));
#7419 = SURFACE_CURVE('',#7420,(#7425,#7432),.PCURVE_S1.);
#7420 = CIRCLE('',#7421,0.85);
#7421 = AXIS2_PLACEMENT_3D('',#7422,#7423,#7424);
#7422 = CARTESIAN_POINT('',(97.79,-185.42,0.));
#7423 = DIRECTION('',(0.,0.,1.));
#7424 = DIRECTION('',(1.,0.,-0.));
#7425 = PCURVE('',#6283,#7426);
#7426 = DEFINITIONAL_REPRESENTATION('',(#7427),#7431);
#7427 = CIRCLE('',#7428,0.85);
#7428 = AXIS2_PLACEMENT_2D('',#7429,#7430);
#7429 = CARTESIAN_POINT('',(0.,0.));
#7430 = DIRECTION('',(1.,0.));
#7431 = ( GEOMETRIC_REPRESENTATION_CONTEXT(2) 
PARAMETRIC_REPRESENTATION_CONTEXT() REPRESENTATION_CONTEXT('2D SPACE',''
  ) );
#7432 = PCURVE('',#7433,#7438);
#7433 = CYLINDRICAL_SURFACE('',#7434,0.85);
#7434 = AXIS2_PLACEMENT_3D('',#7435,#7436,#7437);
#7435 = CARTESIAN_POINT('',(97.79,-185.42,-8.));
#7436 = DIRECTION('',(0.,0.,1.));
#7437 = DIRECTION('',(1.,0.,-0.));
#7438 = DEFINITIONAL_REPRESENTATION('',(#7439),#7443);
#7439 = LINE('',#7440,#7441);
#7440 = CARTESIAN_POINT('',(0.,8.));
#7441 = VECTOR('',#7442,1.);
#7442 = DIRECTION('',(1.,0.));
#7443 = ( GEOMETRIC_REPRESENTATION_CONTEXT(2) 
PARAMETRIC_REPRESENTATION_CONTEXT() REPRESENTATION_CONTEXT('2D SPACE',''
  ) );
#7444 = ADVANCED_FACE('',(#7445),#6382,.T.);
#7445 = FACE_BOUND('',#7446,.T.);
#7446 = EDGE_LOOP('',(#7447,#7448,#7449,#7450));
#7447 = ORIENTED_EDGE('',*,*,#6368,.F.);
#7448 = ORIENTED_EDGE('',*,*,#6554,.T.);
#7449 = ORIENTED_EDGE('',*,*,#6604,.T.);
#7450 = ORIENTED_EDGE('',*,*,#6505,.F.);
#7451 = ADVANCED_FACE('',(#7452),#6413,.T.);
#7452 = FACE_BOUND('',#7453,.T.);
#7453 = EDGE_LOOP('',(#7454,#7475,#7476,#7497));
#7454 = ORIENTED_EDGE('',*,*,#7455,.F.);
#7455 = EDGE_CURVE('',#6397,#6628,#7456,.T.);
#7456 = SURFACE_CURVE('',#7457,(#7461,#7468),.PCURVE_S1.);
#7457 = LINE('',#7458,#7459);
#7458 = CARTESIAN_POINT('',(140.6,-159.5,-7.5));
#7459 = VECTOR('',#7460,1.);
#7460 = DIRECTION('',(1.,0.,-0.));
#7461 = PCURVE('',#6413,#7462);
#7462 = DEFINITIONAL_REPRESENTATION('',(#7463),#7467);
#7463 = LINE('',#7464,#7465);
#7464 = CARTESIAN_POINT('',(0.,4.));
#7465 = VECTOR('',#7466,1.);
#7466 = DIRECTION('',(1.,0.));
#7467 = ( GEOMETRIC_REPRESENTATION_CONTEXT(2) 
PARAMETRIC_REPRESENTATION_CONTEXT() REPRESENTATION_CONTEXT('2D SPACE',''
  ) );
#7468 = PCURVE('',#6489,#7469);
#7469 = DEFINITIONAL_REPRESENTATION('',(#7470),#7474);
#7470 = LINE('',#7471,#7472);
#7471 = CARTESIAN_POINT('',(0.,0.));
#7472 = VECTOR('',#7473,1.);
#7473 = DIRECTION('',(0.,1.));
#7474 = ( GEOMETRIC_REPRESENTATION_CONTEXT(2) 
PARAMETRIC_REPRESENTATION_CONTEXT() REPRESENTATION_CONTEXT('2D SPACE',''
  ) );
#7475 = ORIENTED_EDGE('',*,*,#6396,.T.);
#7476 = ORIENTED_EDGE('',*,*,#7477,.T.);
#7477 = EDGE_CURVE('',#6399,#6630,#7478,.T.);
#7478 = SURFACE_CURVE('',#7479,(#7483,#7490),.PCURVE_S1.);
#7479 = LINE('',#7480,#7481);
#7480 = CARTESIAN_POINT('',(140.6,-163.5,-7.5));
#7481 = VECTOR('',#7482,1.);
#7482 = DIRECTION('',(1.,0.,-0.));
#7483 = PCURVE('',#6413,#7484);
#7484 = DEFINITIONAL_REPRESENTATION('',(#7485),#7489);
#7485 = LINE('',#7486,#7487);
#7486 = CARTESIAN_POINT('',(0.,0.));
#7487 = VECTOR('',#7488,1.);
#7488 = DIRECTION('',(1.,0.));
#7489 = ( GEOMETRIC_REPRESENTATION_CONTEXT(2) 
PARAMETRIC_REPRESENTATION_CONTEXT() REPRESENTATION_CONTEXT('2D SPACE',''
  ) );
#7490 = PCURVE('',#6439,#7491);
#7491 = DEFINITIONAL_REPRESENTATION('',(#7492),#7496);
#7492 = LINE('',#7493,#7494);
#7493 = CARTESIAN_POINT('',(0.,0.));
#7494 = VECTOR('',#7495,1.);
#7495 = DIRECTION('',(0.,1.));
#7496 = ( GEOMETRIC_REPRESENTATION_CONTEXT(2) 
PARAMETRIC_REPRESENTATION_CONTEXT() REPRESENTATION_CONTEXT('2D SPACE',''
  ) );
#7497 = ORIENTED_EDGE('',*,*,#6627,.F.);
#7498 = ADVANCED_FACE('',(#7499),#6489,.F.);
#7499 = FACE_BOUND('',#7500,.F.);
#7500 = EDGE_LOOP('',(#7501,#7502,#7503,#7524));
#7501 = ORIENTED_EDGE('',*,*,#7455,.F.);
#7502 = ORIENTED_EDGE('',*,*,#6476,.T.);
#7503 = ORIENTED_EDGE('',*,*,#7504,.T.);
#7504 = EDGE_CURVE('',#6451,#6672,#7505,.T.);
#7505 = SURFACE_CURVE('',#7506,(#7510,#7517),.PCURVE_S1.);
#7506 = LINE('',#7507,#7508);
#7507 = CARTESIAN_POINT('',(140.6,-159.5,-5.3));
#7508 = VECTOR('',#7509,1.);
#7509 = DIRECTION('',(1.,0.,-0.));
#7510 = PCURVE('',#6489,#7511);
#7511 = DEFINITIONAL_REPRESENTATION('',(#7512),#7516);
#7512 = LINE('',#7513,#7514);
#7513 = CARTESIAN_POINT('',(2.2,0.));
#7514 = VECTOR('',#7515,1.);
#7515 = DIRECTION('',(0.,1.));
#7516 = ( GEOMETRIC_REPRESENTATION_CONTEXT(2) 
PARAMETRIC_REPRESENTATION_CONTEXT() REPRESENTATION_CONTEXT('2D SPACE',''
  ) );
#7517 = PCURVE('',#6465,#7518);
#7518 = DEFINITIONAL_REPRESENTATION('',(#7519),#7523);
#7519 = LINE('',#7520,#7521);
#7520 = CARTESIAN_POINT('',(0.,4.));
#7521 = VECTOR('',#7522,1.);
#7522 = DIRECTION('',(1.,0.));
#7523 = ( GEOMETRIC_REPRESENTATION_CONTEXT(2) 
PARAMETRIC_REPRESENTATION_CONTEXT() REPRESENTATION_CONTEXT('2D SPACE',''
  ) );
#7524 = ORIENTED_EDGE('',*,*,#6692,.F.);
#7525 = ADVANCED_FACE('',(#7526),#6465,.F.);
#7526 = FACE_BOUND('',#7527,.F.);
#7527 = EDGE_LOOP('',(#7528,#7529,#7530,#7551));
#7528 = ORIENTED_EDGE('',*,*,#7504,.F.);
#7529 = ORIENTED_EDGE('',*,*,#6450,.T.);
#7530 = ORIENTED_EDGE('',*,*,#7531,.T.);
#7531 = EDGE_CURVE('',#6425,#6651,#7532,.T.);
#7532 = SURFACE_CURVE('',#7533,(#7537,#7544),.PCURVE_S1.);
#7533 = LINE('',#7534,#7535);
#7534 = CARTESIAN_POINT('',(140.6,-163.5,-5.3));
#7535 = VECTOR('',#7536,1.);
#7536 = DIRECTION('',(1.,0.,-0.));
#7537 = PCURVE('',#6465,#7538);
#7538 = DEFINITIONAL_REPRESENTATION('',(#7539),#7543);
#7539 = LINE('',#7540,#7541);
#7540 = CARTESIAN_POINT('',(0.,0.));
#7541 = VECTOR('',#7542,1.);
#7542 = DIRECTION('',(1.,0.));
#7543 = ( GEOMETRIC_REPRESENTATION_CONTEXT(2) 
PARAMETRIC_REPRESENTATION_CONTEXT() REPRESENTATION_CONTEXT('2D SPACE',''
  ) );
#7544 = PCURVE('',#6439,#7545);
#7545 = DEFINITIONAL_REPRESENTATION('',(#7546),#7550);
#7546 = LINE('',#7547,#7548);
#7547 = CARTESIAN_POINT('',(2.2,0.));
#7548 = VECTOR('',#7549,1.);
#7549 = DIRECTION('',(0.,1.));
#7550 = ( GEOMETRIC_REPRESENTATION_CONTEXT(2) 
PARAMETRIC_REPRESENTATION_CONTEXT() REPRESENTATION_CONTEXT('2D SPACE',''
  ) );
#7551 = ORIENTED_EDGE('',*,*,#6671,.F.);
#7552 = ADVANCED_FACE('',(#7553),#6439,.T.);
#7553 = FACE_BOUND('',#7554,.T.);
#7554 = EDGE_LOOP('',(#7555,#7556,#7557,#7558));
#7555 = ORIENTED_EDGE('',*,*,#7477,.F.);
#7556 = ORIENTED_EDGE('',*,*,#6424,.T.);
#7557 = ORIENTED_EDGE('',*,*,#7531,.T.);
#7558 = ORIENTED_EDGE('',*,*,#6650,.F.);
#7559 = ADVANCED_FACE('',(#7560,#7563),#6731,.T.);
#7560 = FACE_BOUND('',#7561,.T.);
#7561 = EDGE_LOOP('',(#7562));
#7562 = ORIENTED_EDGE('',*,*,#6714,.T.);
#7563 = FACE_BOUND('',#7564,.T.);
#7564 = EDGE_LOOP('',(#7565));
#7565 = ORIENTED_EDGE('',*,*,#7566,.F.);
#7566 = EDGE_CURVE('',#7567,#7567,#7569,.T.);
#7567 = VERTEX_POINT('',#7568);
#7568 = CARTESIAN_POINT('',(93.56,-117.47,0.));
#7569 = SURFACE_CURVE('',#7570,(#7575,#7582),.PCURVE_S1.);
#7570 = CIRCLE('',#7571,0.85);
#7571 = AXIS2_PLACEMENT_3D('',#7572,#7573,#7574);
#7572 = CARTESIAN_POINT('',(92.71,-117.47,0.));
#7573 = DIRECTION('',(0.,0.,1.));
#7574 = DIRECTION('',(1.,0.,-0.));
#7575 = PCURVE('',#6731,#7576);
#7576 = DEFINITIONAL_REPRESENTATION('',(#7577),#7581);
#7577 = CIRCLE('',#7578,0.85);
#7578 = AXIS2_PLACEMENT_2D('',#7579,#7580);
#7579 = CARTESIAN_POINT('',(0.,0.));
#7580 = DIRECTION('',(1.,0.));
#7581 = ( GEOMETRIC_REPRESENTATION_CONTEXT(2) 
PARAMETRIC_REPRESENTATION_CONTEXT() REPRESENTATION_CONTEXT('2D SPACE',''
  ) );
#7582 = PCURVE('',#7583,#7588);
#7583 = CYLINDRICAL_SURFACE('',#7584,0.85);
#7584 = AXIS2_PLACEMENT_3D('',#7585,#7586,#7587);
#7585 = CARTESIAN_POINT('',(92.71,-117.47,-8.));
#7586 = DIRECTION('',(0.,0.,1.));
#7587 = DIRECTION('',(1.,0.,-0.));
#7588 = DEFINITIONAL_REPRESENTATION('',(#7589),#7593);
#7589 = LINE('',#7590,#7591);
#7590 = CARTESIAN_POINT('',(0.,8.));
#7591 = VECTOR('',#7592,1.);
#7592 = DIRECTION('',(1.,0.));
#7593 = ( GEOMETRIC_REPRESENTATION_CONTEXT(2) 
PARAMETRIC_REPRESENTATION_CONTEXT() REPRESENTATION_CONTEXT('2D SPACE',''
  ) );
#7594 = ADVANCED_FACE('',(#7595),#6786,.T.);
#7595 = FACE_BOUND('',#7596,.T.);
#7596 = EDGE_LOOP('',(#7597,#7620,#7647,#7648));
#7597 = ORIENTED_EDGE('',*,*,#7598,.T.);
#7598 = EDGE_CURVE('',#6770,#7599,#7601,.T.);
#7599 = VERTEX_POINT('',#7600);
#7600 = CARTESIAN_POINT('',(127.,-147.,14.118));
#7601 = SEAM_CURVE('',#7602,(#7606,#7613),.PCURVE_S1.);
#7602 = LINE('',#7603,#7604);
#7603 = CARTESIAN_POINT('',(127.,-147.,-9.5));
#7604 = VECTOR('',#7605,1.);
#7605 = DIRECTION('',(0.,0.,1.));
#7606 = PCURVE('',#6786,#7607);
#7607 = DEFINITIONAL_REPRESENTATION('',(#7608),#7612);
#7608 = LINE('',#7609,#7610);
#7609 = CARTESIAN_POINT('',(6.28318530718,-0.));
#7610 = VECTOR('',#7611,1.);
#7611 = DIRECTION('',(0.,1.));
#7612 = ( GEOMETRIC_REPRESENTATION_CONTEXT(2) 
PARAMETRIC_REPRESENTATION_CONTEXT() REPRESENTATION_CONTEXT('2D SPACE',''
  ) );
#7613 = PCURVE('',#6786,#7614);
#7614 = DEFINITIONAL_REPRESENTATION('',(#7615),#7619);
#7615 = LINE('',#7616,#7617);
#7616 = CARTESIAN_POINT('',(0.,-0.));
#7617 = VECTOR('',#7618,1.);
#7618 = DIRECTION('',(0.,1.));
#7619 = ( GEOMETRIC_REPRESENTATION_CONTEXT(2) 
PARAMETRIC_REPRESENTATION_CONTEXT() REPRESENTATION_CONTEXT('2D SPACE',''
  ) );
#7620 = ORIENTED_EDGE('',*,*,#7621,.F.);
#7621 = EDGE_CURVE('',#7599,#7599,#7622,.T.);
#7622 = SURFACE_CURVE('',#7623,(#7628,#7635),.PCURVE_S1.);
#7623 = CIRCLE('',#7624,3.5);
#7624 = AXIS2_PLACEMENT_3D('',#7625,#7626,#7627);
#7625 = CARTESIAN_POINT('',(123.5,-147.,14.118));
#7626 = DIRECTION('',(0.,0.,1.));
#7627 = DIRECTION('',(1.,0.,-0.));
#7628 = PCURVE('',#6786,#7629);
#7629 = DEFINITIONAL_REPRESENTATION('',(#7630),#7634);
#7630 = LINE('',#7631,#7632);
#7631 = CARTESIAN_POINT('',(0.,23.618));
#7632 = VECTOR('',#7633,1.);
#7633 = DIRECTION('',(1.,0.));
#7634 = ( GEOMETRIC_REPRESENTATION_CONTEXT(2) 
PARAMETRIC_REPRESENTATION_CONTEXT() REPRESENTATION_CONTEXT('2D SPACE',''
  ) );
#7635 = PCURVE('',#7636,#7641);
#7636 = PLANE('',#7637);
#7637 = AXIS2_PLACEMENT_3D('',#7638,#7639,#7640);
#7638 = CARTESIAN_POINT('',(123.5,-147.,14.118));
#7639 = DIRECTION('',(0.,0.,1.));
#7640 = DIRECTION('',(1.,0.,-0.));
#7641 = DEFINITIONAL_REPRESENTATION('',(#7642),#7646);
#7642 = CIRCLE('',#7643,3.5);
#7643 = AXIS2_PLACEMENT_2D('',#7644,#7645);
#7644 = CARTESIAN_POINT('',(0.,0.));
#7645 = DIRECTION('',(1.,0.));
#7646 = ( GEOMETRIC_REPRESENTATION_CONTEXT(2) 
PARAMETRIC_REPRESENTATION_CONTEXT() REPRESENTATION_CONTEXT('2D SPACE',''
  ) );
#7647 = ORIENTED_EDGE('',*,*,#7598,.F.);
#7648 = ORIENTED_EDGE('',*,*,#6769,.T.);
#7649 = ADVANCED_FACE('',(#7650,#7653),#6864,.T.);
#7650 = FACE_BOUND('',#7651,.T.);
#7651 = EDGE_LOOP('',(#7652));
#7652 = ORIENTED_EDGE('',*,*,#6849,.T.);
#7653 = FACE_BOUND('',#7654,.T.);
#7654 = EDGE_LOOP('',(#7655));
#7655 = ORIENTED_EDGE('',*,*,#7656,.F.);
#7656 = EDGE_CURVE('',#7657,#7657,#7659,.T.);
#7657 = VERTEX_POINT('',#7658);
#7658 = CARTESIAN_POINT('',(116.42,-117.47,0.));
#7659 = SURFACE_CURVE('',#7660,(#7665,#7672),.PCURVE_S1.);
#7660 = CIRCLE('',#7661,0.85);
#7661 = AXIS2_PLACEMENT_3D('',#7662,#7663,#7664);
#7662 = CARTESIAN_POINT('',(115.57,-117.47,0.));
#7663 = DIRECTION('',(0.,0.,1.));
#7664 = DIRECTION('',(1.,0.,-0.));
#7665 = PCURVE('',#6864,#7666);
#7666 = DEFINITIONAL_REPRESENTATION('',(#7667),#7671);
#7667 = CIRCLE('',#7668,0.85);
#7668 = AXIS2_PLACEMENT_2D('',#7669,#7670);
#7669 = CARTESIAN_POINT('',(0.,0.));
#7670 = DIRECTION('',(1.,0.));
#7671 = ( GEOMETRIC_REPRESENTATION_CONTEXT(2) 
PARAMETRIC_REPRESENTATION_CONTEXT() REPRESENTATION_CONTEXT('2D SPACE',''
  ) );
#7672 = PCURVE('',#7673,#7678);
#7673 = CYLINDRICAL_SURFACE('',#7674,0.85);
#7674 = AXIS2_PLACEMENT_3D('',#7675,#7676,#7677);
#7675 = CARTESIAN_POINT('',(115.57,-117.47,-8.));
#7676 = DIRECTION('',(0.,0.,1.));
#7677 = DIRECTION('',(1.,0.,-0.));
#7678 = DEFINITIONAL_REPRESENTATION('',(#7679),#7683);
#7679 = LINE('',#7680,#7681);
#7680 = CARTESIAN_POINT('',(0.,8.));
#7681 = VECTOR('',#7682,1.);
#7682 = DIRECTION('',(1.,0.));
#7683 = ( GEOMETRIC_REPRESENTATION_CONTEXT(2) 
PARAMETRIC_REPRESENTATION_CONTEXT() REPRESENTATION_CONTEXT('2D SPACE',''
  ) );
#7684 = ADVANCED_FACE('',(#7685),#7333,.T.);
#7685 = FACE_BOUND('',#7686,.T.);
#7686 = EDGE_LOOP('',(#7687,#7710,#7737,#7738));
#7687 = ORIENTED_EDGE('',*,*,#7688,.T.);
#7688 = EDGE_CURVE('',#7296,#7689,#7691,.T.);
#7689 = VERTEX_POINT('',#7690);
#7690 = CARTESIAN_POINT('',(126.5,-118.,14.118));
#7691 = SEAM_CURVE('',#7692,(#7696,#7703),.PCURVE_S1.);
#7692 = LINE('',#7693,#7694);
#7693 = CARTESIAN_POINT('',(126.5,-118.,-9.5));
#7694 = VECTOR('',#7695,1.);
#7695 = DIRECTION('',(0.,0.,1.));
#7696 = PCURVE('',#7333,#7697);
#7697 = DEFINITIONAL_REPRESENTATION('',(#7698),#7702);
#7698 = LINE('',#7699,#7700);
#7699 = CARTESIAN_POINT('',(6.28318530718,-0.));
#7700 = VECTOR('',#7701,1.);
#7701 = DIRECTION('',(0.,1.));
#7702 = ( GEOMETRIC_REPRESENTATION_CONTEXT(2) 
PARAMETRIC_REPRESENTATION_CONTEXT() REPRESENTATION_CONTEXT('2D SPACE',''
  ) );
#7703 = PCURVE('',#7333,#7704);
#7704 = DEFINITIONAL_REPRESENTATION('',(#7705),#7709);
#7705 = LINE('',#7706,#7707);
#7706 = CARTESIAN_POINT('',(0.,-0.));
#7707 = VECTOR('',#7708,1.);
#7708 = DIRECTION('',(0.,1.));
#7709 = ( GEOMETRIC_REPRESENTATION_CONTEXT(2) 
PARAMETRIC_REPRESENTATION_CONTEXT() REPRESENTATION_CONTEXT('2D SPACE',''
  ) );
#7710 = ORIENTED_EDGE('',*,*,#7711,.F.);
#7711 = EDGE_CURVE('',#7689,#7689,#7712,.T.);
#7712 = SURFACE_CURVE('',#7713,(#7718,#7725),.PCURVE_S1.);
#7713 = CIRCLE('',#7714,3.5);
#7714 = AXIS2_PLACEMENT_3D('',#7715,#7716,#7717);
#7715 = CARTESIAN_POINT('',(123.,-118.,14.118));
#7716 = DIRECTION('',(0.,0.,1.));
#7717 = DIRECTION('',(1.,0.,-0.));
#7718 = PCURVE('',#7333,#7719);
#7719 = DEFINITIONAL_REPRESENTATION('',(#7720),#7724);
#7720 = LINE('',#7721,#7722);
#7721 = CARTESIAN_POINT('',(0.,23.618));
#7722 = VECTOR('',#7723,1.);
#7723 = DIRECTION('',(1.,0.));
#7724 = ( GEOMETRIC_REPRESENTATION_CONTEXT(2) 
PARAMETRIC_REPRESENTATION_CONTEXT() REPRESENTATION_CONTEXT('2D SPACE',''
  ) );
#7725 = PCURVE('',#7726,#7731);
#7726 = PLANE('',#7727);
#7727 = AXIS2_PLACEMENT_3D('',#7728,#7729,#7730);
#7728 = CARTESIAN_POINT('',(123.,-118.,14.118));
#7729 = DIRECTION('',(0.,0.,1.));
#7730 = DIRECTION('',(1.,0.,-0.));
#7731 = DEFINITIONAL_REPRESENTATION('',(#7732),#7736);
#7732 = CIRCLE('',#7733,3.5);
#7733 = AXIS2_PLACEMENT_2D('',#7734,#7735);
#7734 = CARTESIAN_POINT('',(0.,0.));
#7735 = DIRECTION('',(1.,0.));
#7736 = ( GEOMETRIC_REPRESENTATION_CONTEXT(2) 
PARAMETRIC_REPRESENTATION_CONTEXT() REPRESENTATION_CONTEXT('2D SPACE',''
  ) );
#7737 = ORIENTED_EDGE('',*,*,#7688,.F.);
#7738 = ORIENTED_EDGE('',*,*,#7318,.T.);
#7739 = ADVANCED_FACE('',(#7740),#7433,.F.);
#7740 = FACE_BOUND('',#7741,.F.);
#7741 = EDGE_LOOP('',(#7742,#7743,#7766,#7793));
#7742 = ORIENTED_EDGE('',*,*,#7416,.F.);
#7743 = ORIENTED_EDGE('',*,*,#7744,.F.);
#7744 = EDGE_CURVE('',#7745,#7417,#7747,.T.);
#7745 = VERTEX_POINT('',#7746);
#7746 = CARTESIAN_POINT('',(98.64,-185.42,-8.));
#7747 = SEAM_CURVE('',#7748,(#7752,#7759),.PCURVE_S1.);
#7748 = LINE('',#7749,#7750);
#7749 = CARTESIAN_POINT('',(98.64,-185.42,-8.));
#7750 = VECTOR('',#7751,1.);
#7751 = DIRECTION('',(0.,0.,1.));
#7752 = PCURVE('',#7433,#7753);
#7753 = DEFINITIONAL_REPRESENTATION('',(#7754),#7758);
#7754 = LINE('',#7755,#7756);
#7755 = CARTESIAN_POINT('',(6.28318530718,-0.));
#7756 = VECTOR('',#7757,1.);
#7757 = DIRECTION('',(0.,1.));
#7758 = ( GEOMETRIC_REPRESENTATION_CONTEXT(2) 
PARAMETRIC_REPRESENTATION_CONTEXT() REPRESENTATION_CONTEXT('2D SPACE',''
  ) );
#7759 = PCURVE('',#7433,#7760);
#7760 = DEFINITIONAL_REPRESENTATION('',(#7761),#7765);
#7761 = LINE('',#7762,#7763);
#7762 = CARTESIAN_POINT('',(0.,-0.));
#7763 = VECTOR('',#7764,1.);
#7764 = DIRECTION('',(0.,1.));
#7765 = ( GEOMETRIC_REPRESENTATION_CONTEXT(2) 
PARAMETRIC_REPRESENTATION_CONTEXT() REPRESENTATION_CONTEXT('2D SPACE',''
  ) );
#7766 = ORIENTED_EDGE('',*,*,#7767,.T.);
#7767 = EDGE_CURVE('',#7745,#7745,#7768,.T.);
#7768 = SURFACE_CURVE('',#7769,(#7774,#7781),.PCURVE_S1.);
#7769 = CIRCLE('',#7770,0.85);
#7770 = AXIS2_PLACEMENT_3D('',#7771,#7772,#7773);
#7771 = CARTESIAN_POINT('',(97.79,-185.42,-8.));
#7772 = DIRECTION('',(0.,0.,1.));
#7773 = DIRECTION('',(1.,0.,-0.));
#7774 = PCURVE('',#7433,#7775);
#7775 = DEFINITIONAL_REPRESENTATION('',(#7776),#7780);
#7776 = LINE('',#7777,#7778);
#7777 = CARTESIAN_POINT('',(0.,0.));
#7778 = VECTOR('',#7779,1.);
#7779 = DIRECTION('',(1.,0.));
#7780 = ( GEOMETRIC_REPRESENTATION_CONTEXT(2) 
PARAMETRIC_REPRESENTATION_CONTEXT() REPRESENTATION_CONTEXT('2D SPACE',''
  ) );
#7781 = PCURVE('',#7782,#7787);
#7782 = PLANE('',#7783);
#7783 = AXIS2_PLACEMENT_3D('',#7784,#7785,#7786);
#7784 = CARTESIAN_POINT('',(97.79,-185.42,-8.));
#7785 = DIRECTION('',(0.,0.,1.));
#7786 = DIRECTION('',(1.,0.,-0.));
#7787 = DEFINITIONAL_REPRESENTATION('',(#7788),#7792);
#7788 = CIRCLE('',#7789,0.85);
#7789 = AXIS2_PLACEMENT_2D('',#7790,#7791);
#7790 = CARTESIAN_POINT('',(0.,0.));
#7791 = DIRECTION('',(1.,0.));
#7792 = ( GEOMETRIC_REPRESENTATION_CONTEXT(2) 
PARAMETRIC_REPRESENTATION_CONTEXT() REPRESENTATION_CONTEXT('2D SPACE',''
  ) );
#7793 = ORIENTED_EDGE('',*,*,#7744,.T.);
#7794 = ADVANCED_FACE('',(#7795),#7583,.F.);
#7795 = FACE_BOUND('',#7796,.F.);
#7796 = EDGE_LOOP('',(#7797,#7798,#7821,#7848));
#7797 = ORIENTED_EDGE('',*,*,#7566,.F.);
#7798 = ORIENTED_EDGE('',*,*,#7799,.F.);
#7799 = EDGE_CURVE('',#7800,#7567,#7802,.T.);
#7800 = VERTEX_POINT('',#7801);
#7801 = CARTESIAN_POINT('',(93.56,-117.47,-8.));
#7802 = SEAM_CURVE('',#7803,(#7807,#7814),.PCURVE_S1.);
#7803 = LINE('',#7804,#7805);
#7804 = CARTESIAN_POINT('',(93.56,-117.47,-8.));
#7805 = VECTOR('',#7806,1.);
#7806 = DIRECTION('',(0.,0.,1.));
#7807 = PCURVE('',#7583,#7808);
#7808 = DEFINITIONAL_REPRESENTATION('',(#7809),#7813);
#7809 = LINE('',#7810,#7811);
#7810 = CARTESIAN_POINT('',(6.28318530718,-0.));
#7811 = VECTOR('',#7812,1.);
#7812 = DIRECTION('',(0.,1.));
#7813 = ( GEOMETRIC_REPRESENTATION_CONTEXT(2) 
PARAMETRIC_REPRESENTATION_CONTEXT() REPRESENTATION_CONTEXT('2D SPACE',''
  ) );
#7814 = PCURVE('',#7583,#7815);
#7815 = DEFINITIONAL_REPRESENTATION('',(#7816),#7820);
#7816 = LINE('',#7817,#7818);
#7817 = CARTESIAN_POINT('',(0.,-0.));
#7818 = VECTOR('',#7819,1.);
#7819 = DIRECTION('',(0.,1.));
#7820 = ( GEOMETRIC_REPRESENTATION_CONTEXT(2) 
PARAMETRIC_REPRESENTATION_CONTEXT() REPRESENTATION_CONTEXT('2D SPACE',''
  ) );
#7821 = ORIENTED_EDGE('',*,*,#7822,.T.);
#7822 = EDGE_CURVE('',#7800,#7800,#7823,.T.);
#7823 = SURFACE_CURVE('',#7824,(#7829,#7836),.PCURVE_S1.);
#7824 = CIRCLE('',#7825,0.85);
#7825 = AXIS2_PLACEMENT_3D('',#7826,#7827,#7828);
#7826 = CARTESIAN_POINT('',(92.71,-117.47,-8.));
#7827 = DIRECTION('',(0.,0.,1.));
#7828 = DIRECTION('',(1.,0.,-0.));
#7829 = PCURVE('',#7583,#7830);
#7830 = DEFINITIONAL_REPRESENTATION('',(#7831),#7835);
#7831 = LINE('',#7832,#7833);
#7832 = CARTESIAN_POINT('',(0.,0.));
#7833 = VECTOR('',#7834,1.);
#7834 = DIRECTION('',(1.,0.));
#7835 = ( GEOMETRIC_REPRESENTATION_CONTEXT(2) 
PARAMETRIC_REPRESENTATION_CONTEXT() REPRESENTATION_CONTEXT('2D SPACE',''
  ) );
#7836 = PCURVE('',#7837,#7842);
#7837 = PLANE('',#7838);
#7838 = AXIS2_PLACEMENT_3D('',#7839,#7840,#7841);
#7839 = CARTESIAN_POINT('',(92.71,-117.47,-8.));
#7840 = DIRECTION('',(0.,0.,1.));
#7841 = DIRECTION('',(1.,0.,-0.));
#7842 = DEFINITIONAL_REPRESENTATION('',(#7843),#7847);
#7843 = CIRCLE('',#7844,0.85);
#7844 = AXIS2_PLACEMENT_2D('',#7845,#7846);
#7845 = CARTESIAN_POINT('',(0.,0.));
#7846 = DIRECTION('',(1.,0.));
#7847 = ( GEOMETRIC_REPRESENTATION_CONTEXT(2) 
PARAMETRIC_REPRESENTATION_CONTEXT() REPRESENTATION_CONTEXT('2D SPACE',''
  ) );
#7848 = ORIENTED_EDGE('',*,*,#7799,.T.);
#7849 = ADVANCED_FACE('',(#7850,#7853),#7636,.T.);
#7850 = FACE_BOUND('',#7851,.T.);
#7851 = EDGE_LOOP('',(#7852));
#7852 = ORIENTED_EDGE('',*,*,#7621,.T.);
#7853 = FACE_BOUND('',#7854,.T.);
#7854 = EDGE_LOOP('',(#7855));
#7855 = ORIENTED_EDGE('',*,*,#7856,.F.);
#7856 = EDGE_CURVE('',#7857,#7857,#7859,.T.);
#7857 = VERTEX_POINT('',#7858);
#7858 = CARTESIAN_POINT('',(124.75,-147.,14.118));
#7859 = SURFACE_CURVE('',#7860,(#7865,#7872),.PCURVE_S1.);
#7860 = CIRCLE('',#7861,1.25);
#7861 = AXIS2_PLACEMENT_3D('',#7862,#7863,#7864);
#7862 = CARTESIAN_POINT('',(123.5,-147.,14.118));
#7863 = DIRECTION('',(0.,0.,1.));
#7864 = DIRECTION('',(1.,0.,-0.));
#7865 = PCURVE('',#7636,#7866);
#7866 = DEFINITIONAL_REPRESENTATION('',(#7867),#7871);
#7867 = CIRCLE('',#7868,1.25);
#7868 = AXIS2_PLACEMENT_2D('',#7869,#7870);
#7869 = CARTESIAN_POINT('',(0.,0.));
#7870 = DIRECTION('',(1.,0.));
#7871 = ( GEOMETRIC_REPRESENTATION_CONTEXT(2) 
PARAMETRIC_REPRESENTATION_CONTEXT() REPRESENTATION_CONTEXT('2D SPACE',''
  ) );
#7872 = PCURVE('',#7873,#7878);
#7873 = CYLINDRICAL_SURFACE('',#7874,1.25);
#7874 = AXIS2_PLACEMENT_3D('',#7875,#7876,#7877);
#7875 = CARTESIAN_POINT('',(123.5,-147.,3.118));
#7876 = DIRECTION('',(0.,0.,1.));
#7877 = DIRECTION('',(1.,0.,-0.));
#7878 = DEFINITIONAL_REPRESENTATION('',(#7879),#7883);
#7879 = LINE('',#7880,#7881);
#7880 = CARTESIAN_POINT('',(0.,11.));
#7881 = VECTOR('',#7882,1.);
#7882 = DIRECTION('',(1.,0.));
#7883 = ( GEOMETRIC_REPRESENTATION_CONTEXT(2) 
PARAMETRIC_REPRESENTATION_CONTEXT() REPRESENTATION_CONTEXT('2D SPACE',''
  ) );
#7884 = ADVANCED_FACE('',(#7885),#7673,.F.);
#7885 = FACE_BOUND('',#7886,.F.);
#7886 = EDGE_LOOP('',(#7887,#7888,#7911,#7938));
#7887 = ORIENTED_EDGE('',*,*,#7656,.F.);
#7888 = ORIENTED_EDGE('',*,*,#7889,.F.);
#7889 = EDGE_CURVE('',#7890,#7657,#7892,.T.);
#7890 = VERTEX_POINT('',#7891);
#7891 = CARTESIAN_POINT('',(116.42,-117.47,-8.));
#7892 = SEAM_CURVE('',#7893,(#7897,#7904),.PCURVE_S1.);
#7893 = LINE('',#7894,#7895);
#7894 = CARTESIAN_POINT('',(116.42,-117.47,-8.));
#7895 = VECTOR('',#7896,1.);
#7896 = DIRECTION('',(0.,0.,1.));
#7897 = PCURVE('',#7673,#7898);
#7898 = DEFINITIONAL_REPRESENTATION('',(#7899),#7903);
#7899 = LINE('',#7900,#7901);
#7900 = CARTESIAN_POINT('',(6.28318530718,-0.));
#7901 = VECTOR('',#7902,1.);
#7902 = DIRECTION('',(0.,1.));
#7903 = ( GEOMETRIC_REPRESENTATION_CONTEXT(2) 
PARAMETRIC_REPRESENTATION_CONTEXT() REPRESENTATION_CONTEXT('2D SPACE',''
  ) );
#7904 = PCURVE('',#7673,#7905);
#7905 = DEFINITIONAL_REPRESENTATION('',(#7906),#7910);
#7906 = LINE('',#7907,#7908);
#7907 = CARTESIAN_POINT('',(0.,-0.));
#7908 = VECTOR('',#7909,1.);
#7909 = DIRECTION('',(0.,1.));
#7910 = ( GEOMETRIC_REPRESENTATION_CONTEXT(2) 
PARAMETRIC_REPRESENTATION_CONTEXT() REPRESENTATION_CONTEXT('2D SPACE',''
  ) );
#7911 = ORIENTED_EDGE('',*,*,#7912,.T.);
#7912 = EDGE_CURVE('',#7890,#7890,#7913,.T.);
#7913 = SURFACE_CURVE('',#7914,(#7919,#7926),.PCURVE_S1.);
#7914 = CIRCLE('',#7915,0.85);
#7915 = AXIS2_PLACEMENT_3D('',#7916,#7917,#7918);
#7916 = CARTESIAN_POINT('',(115.57,-117.47,-8.));
#7917 = DIRECTION('',(0.,0.,1.));
#7918 = DIRECTION('',(1.,0.,-0.));
#7919 = PCURVE('',#7673,#7920);
#7920 = DEFINITIONAL_REPRESENTATION('',(#7921),#7925);
#7921 = LINE('',#7922,#7923);
#7922 = CARTESIAN_POINT('',(0.,0.));
#7923 = VECTOR('',#7924,1.);
#7924 = DIRECTION('',(1.,0.));
#7925 = ( GEOMETRIC_REPRESENTATION_CONTEXT(2) 
PARAMETRIC_REPRESENTATION_CONTEXT() REPRESENTATION_CONTEXT('2D SPACE',''
  ) );
#7926 = PCURVE('',#7927,#7932);
#7927 = PLANE('',#7928);
#7928 = AXIS2_PLACEMENT_3D('',#7929,#7930,#7931);
#7929 = CARTESIAN_POINT('',(115.57,-117.47,-8.));
#7930 = DIRECTION('',(0.,0.,1.));
#7931 = DIRECTION('',(1.,0.,-0.));
#7932 = DEFINITIONAL_REPRESENTATION('',(#7933),#7937);
#7933 = CIRCLE('',#7934,0.85);
#7934 = AXIS2_PLACEMENT_2D('',#7935,#7936);
#7935 = CARTESIAN_POINT('',(0.,0.));
#7936 = DIRECTION('',(1.,0.));
#7937 = ( GEOMETRIC_REPRESENTATION_CONTEXT(2) 
PARAMETRIC_REPRESENTATION_CONTEXT() REPRESENTATION_CONTEXT('2D SPACE',''
  ) );
#7938 = ORIENTED_EDGE('',*,*,#7889,.T.);
#7939 = ADVANCED_FACE('',(#7940,#7943),#7726,.T.);
#7940 = FACE_BOUND('',#7941,.T.);
#7941 = EDGE_LOOP('',(#7942));
#7942 = ORIENTED_EDGE('',*,*,#7711,.T.);
#7943 = FACE_BOUND('',#7944,.T.);
#7944 = EDGE_LOOP('',(#7945));
#7945 = ORIENTED_EDGE('',*,*,#7946,.F.);
#7946 = EDGE_CURVE('',#7947,#7947,#7949,.T.);
#7947 = VERTEX_POINT('',#7948);
#7948 = CARTESIAN_POINT('',(124.25,-118.,14.118));
#7949 = SURFACE_CURVE('',#7950,(#7955,#7962),.PCURVE_S1.);
#7950 = CIRCLE('',#7951,1.25);
#7951 = AXIS2_PLACEMENT_3D('',#7952,#7953,#7954);
#7952 = CARTESIAN_POINT('',(123.,-118.,14.118));
#7953 = DIRECTION('',(0.,0.,1.));
#7954 = DIRECTION('',(1.,0.,-0.));
#7955 = PCURVE('',#7726,#7956);
#7956 = DEFINITIONAL_REPRESENTATION('',(#7957),#7961);
#7957 = CIRCLE('',#7958,1.25);
#7958 = AXIS2_PLACEMENT_2D('',#7959,#7960);
#7959 = CARTESIAN_POINT('',(0.,0.));
#7960 = DIRECTION('',(1.,0.));
#7961 = ( GEOMETRIC_REPRESENTATION_CONTEXT(2) 
PARAMETRIC_REPRESENTATION_CONTEXT() REPRESENTATION_CONTEXT('2D SPACE',''
  ) );
#7962 = PCURVE('',#7963,#7968);
#7963 = CYLINDRICAL_SURFACE('',#7964,1.25);
#7964 = AXIS2_PLACEMENT_3D('',#7965,#7966,#7967);
#7965 = CARTESIAN_POINT('',(123.,-118.,3.118));
#7966 = DIRECTION('',(0.,0.,1.));
#7967 = DIRECTION('',(1.,0.,-0.));
#7968 = DEFINITIONAL_REPRESENTATION('',(#7969),#7973);
#7969 = LINE('',#7970,#7971);
#7970 = CARTESIAN_POINT('',(0.,11.));
#7971 = VECTOR('',#7972,1.);
#7972 = DIRECTION('',(1.,0.));
#7973 = ( GEOMETRIC_REPRESENTATION_CONTEXT(2) 
PARAMETRIC_REPRESENTATION_CONTEXT() REPRESENTATION_CONTEXT('2D SPACE',''
  ) );
#7974 = ADVANCED_FACE('',(#7975),#7782,.T.);
#7975 = FACE_BOUND('',#7976,.F.);
#7976 = EDGE_LOOP('',(#7977));
#7977 = ORIENTED_EDGE('',*,*,#7767,.F.);
#7978 = ADVANCED_FACE('',(#7979),#7837,.T.);
#7979 = FACE_BOUND('',#7980,.F.);
#7980 = EDGE_LOOP('',(#7981));
#7981 = ORIENTED_EDGE('',*,*,#7822,.F.);
#7982 = ADVANCED_FACE('',(#7983),#7873,.F.);
#7983 = FACE_BOUND('',#7984,.F.);
#7984 = EDGE_LOOP('',(#7985,#7986,#8009,#8036));
#7985 = ORIENTED_EDGE('',*,*,#7856,.F.);
#7986 = ORIENTED_EDGE('',*,*,#7987,.F.);
#7987 = EDGE_CURVE('',#7988,#7857,#7990,.T.);
#7988 = VERTEX_POINT('',#7989);
#7989 = CARTESIAN_POINT('',(124.75,-147.,3.118));
#7990 = SEAM_CURVE('',#7991,(#7995,#8002),.PCURVE_S1.);
#7991 = LINE('',#7992,#7993);
#7992 = CARTESIAN_POINT('',(124.75,-147.,3.118));
#7993 = VECTOR('',#7994,1.);
#7994 = DIRECTION('',(0.,0.,1.));
#7995 = PCURVE('',#7873,#7996);
#7996 = DEFINITIONAL_REPRESENTATION('',(#7997),#8001);
#7997 = LINE('',#7998,#7999);
#7998 = CARTESIAN_POINT('',(6.28318530718,-0.));
#7999 = VECTOR('',#8000,1.);
#8000 = DIRECTION('',(0.,1.));
#8001 = ( GEOMETRIC_REPRESENTATION_CONTEXT(2) 
PARAMETRIC_REPRESENTATION_CONTEXT() REPRESENTATION_CONTEXT('2D SPACE',''
  ) );
#8002 = PCURVE('',#7873,#8003);
#8003 = DEFINITIONAL_REPRESENTATION('',(#8004),#8008);
#8004 = LINE('',#8005,#8006);
#8005 = CARTESIAN_POINT('',(0.,-0.));
#8006 = VECTOR('',#8007,1.);
#8007 = DIRECTION('',(0.,1.));
#8008 = ( GEOMETRIC_REPRESENTATION_CONTEXT(2) 
PARAMETRIC_REPRESENTATION_CONTEXT() REPRESENTATION_CONTEXT('2D SPACE',''
  ) );
#8009 = ORIENTED_EDGE('',*,*,#8010,.T.);
#8010 = EDGE_CURVE('',#7988,#7988,#8011,.T.);
#8011 = SURFACE_CURVE('',#8012,(#8017,#8024),.PCURVE_S1.);
#8012 = CIRCLE('',#8013,1.25);
#8013 = AXIS2_PLACEMENT_3D('',#8014,#8015,#8016);
#8014 = CARTESIAN_POINT('',(123.5,-147.,3.118));
#8015 = DIRECTION('',(0.,0.,1.));
#8016 = DIRECTION('',(1.,0.,-0.));
#8017 = PCURVE('',#7873,#8018);
#8018 = DEFINITIONAL_REPRESENTATION('',(#8019),#8023);
#8019 = LINE('',#8020,#8021);
#8020 = CARTESIAN_POINT('',(0.,0.));
#8021 = VECTOR('',#8022,1.);
#8022 = DIRECTION('',(1.,0.));
#8023 = ( GEOMETRIC_REPRESENTATION_CONTEXT(2) 
PARAMETRIC_REPRESENTATION_CONTEXT() REPRESENTATION_CONTEXT('2D SPACE',''
  ) );
#8024 = PCURVE('',#8025,#8030);
#8025 = PLANE('',#8026);
#8026 = AXIS2_PLACEMENT_3D('',#8027,#8028,#8029);
#8027 = CARTESIAN_POINT('',(123.5,-147.,3.118));
#8028 = DIRECTION('',(0.,0.,1.));
#8029 = DIRECTION('',(1.,0.,-0.));
#8030 = DEFINITIONAL_REPRESENTATION('',(#8031),#8035);
#8031 = CIRCLE('',#8032,1.25);
#8032 = AXIS2_PLACEMENT_2D('',#8033,#8034);
#8033 = CARTESIAN_POINT('',(0.,0.));
#8034 = DIRECTION('',(1.,0.));
#8035 = ( GEOMETRIC_REPRESENTATION_CONTEXT(2) 
PARAMETRIC_REPRESENTATION_CONTEXT() REPRESENTATION_CONTEXT('2D SPACE',''
  ) );
#8036 = ORIENTED_EDGE('',*,*,#7987,.T.);
#8037 = ADVANCED_FACE('',(#8038),#7927,.T.);
#8038 = FACE_BOUND('',#8039,.F.);
#8039 = EDGE_LOOP('',(#8040));
#8040 = ORIENTED_EDGE('',*,*,#7912,.F.);
#8041 = ADVANCED_FACE('',(#8042),#7963,.F.);
#8042 = FACE_BOUND('',#8043,.F.);
#8043 = EDGE_LOOP('',(#8044,#8045,#8068,#8095));
#8044 = ORIENTED_EDGE('',*,*,#7946,.F.);
#8045 = ORIENTED_EDGE('',*,*,#8046,.F.);
#8046 = EDGE_CURVE('',#8047,#7947,#8049,.T.);
#8047 = VERTEX_POINT('',#8048);
#8048 = CARTESIAN_POINT('',(124.25,-118.,3.118));
#8049 = SEAM_CURVE('',#8050,(#8054,#8061),.PCURVE_S1.);
#8050 = LINE('',#8051,#8052);
#8051 = CARTESIAN_POINT('',(124.25,-118.,3.118));
#8052 = VECTOR('',#8053,1.);
#8053 = DIRECTION('',(0.,0.,1.));
#8054 = PCURVE('',#7963,#8055);
#8055 = DEFINITIONAL_REPRESENTATION('',(#8056),#8060);
#8056 = LINE('',#8057,#8058);
#8057 = CARTESIAN_POINT('',(6.28318530718,-0.));
#8058 = VECTOR('',#8059,1.);
#8059 = DIRECTION('',(0.,1.));
#8060 = ( GEOMETRIC_REPRESENTATION_CONTEXT(2) 
PARAMETRIC_REPRESENTATION_CONTEXT() REPRESENTATION_CONTEXT('2D SPACE',''
  ) );
#8061 = PCURVE('',#7963,#8062);
#8062 = DEFINITIONAL_REPRESENTATION('',(#8063),#8067);
#8063 = LINE('',#8064,#8065);
#8064 = CARTESIAN_POINT('',(0.,-0.));
#8065 = VECTOR('',#8066,1.);
#8066 = DIRECTION('',(0.,1.));
#8067 = ( GEOMETRIC_REPRESENTATION_CONTEXT(2) 
PARAMETRIC_REPRESENTATION_CONTEXT() REPRESENTATION_CONTEXT('2D SPACE',''
  ) );
#8068 = ORIENTED_EDGE('',*,*,#8069,.T.);
#8069 = EDGE_CURVE('',#8047,#8047,#8070,.T.);
#8070 = SURFACE_CURVE('',#8071,(#8076,#8083),.PCURVE_S1.);
#8071 = CIRCLE('',#8072,1.25);
#8072 = AXIS2_PLACEMENT_3D('',#8073,#8074,#8075);
#8073 = CARTESIAN_POINT('',(123.,-118.,3.118));
#8074 = DIRECTION('',(0.,0.,1.));
#8075 = DIRECTION('',(1.,0.,-0.));
#8076 = PCURVE('',#7963,#8077);
#8077 = DEFINITIONAL_REPRESENTATION('',(#8078),#8082);
#8078 = LINE('',#8079,#8080);
#8079 = CARTESIAN_POINT('',(0.,0.));
#8080 = VECTOR('',#8081,1.);
#8081 = DIRECTION('',(1.,0.));
#8082 = ( GEOMETRIC_REPRESENTATION_CONTEXT(2) 
PARAMETRIC_REPRESENTATION_CONTEXT() REPRESENTATION_CONTEXT('2D SPACE',''
  ) );
#8083 = PCURVE('',#8084,#8089);
#8084 = PLANE('',#8085);
#8085 = AXIS2_PLACEMENT_3D('',#8086,#8087,#8088);
#8086 = CARTESIAN_POINT('',(123.,-118.,3.118));
#8087 = DIRECTION('',(0.,0.,1.));
#8088 = DIRECTION('',(1.,0.,-0.));
#8089 = DEFINITIONAL_REPRESENTATION('',(#8090),#8094);
#8090 = CIRCLE('',#8091,1.25);
#8091 = AXIS2_PLACEMENT_2D('',#8092,#8093);
#8092 = CARTESIAN_POINT('',(0.,0.));
#8093 = DIRECTION('',(1.,0.));
#8094 = ( GEOMETRIC_REPRESENTATION_CONTEXT(2) 
PARAMETRIC_REPRESENTATION_CONTEXT() REPRESENTATION_CONTEXT('2D SPACE',''
  ) );
#8095 = ORIENTED_EDGE('',*,*,#8046,.T.);
#8096 = ADVANCED_FACE('',(#8097),#8025,.T.);
#8097 = FACE_BOUND('',#8098,.F.);
#8098 = EDGE_LOOP('',(#8099));
#8099 = ORIENTED_EDGE('',*,*,#8010,.F.);
#8100 = ADVANCED_FACE('',(#8101),#8084,.T.);
#8101 = FACE_BOUND('',#8102,.F.);
#8102 = EDGE_LOOP('',(#8103));
#8103 = ORIENTED_EDGE('',*,*,#8069,.F.);
#8104 = ( GEOMETRIC_REPRESENTATION_CONTEXT(3) 
GLOBAL_UNCERTAINTY_ASSIGNED_CONTEXT((#8108)) 
GLOBAL_UNIT_ASSIGNED_CONTEXT((#8105,#8106,#8107)) REPRESENTATION_CONTEXT
('Context #1','3D Context with UNIT and UNCERTAINTY') );
#8105 = ( LENGTH_UNIT() NAMED_UNIT(*) SI_UNIT(.MILLI.,.METRE.) );
#8106 = ( NAMED_UNIT(*) PLANE_ANGLE_UNIT() SI_UNIT($,.RADIAN.) );
#8107 = ( NAMED_UNIT(*) SI_UNIT($,.STERADIAN.) SOLID_ANGLE_UNIT() );
#8108 = UNCERTAINTY_MEASURE_WITH_UNIT(LENGTH_MEASURE(1.E-07),#8105,
  'distance_accuracy_value','confusion accuracy');
#8109 = PRODUCT_RELATED_PRODUCT_CATEGORY('part',$,(#7));
ENDSEC;
END-ISO-10303-21;
